ICS_ID,ORG_Entity
00153fbd-82f7-48c4-b5bd-e830bc390244,Med
00153fbd-82f7-48c4-b5bd-e830bc390244,We
00153fbd-82f7-48c4-b5bd-e830bc390244,ry
00153fbd-82f7-48c4-b5bd-e830bc390244,NATURE
00153fbd-82f7-48c4-b5bd-e830bc390244,Ze
00153fbd-82f7-48c4-b5bd-e830bc390244,Katedr
002768f1-8b96-4e0f-bcc8-192eb0594e60,Zakładu Biologii i Ekologii Ptaków UAM
002768f1-8b96-4e0f-bcc8-192eb0594e60,„Grupa EkoLogiczna”
00901439-d91a-48e0-903a-26a4253c3a0c,Inter
00a8ec3d-d9ed-4754-8ec0-0e1835125d89,Ministerstwa Gospodarki Morskiej i Żeglugi Śródlądowej
00a8ec3d-d9ed-4754-8ec0-0e1835125d89,Ministrów
00a8ec3d-d9ed-4754-8ec0-0e1835125d89,GN
00a8ec3d-d9ed-4754-8ec0-0e1835125d89,Ministerstwem właściw
00a8ec3d-d9ed-4754-8ec0-0e1835125d89,śródląd
00be555b-d946-4277-9aa3-974fbdf4a04b,Maxa
00be555b-d946-4277-9aa3-974fbdf4a04b,"Izba Gospodarcza ""FARMACJA POLSKA"
00be555b-d946-4277-9aa3-974fbdf4a04b,Związek Pracodawców Innowacyjnych Firm Farmaceutycznych
00be555b-d946-4277-9aa3-974fbdf4a04b,INFARMA
0115f663-3b9a-4ff0-a84c-b0ceffb894d7,Ł
0115f663-3b9a-4ff0-a84c-b0ceffb894d7,omżyńskiego Towarzystwa Naukowego
0115f663-3b9a-4ff0-a84c-b0ceffb894d7,Fundacji Kresy-Syberia
0115f663-3b9a-4ff0-a84c-b0ceffb894d7,Biuletynu Historii Pogranicza
0115f663-3b9a-4ff0-a84c-b0ceffb894d7,„
0115f663-3b9a-4ff0-a84c-b0ceffb894d7,Sybir
0115f663-3b9a-4ff0-a84c-b0ceffb894d7,„Zesłaniec
013eaa60-61d9-43d1-ba1c-8152276361f6,In
013eaa60-61d9-43d1-ba1c-8152276361f6,stytucie Medycyny Weterynaryjnej UMK
014e7d4e-524b-4ed6-9bbf-37a69ac17746,Dz.U
014e7d4e-524b-4ed6-9bbf-37a69ac17746,5 Wileńskiej Brygady
014e7d4e-524b-4ed6-9bbf-37a69ac17746,Ł
014e7d4e-524b-4ed6-9bbf-37a69ac17746,Muzeum II
0150c37c-4b67-4a47-8e28-048cbe837e67,u Nauk Ogrodniczych
0150c37c-4b67-4a47-8e28-048cbe837e67,In
0150c37c-4b67-4a47-8e28-048cbe837e67,sty
0150c37c-4b67-4a47-8e28-048cbe837e67,tut Ogrodnictwa w
0150c37c-4b67-4a47-8e28-048cbe837e67,erniewic
0150c37c-4b67-4a47-8e28-048cbe837e67,En
0150c37c-4b67-4a47-8e28-048cbe837e67,za Żaden Poland Sp. z.o.o.
0150c37c-4b67-4a47-8e28-048cbe837e67,G
0150c37c-4b67-4a47-8e28-048cbe837e67,rupa Producencka VegaPOL
0150c37c-4b67-4a47-8e28-048cbe837e67,G.O. Budyta
0150c37c-4b67-4a47-8e28-048cbe837e67,G.O. Kociszewski
0150c37c-4b67-4a47-8e28-048cbe837e67,Citronex
0150c37c-4b67-4a47-8e28-048cbe837e67,G.O.Łotwa
0150c37c-4b67-4a47-8e28-048cbe837e67,G.O. Kazach
0188586e-eb3c-4959-aade-cf1a5602786f,Remondis sp. z o.o
0188586e-eb3c-4959-aade-cf1a5602786f,Manufaktury
0188586e-eb3c-4959-aade-cf1a5602786f,kk-group
0188586e-eb3c-4959-aade-cf1a5602786f,Cyfry +
0188586e-eb3c-4959-aade-cf1a5602786f,Plebiscy
0188586e-eb3c-4959-aade-cf1a5602786f,Organizacji Pozarządowych
01fb40a7-674a-44a7-8e0d-06324491ff6c,PZ
01fb40a7-674a-44a7-8e0d-06324491ff6c,Centralnej Kapituły
01fb40a7-674a-44a7-8e0d-06324491ff6c,Zespół ds. Promocji Zdrowia w Szkole
02296ce6-c6f7-48cf-9179-68a865c9db2d,Biuletyn Polonistyczny
02296ce6-c6f7-48cf-9179-68a865c9db2d,In
02296ce6-c6f7-48cf-9179-68a865c9db2d,OpenEdition
02296ce6-c6f7-48cf-9179-68a865c9db2d,CIN
02b3f0f1-1f26-416a-bf34-b23da0637c74,Dbam o Mój Z@sięg
02c005d3-2291-4cea-bfd5-f5cf9e555d98,polskieradio
02c005d3-2291-4cea-bfd5-f5cf9e555d98,Order
02ccc353-72f3-4e48-b9a1-a7688835d32b,Zespołu Pedagogiki Me-dialnej
02ccc353-72f3-4e48-b9a1-a7688835d32b,KNP PAN
02ccc353-72f3-4e48-b9a1-a7688835d32b,TechTrends
030911a4-6da1-418c-9abd-875109a804e4,interia.pl
030911a4-6da1-418c-9abd-875109a804e4,gość.pl
030911a4-6da1-418c-9abd-875109a804e4,natemat.pl
030911a4-6da1-418c-9abd-875109a804e4,niedziela.pl
030911a4-6da1-418c-9abd-875109a804e4,Państwowego Uniwersytetu
030911a4-6da1-418c-9abd-875109a804e4,Ży
031c7df7-f84a-4322-bccf-eb23191e5d13,Scientific-Practical Museum-Laboratory
031c7df7-f84a-4322-bccf-eb23191e5d13,Khoja Akhmet Yassawi International Kazakh-Turkish University
0333ac8f-0dec-4502-b723-bb2ebd27e77f,Ann Transpl
0333ac8f-0dec-4502-b723-bb2ebd27e77f,European Association for the Study of the Liver
0333ac8f-0dec-4502-b723-bb2ebd27e77f,World J
0333ac8f-0dec-4502-b723-bb2ebd27e77f,Ann Surg Onc
0333ac8f-0dec-4502-b723-bb2ebd27e77f,Ann Surg
0333ac8f-0dec-4502-b723-bb2ebd27e77f,Sci Rep
033c8a5e-2fc4-43c2-9035-1804f21e9cc1,P5
033c8a5e-2fc4-43c2-9035-1804f21e9cc1,Si
033c8a5e-2fc4-43c2-9035-1804f21e9cc1,ł Zbrojnych RP
033c8a5e-2fc4-43c2-9035-1804f21e9cc1,resortu obrony narodowej
037866ed-21b4-458f-b658-01cd38331324,Oddział Polskiego Towarzystwa Historycznego
037866ed-21b4-458f-b658-01cd38331324,Wydział Historyczny
037866ed-21b4-458f-b658-01cd38331324,Wydawnictwa
03821e3d-73e7-41d3-a2b0-7cf96b6a1236,Journal of Glaciology
03821e3d-73e7-41d3-a2b0-7cf96b6a1236,World Meteorological Organization
03821e3d-73e7-41d3-a2b0-7cf96b6a1236,U.S. Global Change Research Program
03821e3d-73e7-41d3-a2b0-7cf96b6a1236,C
03821e3d-73e7-41d3-a2b0-7cf96b6a1236,European Environment Agency
03821e3d-73e7-41d3-a2b0-7cf96b6a1236,D
03821e3d-73e7-41d3-a2b0-7cf96b6a1236,United Nations
03821e3d-73e7-41d3-a2b0-7cf96b6a1236,UNF
03c05ae8-25f0-4b27-ae9e-8f7e203246a8,Uniwersytetem Alberta Ludwika
03c05ae8-25f0-4b27-ae9e-8f7e203246a8,uni
03c05ae8-25f0-4b27-ae9e-8f7e203246a8,S
03c05ae8-25f0-4b27-ae9e-8f7e203246a8,zkołę
03db09ca-7713-4417-8a39-8cdcdd4b0b2e,U
041ae256-acbc-40f6-a067-cecfa8dd68f4,Nauk
041ae256-acbc-40f6-a067-cecfa8dd68f4,Technologi
042d49da-c94a-45fa-a76e-34f1b5133e53,Akademia Morska
044f160a-e4a0-46e0-88c6-02cc0859ee0d,Zespo
044f160a-e4a0-46e0-88c6-02cc0859ee0d,łu naukowego PWr
044f160a-e4a0-46e0-88c6-02cc0859ee0d,ACCREA Bartłomiej Stanczyk
044f160a-e4a0-46e0-88c6-02cc0859ee0d,YouTube
04a35915-91e4-499b-8e37-c53ce6948919,RADWAR SA.
04a35915-91e4-499b-8e37-c53ce6948919,F
04a35915-91e4-499b-8e37-c53ce6948919,RONTEX
04a6d3cb-93f0-4535-b923-4515cb01d780,S
04a6d3cb-93f0-4535-b923-4515cb01d780,YSMEL
04a6d3cb-93f0-4535-b923-4515cb01d780,+
04e099a7-5c21-4129-a623-091886cc113d,Uniwersytecie Witolda Wielkiego
04e099a7-5c21-4129-a623-091886cc113d,Uniwersytecie
04e099a7-5c21-4129-a623-091886cc113d,Uniwersytetu Humanistyczno-Przyrodniczego im.
04e099a7-5c21-4129-a623-091886cc113d,Długos
04f6836e-0f80-48d3-b64d-37bd4949ffa3,owi
04f6836e-0f80-48d3-b64d-37bd4949ffa3,zor
04f6836e-0f80-48d3-b64d-37bd4949ffa3,Badawczy
04f6836e-0f80-48d3-b64d-37bd4949ffa3,Centralne Laboratorium Ochrony Radi
05348605-ac86-4f33-b7c2-c2a1c32217de,Europejskiej
05412fa3-afb4-4791-b227-cb8dcc762465,Film
05412fa3-afb4-4791-b227-cb8dcc762465,Łódź Film School
05412fa3-afb4-4791-b227-cb8dcc762465,.
05412fa3-afb4-4791-b227-cb8dcc762465,łódzkiej Szkoły Filmowej
054916cc-5ec3-482c-8bde-0b61ccbac164,RICA
0578fef8-5270-4ddb-b2bc-55df038dc5f7,Zakładach Górniczych KGHM Polska Miedź S.A
05889807-e21b-4efe-8ec1-ba1ee3c79fe6,Międzynarodowej grupy badawcze
05889807-e21b-4efe-8ec1-ba1ee3c79fe6,KrioSystem - Polska
05cfce2d-3eb8-4f5b-a50d-1403186f06b0,iDN
05cfce2d-3eb8-4f5b-a50d-1403186f06b0,Radzie Progr.
05cfce2d-3eb8-4f5b-a50d-1403186f06b0,Kraj. Izba Producentów Audiowiz.
05cfce2d-3eb8-4f5b-a50d-1403186f06b0,Radzie Naukowej Międzynar. Game Industry Conference
05cfce2d-3eb8-4f5b-a50d-1403186f06b0,Min. Rozwoju
05cfce2d-3eb8-4f5b-a50d-1403186f06b0,Min. Edukacji
05de10ff-f49a-4ae9-a488-855f9273d25c,Rinnovamento nello Spirito Santo
05de10ff-f49a-4ae9-a488-855f9273d25c,Nie
05de10ff-f49a-4ae9-a488-855f9273d25c,Galilea
05de10ff-f49a-4ae9-a488-855f9273d25c,Don Bosco
05de10ff-f49a-4ae9-a488-855f9273d25c,Brac
05de10ff-f49a-4ae9-a488-855f9273d25c,Słowa Bożego
05de10ff-f49a-4ae9-a488-855f9273d25c,Ży
05de10ff-f49a-4ae9-a488-855f9273d25c,ekai.
05de10ff-f49a-4ae9-a488-855f9273d25c,Pastores
05de10ff-f49a-4ae9-a488-855f9273d25c,Now
05de10ff-f49a-4ae9-a488-855f9273d25c,G
05fb8709-b7e6-4284-b643-b13a2bfe05ee,Lokalna Grupa Działania „Gościnna Wielkopolska
060e8bd4-6836-4d44-9c0d-cd0a5f74b8d7,Głównemu Inspektoratowi Ochrony Środowiska
060ee746-fc27-4dac-84dd-0e4205a18009,Forbes Women
06797c1d-c9ea-4ff5-80a9-7916ed32107f,CN
06797c1d-c9ea-4ff5-80a9-7916ed32107f,N
06dd3147-2192-4790-b498-0cada5683ef4,J
06dd3147-2192-4790-b498-0cada5683ef4,CR
06e27eda-694f-4b93-9365-a6edcc7eac1d,Mate
06e27eda-694f-4b93-9365-a6edcc7eac1d,tyka w Szkole
06e4cdef-1817-478a-b300-50c4c3e00b45,Szpitalem Specjalistycznym
06ecbbeb-a9a6-405f-94b3-a6fb0c9f7bc6,Gospodarki Mieszkaniowej TBS
06ecbbeb-a9a6-405f-94b3-a6fb0c9f7bc6,ch
06ecbbeb-a9a6-405f-94b3-a6fb0c9f7bc6,sp. z o.o.
06ecbbeb-a9a6-405f-94b3-a6fb0c9f7bc6,Miejski
06ecbbeb-a9a6-405f-94b3-a6fb0c9f7bc6,m Ośrodkiem Pomocy Społecznej
06ecbbeb-a9a6-405f-94b3-a6fb0c9f7bc6,Funda
06ecbbeb-a9a6-405f-94b3-a6fb0c9f7bc6,dla Rozwoju
06ecbbeb-a9a6-405f-94b3-a6fb0c9f7bc6,J
06ecbbeb-a9a6-405f-94b3-a6fb0c9f7bc6,Minister
06ecbbeb-a9a6-405f-94b3-a6fb0c9f7bc6,st
06ecbbeb-a9a6-405f-94b3-a6fb0c9f7bc6,wu Edukacji i Kultury
06ecbbeb-a9a6-405f-94b3-a6fb0c9f7bc6,Education & Information Technology Centre
06ecbbeb-a9a6-405f-94b3-a6fb0c9f7bc6,Nikosia
06ecbbeb-a9a6-405f-94b3-a6fb0c9f7bc6,Starostwo Powiatowe w Przysus
07057f07-89f3-442c-9c1a-c0b8758b516e,Wy
07057f07-89f3-442c-9c1a-c0b8758b516e,dziale Zarządzania i Modelowania Komputerowego
07057f07-89f3-442c-9c1a-c0b8758b516e,Inżynierii produkcji
074dbb57-9820-44b5-9c41-79ce7080f05e,Zakład Gospodarki Komunalnej
07574562-5d88-4aa3-8db3-705f01b8d3fb,Sa
07574562-5d88-4aa3-8db3-705f01b8d3fb,pienza
07574562-5d88-4aa3-8db3-705f01b8d3fb,Akademia Teatralna w
07574562-5d88-4aa3-8db3-705f01b8d3fb,Teatrze The Globe
079cb2c5-85e8-48b6-a823-bb99e1ca925c,Seidel-Przywecki
079cb2c5-85e8-48b6-a823-bb99e1ca925c,AQUA PARTNER s.c
079cb2c5-85e8-48b6-a823-bb99e1ca925c,Oczyszczalni Ścieków WARTA SA.
08276264-cec6-411f-858e-e362c3b7a901,Pary Prezydenckiej RP
08276264-cec6-411f-858e-e362c3b7a901,Muzeum Narodowego w
084e1ea3-81f9-4bf1-a35c-b995856a6292,OptiNav sp. z o.o
089d3760-fa2c-454d-8026-fac1384aa98f,dx
089d3760-fa2c-454d-8026-fac1384aa98f,sensdx
089d3760-fa2c-454d-8026-fac1384aa98f,eu
08a3e25a-22a0-479e-9705-97baed9dbf3f,Zespołów Roboczych KE
08a3e25a-22a0-479e-9705-97baed9dbf3f,Pa
08a3e25a-22a0-479e-9705-97baed9dbf3f,ń
08a3e25a-22a0-479e-9705-97baed9dbf3f,stwowa Inspekcja Sanitarna
08b381a0-b432-46b4-81fb-c87e3cc65850,cra
08b381a0-b432-46b4-81fb-c87e3cc65850,pl
08b381a0-b432-46b4-81fb-c87e3cc65850,D
08b381a0-b432-46b4-81fb-c87e3cc65850,amovo
08b381a0-b432-46b4-81fb-c87e3cc65850,pelcra.pl
08f0dcc0-8c8b-4969-b498-6b10709a5f72,Bi
08f0dcc0-8c8b-4969-b498-6b10709a5f72,ur Informacji Turystycznych
08f0dcc0-8c8b-4969-b498-6b10709a5f72,nto.pl
08f0dcc0-8c8b-4969-b498-6b10709a5f72,Informacji Turystycznej
08f0dcc0-8c8b-4969-b498-6b10709a5f72,ur Informacji Turystycznej
08f0dcc0-8c8b-4969-b498-6b10709a5f72,Vienne-Condrieu Tourisme
08f0dcc0-8c8b-4969-b498-6b10709a5f72,Ar
08f0dcc0-8c8b-4969-b498-6b10709a5f72,dèche-Hermitage Tourisme
08f0dcc0-8c8b-4969-b498-6b10709a5f72,Rhône Crussol Tourisme
08ffeb27-7093-4dcd-8e09-e1cea1e11c20,Elsevier Ltd
08ffeb27-7093-4dcd-8e09-e1cea1e11c20,EPA-Environmental Protection Agency
091baf86-8da2-491c-9c8b-53e13bbb79e8,wydawnictwa
093fe66e-5a4f-4e3a-b8bc-0b422fe35747,ChZZ
09b36581-5700-42df-92e6-95dd46f5174f,In
09b36581-5700-42df-92e6-95dd46f5174f,tu
09de88a8-93ed-42dc-9050-37eb12bae060,Indiana University
09de88a8-93ed-42dc-9050-37eb12bae060,Europejskiego Centrum Muz
09e47b4f-37eb-4513-b2c1-1c18254dd50f,Park
0a4018bd-5d24-459f-b5f2-512e7e9e1c3d,tok
0a4018bd-5d24-459f-b5f2-512e7e9e1c3d,wymiaru sprawiedliwości
0a4a6cec-05d2-4de0-8168-fa0a4b423528,Rzecz o innowacjach
0a88ad9c-4b17-4772-871a-bb16c557f127,u Nauk Prawnych UR
0a88ad9c-4b17-4772-871a-bb16c557f127,Chor
0a88ad9c-4b17-4772-871a-bb16c557f127,wa
0a88ad9c-4b17-4772-871a-bb16c557f127,"cka Agencja ds. MŚP, Innowacji i Inwestycji"
0a88ad9c-4b17-4772-871a-bb16c557f127,Uniwersytet w Tury
0a88ad9c-4b17-4772-871a-bb16c557f127,Pie
0a88ad9c-4b17-4772-871a-bb16c557f127,Zarząd
0a88ad9c-4b17-4772-871a-bb16c557f127,gierskiego
0a88ad9c-4b17-4772-871a-bb16c557f127,wiatu Somogy
0a9988d4-5f02-4953-af8d-ebc54032aef7,In
0a9988d4-5f02-4953-af8d-ebc54032aef7,stytucie Psychologii UKSW
0a9988d4-5f02-4953-af8d-ebc54032aef7,Journal of Research in Personality
0a9988d4-5f02-4953-af8d-ebc54032aef7,Journal of Personality
0a9988d4-5f02-4953-af8d-ebc54032aef7,Personality and Individual Differences
0a9988d4-5f02-4953-af8d-ebc54032aef7,European Journal of Personality
0ab0b8b1-b211-42d2-94a1-2551a3188935,PI PIB
0ab0b8b1-b211-42d2-94a1-2551a3188935,Forum Akademickie
0ab0b8b1-b211-42d2-94a1-2551a3188935,Niezbędnik Akademicki
0ac9e6a6-7808-4a79-9735-7b0545276c4a,SiGW
0acaeeae-4f1c-411b-ac33-8f752b6bfd86,Wydziału Oświaty
0acaeeae-4f1c-411b-ac33-8f752b6bfd86,Starostwa Powiatowego
0acaeeae-4f1c-411b-ac33-8f752b6bfd86,DW
0acaeeae-4f1c-411b-ac33-8f752b6bfd86,Resort obrony narodowej
0acaeeae-4f1c-411b-ac33-8f752b6bfd86,I Liceum Ogólnokształcącym im. Adama Mickiewicza
0acaeeae-4f1c-411b-ac33-8f752b6bfd86,I Liceum Ogólnokształcącego
0ace3dfd-4c81-4e06-80ae-de7b61744c39,Środowisko
0acec45c-0350-4176-a88d-5990900d8d3e,Powiat Olsztyński
0acec45c-0350-4176-a88d-5990900d8d3e,„Bel Canto
0ad33767-74d3-41b7-b444-b70aace98925,Rondo Sztuki
0ad33767-74d3-41b7-b444-b70aace98925,Ronda Sztuki
0ad33767-74d3-41b7-b444-b70aace98925,Rondzie Sztuki
0ade2835-230b-4879-8e64-56c8adbc0f50,Bi
0ade2835-230b-4879-8e64-56c8adbc0f50,Pielęgniarek i Położnych
0ade2835-230b-4879-8e64-56c8adbc0f50,Olsztyński Ośrodek Onkologiczny „Kopernik”
0ade2835-230b-4879-8e64-56c8adbc0f50,Biulety
0ade2835-230b-4879-8e64-56c8adbc0f50,Lekar
0ae703d5-d193-440b-ace6-abf35433b4a8,Województwa Zachodniopomorskiego
0b207b34-cab4-4f35-bf01-d4b8c5bbf8c2,Uniwersytetu-Warmińsko-Mazurskiego
0b3740ce-6d69-4dd7-9602-03de82701a57,D
0b3740ce-6d69-4dd7-9602-03de82701a57,ÓD
0b3740ce-6d69-4dd7-9602-03de82701a57,Austriackiej Platformy ds. Oceny Polityki Badań
0b3740ce-6d69-4dd7-9602-03de82701a57,Technologii
0b3740ce-6d69-4dd7-9602-03de82701a57,DIS
0b3d2456-c985-4a2b-9839-f7820c100c23,In
0b3d2456-c985-4a2b-9839-f7820c100c23,tu
0b98bc5f-95ca-4d89-a734-52b71652bd7f,„Echo Katolickie
0b9c852a-2f7d-40fa-b16e-417cc6e39958,"Beijing EDE Co, Ltd."
0b9c852a-2f7d-40fa-b16e-417cc6e39958,GIG Katowice
0bb64487-2dc2-4bfb-a922-24b8a43bac80,Koordynację jednego
0bcb718c-bb27-4918-9e7c-3065d068951e,aris
0bcb718c-bb27-4918-9e7c-3065d068951e,jum EU SST
0bcb718c-bb27-4918-9e7c-3065d068951e,is
0bcb718c-bb27-4918-9e7c-3065d068951e,„Solaris
0bd25e4e-95cd-4980-b399-1c5777150ae4,lozo
0bd25e4e-95cd-4980-b399-1c5777150ae4,!”
0bd61b6d-8375-41cf-8ce8-fb7742df21fe,EEE
0bd61b6d-8375-41cf-8ce8-fb7742df21fe,siemens
0bdffa9a-10dd-4fd5-be9d-7ba74b41390d,"Polish Journal of Aviation Medicine, Bioengineering and Psychology"
0bdffa9a-10dd-4fd5-be9d-7ba74b41390d,Minister
0bdffa9a-10dd-4fd5-be9d-7ba74b41390d,stwa Edukacji i Nauki
0bec481a-5281-4e15-8078-78eb94746eb2,opengranary.com
0bec481a-5281-4e15-8078-78eb94746eb2,MIT
0c0809ca-b435-4e0d-9ba4-83c87f739df5,Jedno
0c0809ca-b435-4e0d-9ba4-83c87f739df5,ce
0c357f8c-b268-458d-8571-32c1ec9ed2d1,Covid
0c384fe9-4788-4178-8808-79c4579434d1,Radia Pomorza i Kujaw
0c384fe9-4788-4178-8808-79c4579434d1,Wydawnictwem Wulkan Dominika
0c54b7a8-5f21-4368-a864-645dfc444ea7,Urzędem Statystycznym
0c54b7a8-5f21-4368-a864-645dfc444ea7,gran
0c54b7a8-5f21-4368-a864-645dfc444ea7,sza
0c54b7a8-5f21-4368-a864-645dfc444ea7,Funk
0c54b7a8-5f21-4368-a864-645dfc444ea7,TO
0c578111-5e7c-495a-b0b2-efac0b580353,Na
0c578111-5e7c-495a-b0b2-efac0b580353,elnego Sądu Administracyjnego
0c578111-5e7c-495a-b0b2-efac0b580353,Wojewódzkiego Sądu Administracyjnego
0cc60539-3ca0-46e8-912c-53eaea70ea02,ürz
0cc60539-3ca0-46e8-912c-53eaea70ea02,nanoplus Nanosystems and Technologies GmbH
0cc60539-3ca0-46e8-912c-53eaea70ea02,nanoplus
0cc60539-3ca0-46e8-912c-53eaea70ea02,iCspec
0ce13c68-fe79-4cd5-8171-14bd21e082b9,Harmonia Universalis
0ce35879-4a6d-4456-98e8-9fbc2b953be1,Narodowe Muzeum „Akademii Ostrogskiej
0ce35879-4a6d-4456-98e8-9fbc2b953be1,Uniwersytetu „Akademia Ostrogska
0ce35879-4a6d-4456-98e8-9fbc2b953be1,Narodowego Uniwersytetu Akademii Ostrog
0ceb76c6-79a7-404b-bdcd-8c712d0cb473,Kancelarii
0d03410b-e7a6-4935-a51b-7b6017cd1e00,W
0d03410b-e7a6-4935-a51b-7b6017cd1e00,szech
0d03410b-e7a6-4935-a51b-7b6017cd1e00,nicą Polską Szkołą Wyższą
0d0b5020-6613-4daf-ae37-d1d52e1567ba,Centrum Medycznego Szpitala Dziecięcego
0d6f7091-1975-47d8-a42d-3a79a108c0ae,Z
0d78ff8f-4c47-4edd-b281-3bbb47557851,Praw
0d78ff8f-4c47-4edd-b281-3bbb47557851,Kanoni
0d78ff8f-4c47-4edd-b281-3bbb47557851,K
0d78ff8f-4c47-4edd-b281-3bbb47557851,ościelny Inspektor Ochrony Danych
0daff08f-8b7c-4cd2-ac7a-94ec6cd7982d,Dobrysłownik.pl
0dbd214b-8973-4854-b9ed-55a67aea4a08,Krajowego Oś
0e3160d2-6cac-4289-9b23-56aa29b4a788,Główne
0e3160d2-6cac-4289-9b23-56aa29b4a788,Poli
0e3160d2-6cac-4289-9b23-56aa29b4a788,Centralnego Pododdziału Kontrterrorystycznego „BOA
0e759be4-eb76-4edf-99af-ef97bc0688be,Minister
0e759be4-eb76-4edf-99af-ef97bc0688be,stwo Gospodarki Morskiej i Żeglugi Śródlądowej
0e759be4-eb76-4edf-99af-ef97bc0688be,Urząd Morski w
0f1b6221-7fa6-42be-9b6f-0dbeafa020f2,I Liceum Ogólnokształcące
0f1b6221-7fa6-42be-9b6f-0dbeafa020f2,BARR
0f1b6221-7fa6-42be-9b6f-0dbeafa020f2,r
0f2a835b-f917-4ccc-a725-6b8e5f830489,Party Politics
0f2a835b-f917-4ccc-a725-6b8e5f830489,PI twitter
0f2a835b-f917-4ccc-a725-6b8e5f830489,YouTube
0f2a835b-f917-4ccc-a725-6b8e5f830489,PI
0f39e9eb-e742-4906-9688-ddfcf50514a7,VEST
0f6f87a3-45e0-4ba5-91b7-9c7382575886,Fabryka Makaronu Sp. z o. o.
0f6f87a3-45e0-4ba5-91b7-9c7382575886,POL-FOODS Sp. z o. o.
0f6f87a3-45e0-4ba5-91b7-9c7382575886,Fabryka Makaronu w
0f6f87a3-45e0-4ba5-91b7-9c7382575886,nie Sp. z o.o.
0fa1166b-eb3c-4f9a-ae42-ce5f3d39dc89,Kraj
0fa1166b-eb3c-4f9a-ae42-ce5f3d39dc89,Klastra Klucz
0fa1166b-eb3c-4f9a-ae42-ce5f3d39dc89,KP
0fad32ca-a83d-469e-9c0a-06887627cf8c,AMC Tech sp.
0fad32ca-a83d-469e-9c0a-06887627cf8c,Nokia Solutions and Networks sp.
0fd0e80f-47e6-4f1c-b23e-ebfb788a1a9c,ULTRAGEN
0ff436cb-6624-4c69-a2e5-a870612941fc,Deklar
0ff436cb-6624-4c69-a2e5-a870612941fc,bezpieczeństwa
105bbd3c-fb2d-4b34-b148-296e62d9ea7c,Fundacja Rozwoju Edukacji i Nauki POMERANIA
1064e358-c194-4f5e-8c5b-13fc04d99fa6,In
1064e358-c194-4f5e-8c5b-13fc04d99fa6,stytucie Nauk Chemicznych Uniwersytetu Przyrodniczo-Humanistycznego
1064f16e-82e9-481d-adfa-dc1398ff109e,Komisji Standaryzacji Nazw Geograficznych
10829b87-c993-4dbc-8e3d-8883e47a7795,In
10829b87-c993-4dbc-8e3d-8883e47a7795,stytucie Filozofii UwB
10867b4d-05b2-480a-ba4a-249037290946,Urzęd
10867b4d-05b2-480a-ba4a-249037290946,em Miasta
10867b4d-05b2-480a-ba4a-249037290946,Prof
10867b4d-05b2-480a-ba4a-249037290946,Jesteśmy
10c05390-ab35-40be-824a-7d6c5d20a2a9,LBG) Kostrzyca
10c05390-ab35-40be-824a-7d6c5d20a2a9,a Kriogenicznego Przechowywania
10d33af4-f099-49fa-997b-ec92c552785d,International Summer Courses - Printmaking and Textile Art
10d33af4-f099-49fa-997b-ec92c552785d,Y.Kobayashi JP
10d33af4-f099-49fa-997b-ec92c552785d,W.Weiss US
10d33af4-f099-49fa-997b-ec92c552785d,J.M.Guillen ES
10d33af4-f099-49fa-997b-ec92c552785d,M.B.Wood
10d33af4-f099-49fa-997b-ec92c552785d,K.Vasiliunas
10d33af4-f099-49fa-997b-ec92c552785d,LT
10d33af4-f099-49fa-997b-ec92c552785d,A.Candiani AR
10d33af4-f099-49fa-997b-ec92c552785d,R.Papista BA
10d33af4-f099-49fa-997b-ec92c552785d,M.Oliver
10d33af4-f099-49fa-997b-ec92c552785d,CA
1100aeb9-d0d1-4158-b4fa-1c4fe611f28c,Nadbałtyckie Centrum Kultury
1109d499-0c17-44a0-90a7-e193975c0665,biur
1109d499-0c17-44a0-90a7-e193975c0665,Forum Regionalnych Organizacji Turystycznych
1109d499-0c17-44a0-90a7-e193975c0665,IGi
110a4882-5d30-4901-8754-c18aefc2e845,CZT
110bf1f8-b6d4-4174-bc02-f4a34d2d7ea8,Strategic Advisor Board
110bf1f8-b6d4-4174-bc02-f4a34d2d7ea8,Technology Flag
111929dd-ed02-4972-9d3f-e4da62207982,Polski Holding Obronny
111929dd-ed02-4972-9d3f-e4da62207982,Biura Technik Rakietowych
1153d7e7-1245-41a9-b9e7-3c38253ce159,Sie
1153d7e7-1245-41a9-b9e7-3c38253ce159,dleckie Towarzystwo Naukowe
11890b7d-599e-4c12-9496-c47fa3e4ad31,u Głównego PKN Orlen
11890b7d-599e-4c12-9496-c47fa3e4ad31,Ze
11921cc2-e280-46d5-96d2-c35c8cb12ed2,Kon
11921cc2-e280-46d5-96d2-c35c8cb12ed2,sorcjum ITE-PIB
119261fc-2b2f-4a53-9329-8548c86e603d,D
119261fc-2b2f-4a53-9329-8548c86e603d,z
119261fc-2b2f-4a53-9329-8548c86e603d,U
119261fc-2b2f-4a53-9329-8548c86e603d,półki
119261fc-2b2f-4a53-9329-8548c86e603d,PREVAC
11af6545-6e32-401b-bf86-6a9c5b2f604c,Budżetu
11af6545-6e32-401b-bf86-6a9c5b2f604c,Kujawsko-Pomor
11af6545-6e32-401b-bf86-6a9c5b2f604c,Dyrektor Departamentu Zdrowia
124df4e2-cd70-4854-b40e-6315c8b82e62,Pachura
126ec203-c7df-4192-ad76-247e18b4873e,D
128d7a02-43fb-4dbe-aa62-a39ffaded909,"European Society for Literature, Science and the Arts"
128d7a02-43fb-4dbe-aa62-a39ffaded909,Muzeum Zachęta
128d7a02-43fb-4dbe-aa62-a39ffaded909,Ad-Venture (Multimedialne Muzea
128d7a02-43fb-4dbe-aa62-a39ffaded909,D
128d7a02-43fb-4dbe-aa62-a39ffaded909,W
128d7a02-43fb-4dbe-aa62-a39ffaded909,Muzeum w Sko
128d7a02-43fb-4dbe-aa62-a39ffaded909,AV
12a0a6a6-eaa7-41b0-9ad3-757b2b83d270,Giełdzie Papierów Wartościowych
130fb863-2d13-470c-bbfc-e6b9b7de8579,Polskie Tow. Astronomiczne
130fb863-2d13-470c-bbfc-e6b9b7de8579,Centrum Popularyzacji Kosmosu „Planetarium -Toruń
130fb863-2d13-470c-bbfc-e6b9b7de8579,I LO im. M. Kopernika
13418065-d08f-43c7-bfee-19ae1b581eaa,Europe
13418065-d08f-43c7-bfee-19ae1b581eaa,jskie Ugrupowanie Współpracy terytorialnej TRITIA
13418065-d08f-43c7-bfee-19ae1b581eaa,Partner
1353e8da-c54b-4934-a1b9-81c8e0814c7d,Wydział Sztuki Św. Stefana
1353e8da-c54b-4934-a1b9-81c8e0814c7d,Wydział Sztuki
1353e8da-c54b-4934-a1b9-81c8e0814c7d,Uniwersytetu Karolya Esterhazyego
1353e8da-c54b-4934-a1b9-81c8e0814c7d,Uniwersytet Artystyczny w
13e3fef2-8a03-4028-adfe-800cb5acc170,Chrześcijańskiej Akademii Teologicznej
13f8bfdc-47cb-4bf7-a291-42f0e1a64ab0,JSW Innowacje
13f8bfdc-47cb-4bf7-a291-42f0e1a64ab0,Grup
13f8bfdc-47cb-4bf7-a291-42f0e1a64ab0,JSW S.A.
13f8bfdc-47cb-4bf7-a291-42f0e1a64ab0,Koksowni Przyjaź
13f8bfdc-47cb-4bf7-a291-42f0e1a64ab0,Elektrowni Be
13f8bfdc-47cb-4bf7-a291-42f0e1a64ab0,Koksowni „Przyjaźń”
13f8bfdc-47cb-4bf7-a291-42f0e1a64ab0,PGE Elektro
13f8bfdc-47cb-4bf7-a291-42f0e1a64ab0,BAT
14116e79-3a7b-40a6-8174-72ca549b962e,The Frederic Chopin Foundation in Taipei
14116e79-3a7b-40a6-8174-72ca549b962e,Polsko-Amerykańska Komisja Fulbrighta
14144ab6-1273-4a08-add5-0a40061a2ece,UWr.
141f608f-8b54-468f-af6d-3fb09715173d,K
141f608f-8b54-468f-af6d-3fb09715173d,rajowa Administracja Skarbowa
14868535-451f-45cd-bc0b-5615314b11b1,NovaPUR Sp. z o.o
148b0039-5059-4cf6-b5e7-2f604ec0c470,Operator
148b0039-5059-4cf6-b5e7-2f604ec0c470,Sieci Przesyłowej
149071c8-b179-4b9d-925c-f496fcf94a55,Podkarpackiej Platform
149071c8-b179-4b9d-925c-f496fcf94a55,Wsparcia Biznesu
149071c8-b179-4b9d-925c-f496fcf94a55,WB
14cc016b-2389-42d3-b1e2-833ad4f342eb,Organizacji Środowiskowej Akademickiego Związku Sportowego w
14fd690e-f77c-43ce-b112-4bd79fdd54bb,Fundacji Azji-Pacyfiku
14fd690e-f77c-43ce-b112-4bd79fdd54bb,NATO DE
14fd690e-f77c-43ce-b112-4bd79fdd54bb,Portal
15385291-2453-41aa-b6e9-127acf84ca42,Min. Finansów
153c5e51-6fc8-4a9a-87b6-602af62ca567,MARIA
153c5e51-6fc8-4a9a-87b6-602af62ca567,SOP
153c5e51-6fc8-4a9a-87b6-602af62ca567,P
153c5e51-6fc8-4a9a-87b6-602af62ca567,AF
155b1a9a-978c-4453-811d-5f954b45db8e,Gi
155b1a9a-978c-4453-811d-5f954b45db8e,ełda Papierów Wartościowych w Warszawie
155b1a9a-978c-4453-811d-5f954b45db8e,GP
156b1971-b660-4a5a-9a06-dd25804d1db4,Pro
156b1971-b660-4a5a-9a06-dd25804d1db4,kuraturze
158f989c-accb-4681-96f1-1f89d68a9395,"Wydziału Matematyki, Informatyki i Ekonometrii"
158f989c-accb-4681-96f1-1f89d68a9395,Digital Core Design
15a790e9-1b48-44e9-960b-cc6d0862a980,Ż
15a790e9-1b48-44e9-960b-cc6d0862a980,glu
15a790e9-1b48-44e9-960b-cc6d0862a980,dowej
15f3e1b6-a077-4c1f-ba8e-1acf983e8bbe,Wydziału Sztuki Uniwersytetu Pedagogicznego
15f3e1b6-a077-4c1f-ba8e-1acf983e8bbe,Wydziału Malarstwa Akademii Sztuk Pięknych
15f3e1b6-a077-4c1f-ba8e-1acf983e8bbe,Wydziału Architektury
15f3e1b6-a077-4c1f-ba8e-1acf983e8bbe,Muzeum Żup Krakowskich
160fd577-fc07-4eda-afba-f95d478cd69d,In
160fd577-fc07-4eda-afba-f95d478cd69d,stytucie Informatyki UPH
160fd577-fc07-4eda-afba-f95d478cd69d,math
161645c8-784b-413c-b6bc-6215b20a25a2,Platform
161645c8-784b-413c-b6bc-6215b20a25a2,Szkoleniowo Edukacyjną Polskiego Związku Łowieckiego
161645c8-784b-413c-b6bc-6215b20a25a2,pzlow
167165b2-ccbc-4ecf-b3a3-48703ca6f4a2,XI Letnia Szkoła Neonatologii
167a760a-2b06-4046-b627-e8fbf670e768,/
167a760a-2b06-4046-b627-e8fbf670e768,S3D
167a760a-2b06-4046-b627-e8fbf670e768,Eseju Filmowego
167a760a-2b06-4046-b627-e8fbf670e768,Pracownia VR/AR
167a760a-2b06-4046-b627-e8fbf670e768,Uniwers
16b30a7c-87fe-4a1f-9909-608701b9d7e2,Opery
16b30a7c-87fe-4a1f-9909-608701b9d7e2,Filharmonii Podlaskiej
16b30a7c-87fe-4a1f-9909-608701b9d7e2,Sztuki Społecznej
16d35238-208a-4475-9923-2fe7a0f4ccd2,Na
16d35238-208a-4475-9923-2fe7a0f4ccd2,czelnego Sądu Administracyjnego
16d35238-208a-4475-9923-2fe7a0f4ccd2,Wy
16d35238-208a-4475-9923-2fe7a0f4ccd2,dziale Prawa i Administracji
16d47d5e-cf4c-4057-ba18-165647430ef3,Archeologia Żywa
1722c314-bdb5-4b70-ab28-971da356891a,Dr.Schneider Polska
172ac364-ac61-406d-a0e1-fcdade9bf33e,Światowego Dziedzictwa UNESCO
172ac364-ac61-406d-a0e1-fcdade9bf33e,Forum Zarządców Miejsc Świat
172ac364-ac61-406d-a0e1-fcdade9bf33e,dzict
17aa87dd-9029-4ced-8adb-4e1700537838,Szkole Głównej Służby Pożarniczej
17be57f3-3f51-486e-a149-4480d6a80484,Sojusznicze Dowództwo ds. Transformacji
18057ec9-4a3c-4843-ae9e-285c9358b9d3,Filmotekę Narodową – Instytut Audiowizualny
18120af7-0dc3-4217-8f5a-7046b5d49b16,Wy
18120af7-0dc3-4217-8f5a-7046b5d49b16,dziale Geologii Uniwersytetu Warszawskiego
18120af7-0dc3-4217-8f5a-7046b5d49b16,Mie
18120af7-0dc3-4217-8f5a-7046b5d49b16,dzi Copper Corporation
182c32c4-e53b-4f1d-8474-30330c39f596,In
182c32c4-e53b-4f1d-8474-30330c39f596,stytucie Matematyki Uniwersytetu Pedagogicznego
185435c5-b3e1-42b0-ab17-8bfd66bb3d42,BWA Rzesz
185435c5-b3e1-42b0-ab17-8bfd66bb3d42,SzymbART
185435c5-b3e1-42b0-ab17-8bfd66bb3d42,Muzeum Ziemi Chełmi
185435c5-b3e1-42b0-ab17-8bfd66bb3d42,Muzeum Podkarpackie
185435c5-b3e1-42b0-ab17-8bfd66bb3d42,Galleria r_z
185435c5-b3e1-42b0-ab17-8bfd66bb3d42,Biuro Wystaw Artystycnych
185435c5-b3e1-42b0-ab17-8bfd66bb3d42,Galeria Sztuki Współczesnej Pastula
185435c5-b3e1-42b0-ab17-8bfd66bb3d42,Por
185435c5-b3e1-42b0-ab17-8bfd66bb3d42,Muzeum Diecezjalne
18881767-9a66-47f1-b7d6-545d5923a7ea,Miranda S.A.
18beea96-9411-4410-8808-9891f2759782,Google Analitics
18bf299f-8088-474c-ae00-e37b36e782a6,Dziennik Bałtycki
18d2a915-e65f-4a02-82b1-84d838717868,Wspólnicy
18e9ae89-b171-415f-8564-9a0159c74236,Urzęd
18e9ae89-b171-415f-8564-9a0159c74236,em Marszałkowskim
18f5f46d-9d49-4627-bfdc-36cfa0d17d58,Pro
18f5f46d-9d49-4627-bfdc-36cfa0d17d58,c. Soc. Behav. Sci.
18f5f46d-9d49-4627-bfdc-36cfa0d17d58,ichf
18f5f46d-9d49-4627-bfdc-36cfa0d17d58,edu
18f5f46d-9d49-4627-bfdc-36cfa0d17d58,ScienceDaily
192767fe-f041-4c7e-b1cc-77193c29144d,EN
1985f947-24a8-4cf4-b986-2c25ffcc1cb9,BMC Nursing
19b1ed6d-3762-4b79-a556-2911c02e7089,Uniwersytetu Rolniczego
19c5ba9c-5ba2-4d89-a457-41a79ddfe7ce,ERGO Plus Polska
19c5ba9c-5ba2-4d89-a457-41a79ddfe7ce,Budownictwa
19e5a56b-8fe7-4854-9048-9726baf29309,L
19e5a56b-8fe7-4854-9048-9726baf29309,MB
19e5a56b-8fe7-4854-9048-9726baf29309,U
19e5a56b-8fe7-4854-9048-9726baf29309,W
19e5a56b-8fe7-4854-9048-9726baf29309,Ł
19e5a56b-8fe7-4854-9048-9726baf29309,Uniwersytetu Medycznego
19f5b24a-fb97-46bf-8ded-6a4569dd79d5,SIWZ
19f5b24a-fb97-46bf-8ded-6a4569dd79d5,IBS
19f71e9a-2243-4714-97d4-c7f5b0b28dfe,Warszawski
19f71e9a-2243-4714-97d4-c7f5b0b28dfe,enex&co
1a1b1732-4006-493f-96ee-999c3bb5a10c,Ministra
1a1b1732-4006-493f-96ee-999c3bb5a10c,Ze
1a1b1732-4006-493f-96ee-999c3bb5a10c,ds. Reformy Nadzoru Właścicielskiego
1a1b1732-4006-493f-96ee-999c3bb5a10c,s
1a1b1732-4006-493f-96ee-999c3bb5a10c,Handlowego
1a26e671-b5c1-461a-9691-b59b653e6dd4,PODSTAWOWE
1a26e671-b5c1-461a-9691-b59b653e6dd4,Zespołem Szkół w
1a26e671-b5c1-461a-9691-b59b653e6dd4,Przedszkolu Miejskim nr 109
1a26e671-b5c1-461a-9691-b59b653e6dd4,Przedszkolu Specjalnym nr 1
1a26e671-b5c1-461a-9691-b59b653e6dd4,Przedszkolu Integracyjnym nr 36
1a3146bd-083c-40e9-92ce-ccfa46464e76,YouTube
1a35317d-30ea-4ef7-b68c-c073d5b8151f,EMC
1a55d679-7153-43d5-a3ec-7a821abc098f,Naukowo-Program
1a55d679-7153-43d5-a3ec-7a821abc098f,„Solidarności
1a5a3b0a-7693-4e24-8df2-493172ea9841,n
1a5a3b0a-7693-4e24-8df2-493172ea9841,Dziedzictwa Kulinarnego
1a5a3b0a-7693-4e24-8df2-493172ea9841,Piekarnia Delicja
1a8649fd-52e2-40e1-b395-fe26a20455b2,Laboratorium Referencyjnym UE
1a8649fd-52e2-40e1-b395-fe26a20455b2,European Union Reference Laboratory for GM Food and Feed
1a8649fd-52e2-40e1-b395-fe26a20455b2,Komisji ds. Gene
1a8649fd-52e2-40e1-b395-fe26a20455b2,Zmodyfikowanych Mikroorganizmów
1a8b9be6-376b-4e91-b39a-ee3f7a22c81a,Gambero Rosso
1a8b9be6-376b-4e91-b39a-ee3f7a22c81a,Epoka
1a8b9be6-376b-4e91-b39a-ee3f7a22c81a,Comp
1a8b9be6-376b-4e91-b39a-ee3f7a22c81a,fercul
1a8b9be6-376b-4e91-b39a-ee3f7a22c81a,Instytucie Kulinarnym
1a8b9be6-376b-4e91-b39a-ee3f7a22c81a,Mu
1a8b9be6-376b-4e91-b39a-ee3f7a22c81a,ze
1a8b9be6-376b-4e91-b39a-ee3f7a22c81a,um Pałacu Króla Jana III
1a8bb353-f4b9-4a3f-bc88-3390e018fb0a,Uniwersytetu Warmińsko-
1a8bb353-f4b9-4a3f-bc88-3390e018fb0a,TV Polsat
1aa04d80-c241-42e5-b9f0-a09a2f66919d,Grupą Kapitałową Jastrzębska Spółka Węglowa SA.
1adcf12b-1c55-4ea3-941f-03b4cc93d14d,PLASTBUD
1adcf12b-1c55-4ea3-941f-03b4cc93d14d,UNIBUD/
1ae882bd-afc5-4f14-8a51-cb7578b01e5e,PHU SZARŁAT
1ae882bd-afc5-4f14-8a51-cb7578b01e5e,MNiSW/
1af1633f-63e7-4bca-92ca-276a5ce42177,R
1af1633f-63e7-4bca-92ca-276a5ce42177,ządowa Rada Ludnościowa
1af29db2-880f-45ec-a3b1-8887f3b30863,K
1af29db2-880f-45ec-a3b1-8887f3b30863,OROUN
1af29db2-880f-45ec-a3b1-8887f3b30863,Minister
1af29db2-880f-45ec-a3b1-8887f3b30863,stwo Zdrowia
1af29db2-880f-45ec-a3b1-8887f3b30863,Krajową Izbę Diagnostów Laboratoryjnych i Konsult
1b550b2c-f8b2-43d1-a063-316e0cd6f64b,Laboratori
1b550b2c-f8b2-43d1-a063-316e0cd6f64b,ów Celnych
1b550b2c-f8b2-43d1-a063-316e0cd6f64b,C
1b550b2c-f8b2-43d1-a063-316e0cd6f64b,LEN
1b550b2c-f8b2-43d1-a063-316e0cd6f64b,Ministra
1b550b2c-f8b2-43d1-a063-316e0cd6f64b,Farmace
1b550b2c-f8b2-43d1-a063-316e0cd6f64b,tycznego
1b550b2c-f8b2-43d1-a063-316e0cd6f64b,Sanitar
1b550b2c-f8b2-43d1-a063-316e0cd6f64b,Kraj
1b550b2c-f8b2-43d1-a063-316e0cd6f64b,Biuro ds. Przeciwdziałania Narkomanii
1b551122-e7f1-4ead-bb78-cf35b6bafc9d,Górażdże-Cement S.A.
1b551122-e7f1-4ead-bb78-cf35b6bafc9d,He
1b551122-e7f1-4ead-bb78-cf35b6bafc9d,idelberg Cement Group
1b8139da-a78c-4aab-9fe6-75515d566eb7,Minister Rolnictwa i Rozwoju Wsi
1b9722c2-e1d5-47f1-97b9-01a6411be16e,YouTube
1bb58762-fcca-4d52-ad9c-435b65191511,Zeszuta/Arida
1bb58762-fcca-4d52-ad9c-435b65191511,Jedno
1bb58762-fcca-4d52-ad9c-435b65191511,stki Specjalne Żandarmerii Wojskowej
1bb58762-fcca-4d52-ad9c-435b65191511,Rejonowe
1bb58762-fcca-4d52-ad9c-435b65191511,Apelacyjne
1bb58762-fcca-4d52-ad9c-435b65191511,Bi
1bb58762-fcca-4d52-ad9c-435b65191511,uro Ochrony Rządu
1bb58762-fcca-4d52-ad9c-435b65191511,Krajowa Administracja Skar
1bce840a-5d3d-42c6-aeb2-9adbc6fd68c9,Wyższej Szkole Technicznej
1bce840a-5d3d-42c6-aeb2-9adbc6fd68c9,Uniwersytet Trenczyński Alexandra Dubečka
1bce840a-5d3d-42c6-aeb2-9adbc6fd68c9,Uniwersytetu w Ostra
1bce840a-5d3d-42c6-aeb2-9adbc6fd68c9,Akademii Sztuk Pięknych
1bce840a-5d3d-42c6-aeb2-9adbc6fd68c9,Narodowym Muzeum
1bee6182-ded9-437c-83fc-ef8546fa41af,Fe
1bee6182-ded9-437c-83fc-ef8546fa41af,erum
1bee6182-ded9-437c-83fc-ef8546fa41af,Engineering Transactions
1bee6182-ded9-437c-83fc-ef8546fa41af,Przedsiębiorstwo Budowlane Dawid Lisiewicz
1bf3bcaa-7935-491b-93e0-8b680b4a02ff,Echo
1bf3bcaa-7935-491b-93e0-8b680b4a02ff,The Sixteen
1bf3bcaa-7935-491b-93e0-8b680b4a02ff,Ya
1c3376f9-77de-4ca8-9675-45b7dc0be215,Ap
1c3376f9-77de-4ca8-9675-45b7dc0be215,tekach Zdrovita
1c3376f9-77de-4ca8-9675-45b7dc0be215,Reg
1c3376f9-77de-4ca8-9675-45b7dc0be215,ulatory Attorney & Consultant
1c3376f9-77de-4ca8-9675-45b7dc0be215,RAPS
1c3f3b65-18bc-44f5-8628-4122e3208957,Educ-Europe
1c4edffa-97a1-4cee-bf6c-9ea04a083687,Byd
1c4edffa-97a1-4cee-bf6c-9ea04a083687,goskiego Węzła Wodnego
1c4edffa-97a1-4cee-bf6c-9ea04a083687,Nadzoru Wodnego
1c4edffa-97a1-4cee-bf6c-9ea04a083687,Archiwum Państwowym
1c4f0409-1257-448e-90f8-d4817d82cd72,PLK
1c4f0409-1257-448e-90f8-d4817d82cd72,.
1c61ccea-fa22-464f-879b-f383a7108ae9,Europejskiej Sieci Operatorów Systemów Przesyłowych Energii Elektrycznej
1c74136f-e0aa-47d6-b74d-baa19685f2b2,F
1c74136f-e0aa-47d6-b74d-baa19685f2b2,undacja Rodacy
1c74136f-e0aa-47d6-b74d-baa19685f2b2,Komisji Łączności z Polakami
1c74136f-e0aa-47d6-b74d-baa19685f2b2,Monitor Polski
1c74136f-e0aa-47d6-b74d-baa19685f2b2,Honorowy Komitet Budowy
1c74136f-e0aa-47d6-b74d-baa19685f2b2,nika
1c7ba642-7e05-4b5e-9f51-da6be1fe354a,St
1c7ba642-7e05-4b5e-9f51-da6be1fe354a,owarzyszenie Przedstawicielstw Kultury EU
1c7ba642-7e05-4b5e-9f51-da6be1fe354a,Miasto Warszawę
1c7ba642-7e05-4b5e-9f51-da6be1fe354a,Oddział Muzeum Plakatu
1c7ba642-7e05-4b5e-9f51-da6be1fe354a,Grafik
1c7ba642-7e05-4b5e-9f51-da6be1fe354a,G
1c7ba642-7e05-4b5e-9f51-da6be1fe354a,dwr University
1c7ba642-7e05-4b5e-9f51-da6be1fe354a,NInA
1c7ba642-7e05-4b5e-9f51-da6be1fe354a,Warszawa Centrum Targ
1c84f656-e89e-4ee1-b733-12494ea3ec7d,rp.pl
1c861993-d47b-4d70-a755-cfae0f1cc291,Kancelaria Radców Prawnych T. Ogłódek & M. Czarnecka
1ce719ae-3531-4fc6-b9e3-2e557588ef41,POLCOM Przemysław
1ce719ae-3531-4fc6-b9e3-2e557588ef41,POLCOM Przemysław Kimla
1d1b0dc7-d5ce-4f97-80b0-28fc601ddc26,Wydziału Medycznego
1d1b0dc7-d5ce-4f97-80b0-28fc601ddc26,Collegium Medicum
1d5cd8ab-e140-4c56-bf2b-6b53797a8efc,Nauka w Polsce
1d5cd8ab-e140-4c56-bf2b-6b53797a8efc,Liga Matematyczna
1d5cd8ab-e140-4c56-bf2b-6b53797a8efc,sl
1d7d87a3-49e4-4b55-b5f4-597053d73ab2,Uniwersytetu Medycznego w
1d9304d9-0ae5-48f0-b322-e24aa1b2af96,u Ochrony konkurencji i konsumentów
1d9304d9-0ae5-48f0-b322-e24aa1b2af96,KRAJOWA IZBA ODWOŁAWCZA
1db31efa-9a5d-4667-b07d-c6906ecb37bc,Pa
1db31efa-9a5d-4667-b07d-c6906ecb37bc,vol Jozef Šafárik University
1dd73750-c1d2-4b55-9824-2d473d6a78d7,Solar Energy Materials and Solar Cells
1de06f31-9a0c-4d89-a55f-5b9edf27f2a9,Canal+
1de0d3ec-94eb-436e-865a-9b69667c6321,wroc
1dfdcc7b-e21f-4bab-8042-0b97727ff112,Sz
1dfdcc7b-e21f-4bab-8042-0b97727ff112,tab Generalny Wojska Polskiego
1dfdcc7b-e21f-4bab-8042-0b97727ff112,P5)
1dfdcc7b-e21f-4bab-8042-0b97727ff112,Si
1dfdcc7b-e21f-4bab-8042-0b97727ff112,ł Zbrojnych RP
1dfdcc7b-e21f-4bab-8042-0b97727ff112,iak
1dfdcc7b-e21f-4bab-8042-0b97727ff112,Dowództwo Wojsk Obrony Terytorialnej
1dfdcc7b-e21f-4bab-8042-0b97727ff112,Centrum Szkolenia Wojsk Obrony Terytorialnej
1e7ee2d0-723a-48c8-8233-ac7f59ff5505,Stowarzyszenia „Nasz Bocian
1e7ee2d0-723a-48c8-8233-ac7f59ff5505,Rady Programowej Narodowego Programu Leczenia Niepłodności 2013
1e83b4d9-af17-40da-abf1-2ea0689eae2c,Dzienniku Urzędowym
1e83b4d9-af17-40da-abf1-2ea0689eae2c,. Finansów
1eb051e5-8934-4e37-9961-5b4167c3f0c7,us
1eb051e5-8934-4e37-9961-5b4167c3f0c7,edu
1f46db0e-6c89-4f64-ab6c-de44ce7ace38,Ochrony Środowiska
1f4b38d6-0565-4364-bd05-aaf8c1564e0f,Polskiej Rady Chrześcijan i Żydów
1f4b38d6-0565-4364-bd05-aaf8c1564e0f,elicko-augsburskiego
1f8a0dfb-9b1f-412d-90db-9c67102a37ec,Business Area Climate and Environment
1f8e4adc-529b-4126-88fc-8fd9111db471,W
1f8e4adc-529b-4126-88fc-8fd9111db471,y
1f8e4adc-529b-4126-88fc-8fd9111db471,Sztuki
1f8f9936-8731-452d-aad2-2e5d125ae1c6,Szpitala Wojewódzkiego
1f8f9936-8731-452d-aad2-2e5d125ae1c6,NiSW
1f963585-1ffb-4447-8344-2d4c6f47d06b,Katedrze Fizykochemii Materiałów Funkcjonalnych
1f963585-1ffb-4447-8344-2d4c6f47d06b,Biblioteki Hosianum
1fb7da52-c342-44fd-8143-4e70a302d4e0,Chór i
1fb7da52-c342-44fd-8143-4e70a302d4e0,Zespół instrumentalny
1fb7da52-c342-44fd-8143-4e70a302d4e0,Państwowej Wyższej Szkoły Zawodowej
1fb7da52-c342-44fd-8143-4e70a302d4e0,Uniwersytetu Kazimierza Wielkiego
1fb7da52-c342-44fd-8143-4e70a302d4e0,Wydziału Edukacji Muzycznej
1fd2e9ec-700c-4655-97f7-e61198abd1ae,Aspergera
1fd2e9ec-700c-4655-97f7-e61198abd1ae,TV
1fea1e0f-3e92-4642-9975-f4dadb437243,Urząd Miasta Ciesz
1fea1e0f-3e92-4642-9975-f4dadb437243,a Maz
1fea1e0f-3e92-4642-9975-f4dadb437243,Urząd
1ff69c74-7a37-4a6f-8800-61d8ed18c8a5,Facebook Contra Gentiles
1ff69c74-7a37-4a6f-8800-61d8ed18c8a5,Fundacją internetowa
1ff69c74-7a37-4a6f-8800-61d8ed18c8a5,Przewodnik Katolicki
1ff69c74-7a37-4a6f-8800-61d8ed18c8a5,oli
1ffee5b6-5c50-4302-bbd2-f27fddc397ad,Zielonego Ładu
206fe578-03d2-42b9-a6ac-7cf87fd8d1da,A
206fe578-03d2-42b9-a6ac-7cf87fd8d1da,EROSOL SERVICE Sp. Zo.o.
206fe578-03d2-42b9-a6ac-7cf87fd8d1da,EDORADCA Sp. z o.o.
206fe578-03d2-42b9-a6ac-7cf87fd8d1da,. k.
206fe578-03d2-42b9-a6ac-7cf87fd8d1da,Infracorr Sp. Z o.o.
208769f4-112f-4d43-ad6c-bbb549bf427f,Uniwersytetu Rolniczego
208769f4-112f-4d43-ad6c-bbb549bf427f,O
208769f4-112f-4d43-ad6c-bbb549bf427f,rodków Doradztwa Rolniczego
208769f4-112f-4d43-ad6c-bbb549bf427f,Kraj
208769f4-112f-4d43-ad6c-bbb549bf427f,owego Ośrodka Wsparcia Rolnictwa
20ce39ca-9ffd-4df5-86da-bd6bab3cf654,stem Literatur
20ce39ca-9ffd-4df5-86da-bd6bab3cf654,Tygodnika Powszechnego
20ce39ca-9ffd-4df5-86da-bd6bab3cf654,Conradianum UJ
214e83ac-9537-47e7-bc6b-28e7815d1802,acja „Legalna Kultura
214e83ac-9537-47e7-bc6b-28e7815d1802,acja „Centrum Cyfrowe
215617a2-d018-4a26-a858-e4e9f0f046ab,Narodowym Centrum Badań Jądr
215617a2-d018-4a26-a858-e4e9f0f046ab,Central
21d40250-7747-4699-874f-b49035e5a347,Prowincji
21d40250-7747-4699-874f-b49035e5a347,Polskiej prowincji Towarzystwa Boskiego Zbawiciela
21e651c4-7182-411d-8b45-c3a5cd1d56a0,Kościoła katoli
21e651c4-7182-411d-8b45-c3a5cd1d56a0,Państwo
21e651c4-7182-411d-8b45-c3a5cd1d56a0,wej Komisji ds. Pedofilii
21e651c4-7182-411d-8b45-c3a5cd1d56a0,gov.
21e651c4-7182-411d-8b45-c3a5cd1d56a0,K
21e651c4-7182-411d-8b45-c3a5cd1d56a0,EP
21e651c4-7182-411d-8b45-c3a5cd1d56a0,Biura Delegata KEP
21e651c4-7182-411d-8b45-c3a5cd1d56a0,s. Ochrony Dzieci i Młodzie
21e651c4-7182-411d-8b45-c3a5cd1d56a0,TVN24)
21e651c4-7182-411d-8b45-c3a5cd1d56a0,AlJazeera
222005e9-edc2-4e94-8dc2-29856ac12771,Deloitte Doradztwo Podatkowe Dąbrowski i Wspólnicy sp.k.
224f691d-9813-4d75-85c6-2fa2283adbbd,Fundusz
224f691d-9813-4d75-85c6-2fa2283adbbd,ami Europejskimi
224f691d-9813-4d75-85c6-2fa2283adbbd,Rzecznika Praw Pac
224f691d-9813-4d75-85c6-2fa2283adbbd,uni.wroc
224f691d-9813-4d75-85c6-2fa2283adbbd,ę
22b62bf8-2185-4451-a411-397ed8f985b2,CP
22dd1b82-5a8e-4f77-8c97-f6d36794993d,DW
22dd1b82-5a8e-4f77-8c97-f6d36794993d,DW 2
23aac8bb-d867-444b-853d-1a8ada8e272f,W
23aac8bb-d867-444b-853d-1a8ada8e272f,RECYK
241b7299-9692-41b5-9acd-ba8466f85551,In
241b7299-9692-41b5-9acd-ba8466f85551,stytucie Fizyki
241b7299-9692-41b5-9acd-ba8466f85551,stytucie Nauk Biologicznych
2426a293-3e94-4948-9295-ea8c0e078f3b,Allied Market Research
247d9aa9-b42b-4c64-b01f-90af37b2b156,pin
247d9aa9-b42b-4c64-b01f-90af37b2b156,der
2482de4f-0e32-4ed1-bc6e-854ddddd326e,Górniczych KGHM
24a0e962-3da4-4721-8609-e9b1a7895aca,Izbę Gospodarczą
24a39168-ef6d-4fb2-aef6-94a6ea0d36e4,PARLAMENTU EUROPEJSKIEGO
24cd715b-7be3-42dd-846f-837873d708ab,Regional
24cd715b-7be3-42dd-846f-837873d708ab,Dyrektora Ochrony Środowiska
24ce0bf6-0fa5-4062-a94e-3bfe1ff28ac0,Galerii - Spiż 7
24cf9b66-64cb-4fc1-bd30-2b72901a9b01,Central laboratory
24cf9b66-64cb-4fc1-bd30-2b72901a9b01,"Department of Agriculture, Food and the Marine"
24cf9b66-64cb-4fc1-bd30-2b72901a9b01,Irland
24cf9b66-64cb-4fc1-bd30-2b72901a9b01,Julius Kühn-Institut
24cf9b66-64cb-4fc1-bd30-2b72901a9b01,Science and Advice for Scottish Agriculture
24cf9b66-64cb-4fc1-bd30-2b72901a9b01,All-Russian Plant Quarantine Center
24cf9b66-64cb-4fc1-bd30-2b72901a9b01,-
24cf9b66-64cb-4fc1-bd30-2b72901a9b01,La
24cf9b66-64cb-4fc1-bd30-2b72901a9b01,Central Laboratory for Plant Quarantine
24cf9b66-64cb-4fc1-bd30-2b72901a9b01,of
24cf9b66-64cb-4fc1-bd30-2b72901a9b01,ology
24e45204-5199-43b6-82f4-aaef3d84b913,Wydziału Matematyki i Informatyki
24e45204-5199-43b6-82f4-aaef3d84b913,Hoper
24e45204-5199-43b6-82f4-aaef3d84b913,Hope
25123f17-fa96-4665-8c48-5050b8c3c9e2,jamir
2525a915-da6d-48e2-b1b1-08283ef91003,Strzeblowskie Kopalnie Surowców Mineralnych Sp. z o.o
25428506-36f9-4b5d-96e5-40d9979b0007,Sołectwo Maćkowice
25428506-36f9-4b5d-96e5-40d9979b0007,Sołectwo
25428506-36f9-4b5d-96e5-40d9979b0007,Ma
25428506-36f9-4b5d-96e5-40d9979b0007,Kuria Metropolitalna Archidiecezji Greckokatolickiej
25428506-36f9-4b5d-96e5-40d9979b0007,Parafia Rzymskokatolicka
25428506-36f9-4b5d-96e5-40d9979b0007,Komisja Konserwatorska do spraw Ochrony Zabytków i Rozwoju
25428506-36f9-4b5d-96e5-40d9979b0007,Archidiecezji Warszawsko-Przemyskiej Kościoła Greckokatolickiego
25428506-36f9-4b5d-96e5-40d9979b0007,Klub Inteligencji Greckokatolickiej
2568ff81-3818-4803-8daa-37f99198eb7e,Rejestru Instytucji Kultury
2568ff81-3818-4803-8daa-37f99198eb7e,Kanady
25a6c7c2-8d96-41f4-adde-7387659adbce,Polski
25a6c7c2-8d96-41f4-adde-7387659adbce,m Stowarzyszeniem Muzyki Elektroakustycznej
25a6c7c2-8d96-41f4-adde-7387659adbce,Studie
25a6c7c2-8d96-41f4-adde-7387659adbce,Muzyki Elektroakustycznej Akademii Muzycznej
25a6c7c2-8d96-41f4-adde-7387659adbce,Krakow
25a6c7c2-8d96-41f4-adde-7387659adbce,ska Szkoła Teoretyczna
25b75ce7-e16c-44e9-b375-5fb507a60193,Banskobystricky kraj Turizmus
25b75ce7-e16c-44e9-b375-5fb507a60193,In
25b75ce7-e16c-44e9-b375-5fb507a60193,stytut Badań nad Środowiskiem Sp. z o.o.
25b75ce7-e16c-44e9-b375-5fb507a60193,IBnŚ
25d29422-8e1b-4022-8680-7910de70eed0,Galeria Sztuki Wozownia
25ff4e2e-270c-4832-9ba8-393a06fb296e,Technisch - Mathematische Studiengesellschaft GmbH
25ff4e2e-270c-4832-9ba8-393a06fb296e,Netherlands Organisation for Applied Scientific Research
25ff4e2e-270c-4832-9ba8-393a06fb296e,Wyższa Szkoła Policji w Szczy
2602b833-7c95-4ef6-a072-4aa0ae8afc24,u Medycyny Weterynaryjnej
2602b833-7c95-4ef6-a072-4aa0ae8afc24,Polskie Drobiarstwo
26389530-7901-4f0a-af99-5978215b9cea,A
26389530-7901-4f0a-af99-5978215b9cea,GH
266c7810-1a31-46e7-acea-ac960c13d03c,Departamentu Programów Rozwoju Obszarów Wiejskich
266c7810-1a31-46e7-acea-ac960c13d03c,Lub
266c7810-1a31-46e7-acea-ac960c13d03c,Urzędu Miasta
266c7810-1a31-46e7-acea-ac960c13d03c,rol
266c7810-1a31-46e7-acea-ac960c13d03c,Gospodarstwie Rolnym Małgorzata Nowacka-Drosik
266c7810-1a31-46e7-acea-ac960c13d03c,Grupy Roboczej
26aa3dbd-2843-4aa9-905f-998d50c5d769,Kuratoriów Oświaty
26aa3dbd-2843-4aa9-905f-998d50c5d769,Zespo
26aa3dbd-2843-4aa9-905f-998d50c5d769,łu zadaniowego ds. uzależnień
26aa3dbd-2843-4aa9-905f-998d50c5d769,ania
2743dbb7-22a2-42cc-9f5f-174ef68981fa,Grupy Europejskiej
277b4bf8-477e-4f61-8ab4-f10b506f3976,PiD sp. z o.o
277cef50-c488-474c-9939-df5aec369773,ppr.pl
277cef50-c488-474c-9939-df5aec369773,ipar.
277cef50-c488-474c-9939-df5aec369773,ko
277cef50-c488-474c-9939-df5aec369773,wopan.pl
277cef50-c488-474c-9939-df5aec369773,Visit Mrąg
278bb9a8-3873-4baf-9920-a7b23064fb3e,Ośrodek Przetwarzania Informacji
27912039-171f-42fb-96e0-bacfe5e31324,Okręg
27912039-171f-42fb-96e0-bacfe5e31324,Stacji Chemiczno-Rolniczych
27912039-171f-42fb-96e0-bacfe5e31324,Sta
27912039-171f-42fb-96e0-bacfe5e31324,Chemiczno-Rolnicze
279f79f3-61cf-451c-9815-aa7185aafcd4,Instytut Pediatrii – Centrum Zdrowia Dziecka
279f79f3-61cf-451c-9815-aa7185aafcd4,Zespół Nijmegen
279f79f3-61cf-451c-9815-aa7185aafcd4,ze
279f79f3-61cf-451c-9815-aa7185aafcd4,społem Nijmegen
27e95c4c-2be9-468f-b4b9-c7219080cb0b,Uniwersytetu w Ży
281e8ecc-9d96-419a-8311-a6f6e57a8985,Fundacji „Towarzystwo Projektów Edukacyjnych
281e8ecc-9d96-419a-8311-a6f6e57a8985,Konsulatu Generalnego RP
281e8ecc-9d96-419a-8311-a6f6e57a8985,D
281e8ecc-9d96-419a-8311-a6f6e57a8985,W
281e8ecc-9d96-419a-8311-a6f6e57a8985,YouTube
28578eba-7893-404a-92ce-fc80b57f15f7,Dyrektor
28578eba-7893-404a-92ce-fc80b57f15f7,Generalnego Lasów Państwowych
2857edcc-e9fc-4f48-8edd-68aa20819ab8,Wydziale Leśnym UR
2857edcc-e9fc-4f48-8edd-68aa20819ab8,Usług Leśnych
2857edcc-e9fc-4f48-8edd-68aa20819ab8,Stowarzyszenia Szkółkarzy Leśnych Republiki Słowacji
285bd523-2e33-44ed-b969-36070d89f9eb,ELCONT Sp. J
285bd523-2e33-44ed-b969-36070d89f9eb,Podkarpackim Centrum Innowacji
28840a5e-74a0-498a-aaf3-70bd4d191694,A
28840a5e-74a0-498a-aaf3-70bd4d191694,GH
28840a5e-74a0-498a-aaf3-70bd4d191694,JSW Innowacje
288ad0b9-62a0-41d1-b5e6-69a604c08996,RTD
288ad0b9-62a0-41d1-b5e6-69a604c08996,energetyczne
288ad0b9-62a0-41d1-b5e6-69a604c08996,"Climate, Industry and Technology Department"
28eadc3b-8358-44e4-b34c-e85d63e9a417,Wydział Teologiczny
28fcc7ce-37a7-4070-81c9-5743e4db30fd,Cortria Co.
290c3160-9f01-4a45-8acd-11756ab2a234,In
290c3160-9f01-4a45-8acd-11756ab2a234,Rzemiosło Artystyczne w
290c3160-9f01-4a45-8acd-11756ab2a234,Sakralne Dziedzictwo Małopolski
290c3160-9f01-4a45-8acd-11756ab2a234,Google Analitics
293791df-26db-46f0-a9c3-9808eab49a97,Katedr
293791df-26db-46f0-a9c3-9808eab49a97,Zakład Genetyki Medycznej
293791df-26db-46f0-a9c3-9808eab49a97,WWR
293791df-26db-46f0-a9c3-9808eab49a97,Central
293791df-26db-46f0-a9c3-9808eab49a97,Zespół PRWWR
29527b3e-786c-4d9f-8445-412e6d42d9cf,ZAK
2989f36a-b9c1-48bd-873d-1ce4051dcf2f,Chóru Polskiego Radia w
298e8844-7308-440a-aac4-698c0863d3be,Akademi
298e8844-7308-440a-aac4-698c0863d3be,i Humanistyczno-Ekonomicznej
298e8844-7308-440a-aac4-698c0863d3be,lice
298e8844-7308-440a-aac4-698c0863d3be,um
298e8844-7308-440a-aac4-698c0863d3be,Da Vinci
29f85dc9-1c74-4c74-bb30-ae339c409024,Robert Lorenc Pojazdy Specjalne
29f85dc9-1c74-4c74-bb30-ae339c409024,Newag S.A
2a290d6d-8701-4eba-82b8-069c8bf36ff0,uksw
2a290d6d-8701-4eba-82b8-069c8bf36ff0,In
2a290d6d-8701-4eba-82b8-069c8bf36ff0,stytucie POLONIKA
2a460781-b25e-4b4b-9f89-d6ab012ea39b,Narod
2a460781-b25e-4b4b-9f89-d6ab012ea39b,Centrum Badań i Rozwoju
2a460781-b25e-4b4b-9f89-d6ab012ea39b,Sz
2a460781-b25e-4b4b-9f89-d6ab012ea39b,pital Uniwersytecki
2a460781-b25e-4b4b-9f89-d6ab012ea39b,Center for Continuing Medical Education
2a460781-b25e-4b4b-9f89-d6ab012ea39b,Ann Cardiol Angeiol
2a8e09f9-0aa4-46fb-adaf-0530889ad428,ży
2a9f8ff8-bf60-4b94-9b96-2798bb5333e7,Komuna Warszawa
2a9f8ff8-bf60-4b94-9b96-2798bb5333e7,Polityka
2a9f8ff8-bf60-4b94-9b96-2798bb5333e7,T
2a9f8ff8-bf60-4b94-9b96-2798bb5333e7,ygodnik Powszechny
2a9f8ff8-bf60-4b94-9b96-2798bb5333e7,Szum
2a9f8ff8-bf60-4b94-9b96-2798bb5333e7,Dwutygodnik
2ab31292-ff16-4514-9c1c-e2662dbd49db,Wydziale Chemii
2aba55d4-b52c-4370-85cb-20539620f78c,Ministra Rolnictwa i Rozwoju Wsi
2ad85939-a047-47b3-a06c-f6b3ae46e327,SAILS
2ad85939-a047-47b3-a06c-f6b3ae46e327,Akademi
2ad85939-a047-47b3-a06c-f6b3ae46e327,ckie Centrum Kreatywności
2ad85939-a047-47b3-a06c-f6b3ae46e327,FAIS
2ae22aa7-0d46-4216-9684-11aaf7895917,Podmiot Leczniczy COPERNICUS sp. z o.o.
2ae22aa7-0d46-4216-9684-11aaf7895917,System
2ae22aa7-0d46-4216-9684-11aaf7895917,Podstawowego Szpitalnego Zabezpieczenia Świadczeń
2ae22aa7-0d46-4216-9684-11aaf7895917,pieki
2b4b2f66-d742-43e6-86ab-57db05e3657e,w
2b4f5a36-c6fc-41aa-96a6-34c2eaa34386,Ptaki Polskie
2b52b4e6-6b89-44d8-9e44-e0a2b47c9ee1,O
2b52b4e6-6b89-44d8-9e44-e0a2b47c9ee1,środka Rozwoju Polskiej Edukacji za Granicą
2b52b4e6-6b89-44d8-9e44-e0a2b47c9ee1,orpeg.pl
2b52b4e6-6b89-44d8-9e44-e0a2b47c9ee1,Now
2b752f97-1cee-48e8-9548-12831da6ca55,NAG
2b752f97-1cee-48e8-9548-12831da6ca55,Minister
2b752f97-1cee-48e8-9548-12831da6ca55,stwo Klimatu i Środowiska
2bbf32ab-6406-4fc4-a3b9-aca429c79bba,Fir
2c295a66-9c25-4c0c-882d-b5181ef61179,Parlamentu Europejskiego i Rady
2c295a66-9c25-4c0c-882d-b5181ef61179,AGROCHEM PUŁAWY Sp. z o.o.
2c295a66-9c25-4c0c-882d-b5181ef61179,dział
2c4ace9c-8739-42ca-9b9a-f508b0096ac3,BE
2c9fd898-afb8-4778-ae2f-2e520808a596,Katedr
2c9fd898-afb8-4778-ae2f-2e520808a596,szczy
2caa19b2-4ab1-4407-adb9-516c2190b0c8,Instytucie Prawa
2caa19b2-4ab1-4407-adb9-516c2190b0c8,Administracji Akademii Pomorskiej
2caa19b2-4ab1-4407-adb9-516c2190b0c8,Regionalną Dyrekcją Ochrony Środowiska
2caa19b2-4ab1-4407-adb9-516c2190b0c8,Środowiska
2cd06c4f-411b-487a-8ddc-6dfb408227f1,Komitetu Biologii Środowiskowej i Ewolucyjnej
2cda6bb3-278f-487f-b58e-656e241f775a,Twórcami patentu
2cda6bb3-278f-487f-b58e-656e241f775a,Miranda Sp. z o.o
2cda6bb3-278f-487f-b58e-656e241f775a,Miranda
2d04e2f9-6d86-4db3-b19e-0239669bbf6f,Zoom
2d04e2f9-6d86-4db3-b19e-0239669bbf6f,Pädagogik - Adoption - Beratung & Somatic Experiencing
2d04e2f9-6d86-4db3-b19e-0239669bbf6f,Pe
2d04e2f9-6d86-4db3-b19e-0239669bbf6f,cja
2d04e2f9-6d86-4db3-b19e-0239669bbf6f,a & Somatic Experiencing
2d04e2f9-6d86-4db3-b19e-0239669bbf6f,-Op
2d04e2f9-6d86-4db3-b19e-0239669bbf6f,PAB & SE
2d1a6495-f12b-4000-85ca-b420df4eef2a,H
2d1a6495-f12b-4000-85ca-b420df4eef2a,The Cosmetic Ingredient Review
2d1a6495-f12b-4000-85ca-b420df4eef2a,CIR
2d1a6495-f12b-4000-85ca-b420df4eef2a,Organisation for Economic Co-operation and Development
2d1a6495-f12b-4000-85ca-b420df4eef2a,Environment Directorate Chemicals And Biotechnology Committee
2d1a6495-f12b-4000-85ca-b420df4eef2a,"French Agency for Food, Environmental and Occupational Health & Safety"
2d4c459a-5c50-4920-aa69-61aabe077d72,Akademii Technologicznej w Re
2d4c459a-5c50-4920-aa69-61aabe077d72,RTA
2dca816a-21fb-4157-bb0c-a38b7ad14fc8,High
2dca816a-21fb-4157-bb0c-a38b7ad14fc8,er Incubator Giving Growth & Sustainability
2dca816a-21fb-4157-bb0c-a38b7ad14fc8,Centrum Edukacji i Badań Społecznych
2dca816a-21fb-4157-bb0c-a38b7ad14fc8,Assosi
2dca816a-21fb-4157-bb0c-a38b7ad14fc8,ation Pro Xpert
2e889a14-8c0a-4555-8a22-d068b5d56731,Pracowni Badań nad Literaturą i
2e889a14-8c0a-4555-8a22-d068b5d56731,Czasopiśmiennictwem Pogranicza
2ea7acc2-297b-4e1e-a1a1-80261e63ccaa,-PI
2eb44912-04bd-460b-b271-c0c22bc14715,Wydziale Biologii
2eb44912-04bd-460b-b271-c0c22bc14715,Ak
2eb44912-04bd-460b-b271-c0c22bc14715,Nowych
2eb44912-04bd-460b-b271-c0c22bc14715,Główne
2eb44912-04bd-460b-b271-c0c22bc14715,nych
2eb44912-04bd-460b-b271-c0c22bc14715,Państwo
2eb44912-04bd-460b-b271-c0c22bc14715,Centrum Sztuki Współ
2ed1b24d-6625-4881-8950-20e64bc9d6d5,WMI
2ed1b24d-6625-4881-8950-20e64bc9d6d5,D
2ed1b24d-6625-4881-8950-20e64bc9d6d5,W
2ed1b24d-6625-4881-8950-20e64bc9d6d5,World Intellectual Property Organization
2ed1b24d-6625-4881-8950-20e64bc9d6d5,DW
2ee56f33-bba9-4294-8ab4-6d440a5259f8,en
2f1414ab-2e26-4d7f-bb4e-5cd8080755a2,I
2f1414ab-2e26-4d7f-bb4e-5cd8080755a2,T2
2f4d8065-c3e2-43bf-9b81-f877073bb1de,GP
2f4d8065-c3e2-43bf-9b81-f877073bb1de,Shandong
2f92402b-696c-4216-b4d9-10778c1558e1,GE
2fb8880f-6054-4134-8609-c9b051a2063e,Fundację Between.Pomiędzy
2fbca003-f2b6-4859-bd27-a5455dd18675,Zespołem Szkół Ekonomicznych
2fbca003-f2b6-4859-bd27-a5455dd18675,Stowarzyszenie Księgowych w Polsce Oddział Okręgowy
2ff27cec-8590-4c9e-8d7a-cc535e4f1a4d,Ministerstwo Kultury i
2ff2f38a-86cf-4f4d-bd7d-c588252e5d6f,Zakładu Fizyki Środowiska
2ff2f38a-86cf-4f4d-bd7d-c588252e5d6f,Instytutu Fizyki Akademii Pomorskiej
2ff2f38a-86cf-4f4d-bd7d-c588252e5d6f,Katedry Nauk o Ziemi i Środowisku
2ff2f38a-86cf-4f4d-bd7d-c588252e5d6f,Instytutu Biologii i Nauk o Ziemi
2ff2f38a-86cf-4f4d-bd7d-c588252e5d6f,Akademii Pomorskiej
2ff2f38a-86cf-4f4d-bd7d-c588252e5d6f,Mikołaja Kopernika
2ff2f38a-86cf-4f4d-bd7d-c588252e5d6f,Akademia Morska
300410b6-ef19-4a26-ad26-f296b0c503a9,ESMO
303343eb-43f8-4590-91fc-a89eaba19b92,uń
303343eb-43f8-4590-91fc-a89eaba19b92,Uniwersytetem Medycznym we
303dde48-5ff4-43e1-a943-634ce024e921,Samodzielny Publiczny Szpital Kliniczny im. A. Mielęckiego
303dde48-5ff4-43e1-a943-634ce024e921,Sz
303dde48-5ff4-43e1-a943-634ce024e921,pital Specjalistyczny
303dde48-5ff4-43e1-a943-634ce024e921,Centrum Zdrowia
303dde48-5ff4-43e1-a943-634ce024e921,pital Chorób Płuc
303dde48-5ff4-43e1-a943-634ce024e921,Wielospecjalistyczny Szpital Powiatowy im. dr B. Hagera
304a751b-560d-445e-899f-04fb38ee611b,Europejskiego Towarzystwa Kardiologiczne
30e850fa-f7e5-4696-bc61-7ab421ca7da4,Ze
30e850fa-f7e5-4696-bc61-7ab421ca7da4,spo
30e850fa-f7e5-4696-bc61-7ab421ca7da4,łów Ochrony Lasu
30e850fa-f7e5-4696-bc61-7ab421ca7da4,Regional
30e850fa-f7e5-4696-bc61-7ab421ca7da4,nych Dyrekcji Lasów Państwowych
30f2ed70-5e02-4353-bb7b-4ca03007f0eb,Kościele Ewangelicko-Augsburskim
30f2ed70-5e02-4353-bb7b-4ca03007f0eb,Synod Kościoła Ewangelicko-Augsburskiego
310facaf-d3b5-4cca-922e-50d8fb853873,MS
310facaf-d3b5-4cca-922e-50d8fb853873,rzyszenie „Korzenie”
318e23ae-88c6-4fdf-9d80-d5c3a398c596,Akademia Sztuki
31de0d74-96d5-4d3c-b359-abeaaadce589,Organiza
31de0d74-96d5-4d3c-b359-abeaaadce589,Manewrów Ratowniczych
31de0d74-96d5-4d3c-b359-abeaaadce589,Akademii Pomorskiej
31de0d74-96d5-4d3c-b359-abeaaadce589,łu
31de0d74-96d5-4d3c-b359-abeaaadce589,Manewrach Ratowniczych
31de0d74-96d5-4d3c-b359-abeaaadce589,Uniwersytetu Medycznego
31ec36dd-8b5b-40f9-8fdf-1458f9ed33eb,Wydziale Fizyki
31ec36dd-8b5b-40f9-8fdf-1458f9ed33eb,boo
31ec36dd-8b5b-40f9-8fdf-1458f9ed33eb,ity
31ec36dd-8b5b-40f9-8fdf-1458f9ed33eb,Bookauthority
31ec36dd-8b5b-40f9-8fdf-1458f9ed33eb,org
32091611-31c2-4007-ae8e-332f906f5bf7,Grup
32091611-31c2-4007-ae8e-332f906f5bf7,Ministra Zdrowia
32244273-0ca9-4edd-8a26-e37e04be88f4,Bookbird
325360cf-df11-4452-a264-438d92d9bd60,Louvre Collection
325360cf-df11-4452-a264-438d92d9bd60,Centrum „Spycimierskie Boże Ciało
325360cf-df11-4452-a264-438d92d9bd60,Muzeum Sztuki Nowoczesnej
325360cf-df11-4452-a264-438d92d9bd60,Muzeum Sztuki Współczesnej
325d9919-6d71-4e8f-9b39-0835e40fc7c0,S
325d9919-6d71-4e8f-9b39-0835e40fc7c0,Pimot
325d9919-6d71-4e8f-9b39-0835e40fc7c0,"""Faurecia Clean Mobility"""
325d9919-6d71-4e8f-9b39-0835e40fc7c0,ans Fr
325d9919-6d71-4e8f-9b39-0835e40fc7c0,„Atrama”
325d9919-6d71-4e8f-9b39-0835e40fc7c0,no LT
325d9919-6d71-4e8f-9b39-0835e40fc7c0,„Step Ltd. Sti”
325d9919-6d71-4e8f-9b39-0835e40fc7c0,TR
325d9919-6d71-4e8f-9b39-0835e40fc7c0,„Irene”
325d9919-6d71-4e8f-9b39-0835e40fc7c0,Dąbrówka Czarna
325d9919-6d71-4e8f-9b39-0835e40fc7c0,tako Worthington Industries
325d9919-6d71-4e8f-9b39-0835e40fc7c0,Ostrava CZ
326e2f86-806a-48a1-8ebf-664706670bd5,Europej
326e2f86-806a-48a1-8ebf-664706670bd5,ską Agencją Kosmiczną
32725bf2-b55a-4852-8299-3205d10ba9ae,Delegatura
32725bf2-b55a-4852-8299-3205d10ba9ae,Op
32725bf2-b55a-4852-8299-3205d10ba9ae,Sej
328dbb66-c83b-443c-bf1e-2d5e7a59ab94,Komis
3328ea44-0972-4873-9f73-4edd4189f625,europa
335dc9d8-7c2e-4cf5-a7af-5693a489d5c5,Uniwersytetem im. Fedkowicza
336301cd-abac-4132-adac-3f2a1062853c,European Academy of Allergy and Clinical Immunology
336301cd-abac-4132-adac-3f2a1062853c,EAACI
3363c65c-4127-4c54-be08-975ef28ac496,Zarząd
3376d9f2-879a-44c6-a923-ce4e931f0587,Laboratorium Dziejów Kultury Materialnej
33b14660-8f9b-4c34-8f66-c5bbd9f9a562,D
33b14660-8f9b-4c34-8f66-c5bbd9f9a562,W
33e7cac5-f6ae-47a4-aef9-ac706cd834c9,European Union
340c70ef-4775-4070-b089-b04005c6047e,Zwią
340c70ef-4775-4070-b089-b04005c6047e,zek Pracodawców Branży Internetowej IAB Polska
340c70ef-4775-4070-b089-b04005c6047e,Sektorowa Rada do spraw
340c70ef-4775-4070-b089-b04005c6047e,Kompeten
340c70ef-4775-4070-b089-b04005c6047e,Sektora Komunikacji Marketingowej
340c70ef-4775-4070-b089-b04005c6047e,Sektorowej Rady ds
340c70ef-4775-4070-b089-b04005c6047e,a Komunikacji Marketing
340c70ef-4775-4070-b089-b04005c6047e,Sektorowych Rad
340c70ef-4775-4070-b089-b04005c6047e,Inter
340c70ef-4775-4070-b089-b04005c6047e,active Advertising Bureau
348e1bb2-7e77-435e-b995-608d9e338eb0,Podmiotu
3491543f-f450-4a2a-a3ae-9fd27f3b2d3e,Wołońcie
350a98f5-cc13-4c5d-b38d-696244590cc1,Minister
355a1ec9-e722-45f2-a17c-031b61a83edf,Praw Obywatelskich
357375da-aa84-4cc9-b1ba-36b80e5eca47,Join
357375da-aa84-4cc9-b1ba-36b80e5eca47,t Programming Initiative for Healthy and Productive Seas and Oceans
357cd79e-2bb6-43dd-a48b-3eed750ce1f0,Uniwersytecie Przyrodniczym
357cd79e-2bb6-43dd-a48b-3eed750ce1f0,Dyrektor
357cd79e-2bb6-43dd-a48b-3eed750ce1f0,General
357cecd2-83f0-4af2-9482-4c4141897cf7,Parlamentu Europejskiego i Rady
357cecd2-83f0-4af2-9482-4c4141897cf7,Grupę roboczą Zielona Stocznia
357cecd2-83f0-4af2-9482-4c4141897cf7,ski
357cecd2-83f0-4af2-9482-4c4141897cf7,Zakład Recyklingu Statków Sp. z o.o
357cecd2-83f0-4af2-9482-4c4141897cf7,Centrum diagnostycznego materiałów
35a6dd77-bacb-4ebb-975b-a80207e5d680,Samorządu terytorialnego
35d125d1-295d-4dfc-af8c-78f0a7d8b7a9,Sz
35d125d1-295d-4dfc-af8c-78f0a7d8b7a9,tab Generalny Wojska Polskiego
35d7aab1-c688-44d7-8c8b-ef09e820dae7,S
35d7aab1-c688-44d7-8c8b-ef09e820dae7,ę Ekonomiczną Polska
35f4cb73-6622-461e-832d-fab9102e1dfa,kon
35f4cb73-6622-461e-832d-fab9102e1dfa,cjum
35f4cb73-6622-461e-832d-fab9102e1dfa,Wydziale Chemii
36f0dc34-bda2-4a27-a3f0-090d32caea40,opengranary.com
36feef70-7908-49a0-8bd9-3f6485fc1a04,Puremat Technologies sp. z o. o.
36feef70-7908-49a0-8bd9-3f6485fc1a04,NanoTechIP sp. z. o. o.
36feef70-7908-49a0-8bd9-3f6485fc1a04,NanoTechIP
371640f6-3a9e-42d9-840b-f45910fbf6bd,United Nations University Operating Unit on Policy-Driven Electronic Governance
371640f6-3a9e-42d9-840b-f45910fbf6bd,Organiza
371640f6-3a9e-42d9-840b-f45910fbf6bd,cji Narodów Zjednoczonych
371640f6-3a9e-42d9-840b-f45910fbf6bd,X
371640f6-3a9e-42d9-840b-f45910fbf6bd,Irlandzki
371640f6-3a9e-42d9-840b-f45910fbf6bd,Health Information and Quality Authority
371eec7b-17d4-4ae7-b345-c709b5751b3c,Books
371eec7b-17d4-4ae7-b345-c709b5751b3c,Uni
371eec7b-17d4-4ae7-b345-c709b5751b3c,The History Files
371eec7b-17d4-4ae7-b345-c709b5751b3c,files
372e8e92-8424-48ef-a156-ff017e6252f4,Bi
372e8e92-8424-48ef-a156-ff017e6252f4,uro Poszukiwań i Identyfikacji
3736099f-b155-4e2a-8601-fbf8c2663433,Gazecie Wyborczej
3736099f-b155-4e2a-8601-fbf8c2663433,„
3736099f-b155-4e2a-8601-fbf8c2663433,Liberte
3736099f-b155-4e2a-8601-fbf8c2663433,Krytyce Politycznej
3736099f-b155-4e2a-8601-fbf8c2663433,Nowej Konfederacji
3736099f-b155-4e2a-8601-fbf8c2663433,Trybunie
3736099f-b155-4e2a-8601-fbf8c2663433,“
3736099f-b155-4e2a-8601-fbf8c2663433,Więzi
3736099f-b155-4e2a-8601-fbf8c2663433,Tygodnikowi Powszechnemu
3736099f-b155-4e2a-8601-fbf8c2663433,Polityce
3736099f-b155-4e2a-8601-fbf8c2663433,2 Programie Polskiego Radia
3736099f-b155-4e2a-8601-fbf8c2663433,Le
3736099f-b155-4e2a-8601-fbf8c2663433,wic
3736099f-b155-4e2a-8601-fbf8c2663433,a
3736099f-b155-4e2a-8601-fbf8c2663433,imm
3795b1c3-a8d3-4a44-8f08-a8022944d1ea,S
3795b1c3-a8d3-4a44-8f08-a8022944d1ea,Polityka
37ecbb72-0420-4f81-bb49-dd0be42b75b0,NSZZ
37ecbb72-0420-4f81-bb49-dd0be42b75b0,Solidarność
37ecbb72-0420-4f81-bb49-dd0be42b75b0,Lonely Planet
37f55ede-51da-405a-a4f3-34ea7badd1a6,Shell
37f55ede-51da-405a-a4f3-34ea7badd1a6,Zespołu do
380312ad-dd3c-4bfe-8a78-40c033a9d011,Waste Klaster
381499ec-2752-41e0-b4da-30e56648718a,F
381499ec-2752-41e0-b4da-30e56648718a,LCLS
38292004-779b-4948-8250-5e9abfb7c0b5,Wydziale Biologii
382b7415-17d0-4676-923c-7d3b921d4b08,Centrum Telemonitroingu
382b7415-17d0-4676-923c-7d3b921d4b08,Kardio
382b7415-17d0-4676-923c-7d3b921d4b08,Med
384d2176-1f41-422a-856b-e24605babf07,enumi
385a7b46-56ce-4d28-ac95-3b02a42739c0,Komisji ds. Przeciwdziałania przestępczości ubezpieczeniowej
38611ff6-a144-45a0-a63a-ee088ce454ae,Grupa CZH S.A
387c8cd6-c387-4120-ad57-473e73a14fe2,Agencja UE
387c8cd6-c387-4120-ad57-473e73a14fe2,ji
3886a6d0-d6db-4c44-8ebd-85c4e11955e7,IChF PAN
38b8e156-be32-4a13-8494-f8f044a560b6,In
38b8e156-be32-4a13-8494-f8f044a560b6,stytucie Informatyki UWr
38dbfefc-5ee5-452a-85cc-c245e27a47b9,IITD
38dfb638-9e29-4e68-ac46-f6e44d1cb6b9,to
38dfb638-9e29-4e68-ac46-f6e44d1cb6b9,yotam
38dfb638-9e29-4e68-ac46-f6e44d1cb6b9,Grup
38dfb638-9e29-4e68-ac46-f6e44d1cb6b9,Cygan
3943babd-f1a5-40c7-bd03-a2c23b046bf6,Narodowej Akademii Sztuki Ukrainy
3955d193-6384-4d7c-a41e-1cea13ff3a27,Żeglugi Śródlądowej
3955d193-6384-4d7c-a41e-1cea13ff3a27,Urzęd
3955d193-6384-4d7c-a41e-1cea13ff3a27,Morskich
3962fd08-fafc-438c-9a92-66ff72a3ab0b,Wydawnictwo „Jedność
397b9ff1-c07f-4255-b7cf-0dfb3361d03f,D
397b9ff1-c07f-4255-b7cf-0dfb3361d03f,Geotermia
397b9ff1-c07f-4255-b7cf-0dfb3361d03f,szczonów
398d0f6d-e720-4f1a-8f48-c046d06f5307,Rady Miasta Białego
398d0f6d-e720-4f1a-8f48-c046d06f5307,ku
398d0f6d-e720-4f1a-8f48-c046d06f5307,Kościele Ewangelicko-Augsburskim
399d89e6-7ded-44f7-9018-9fa054e0580f,Zoom
399d89e6-7ded-44f7-9018-9fa054e0580f,Utopian Studies Society
399d89e6-7ded-44f7-9018-9fa054e0580f,H. G. Wells
399d89e6-7ded-44f7-9018-9fa054e0580f,Interdisciplinary Research Team on Cultural Areas
3a2ca19c-bc21-453b-bace-cac3629c9848,Collegium Maius
3a323c6a-9c97-4c94-9bbd-81d32b1357f3,u Ubezpieczeń Społecznych
3a323c6a-9c97-4c94-9bbd-81d32b1357f3,J
3a323c6a-9c97-4c94-9bbd-81d32b1357f3,O
3a39a742-31c3-4cbb-9488-c1c80b88b4d2,Artur Küpper & GmbH Co. KG
3a39a742-31c3-4cbb-9488-c1c80b88b4d2,Reg
3a39a742-31c3-4cbb-9488-c1c80b88b4d2,ionalna Rada Laponii
3a39a742-31c3-4cbb-9488-c1c80b88b4d2,In
3a39a742-31c3-4cbb-9488-c1c80b88b4d2,sty
3a39a742-31c3-4cbb-9488-c1c80b88b4d2,tut Konkurencyjności Biznesu Kastylii i Leon
3a65b008-cdc9-4fc7-b328-9be68923e40a,CINDER
3a6a0f45-cbd2-47d3-a6f8-2f597f0aa278,Szkoła Polska im. Bohaterów
3a6a0f45-cbd2-47d3-a6f8-2f597f0aa278,Ambasadzie RP
3a6a0f45-cbd2-47d3-a6f8-2f597f0aa278,Szkoła Polska
3a6a0f45-cbd2-47d3-a6f8-2f597f0aa278,Konsulat Rzeczpospolitej
3a6a0f45-cbd2-47d3-a6f8-2f597f0aa278,Wydziale Konsularnym
3a9d0f51-1d56-4d64-ab86-7bd84230eb9c,BM
3a9d0f51-1d56-4d64-ab86-7bd84230eb9c,SWIM
3a9d0f51-1d56-4d64-ab86-7bd84230eb9c,Urzęd
3a9d0f51-1d56-4d64-ab86-7bd84230eb9c,Morskimi
3a9d0f51-1d56-4d64-ab86-7bd84230eb9c,Wojewódzki
3a9d0f51-1d56-4d64-ab86-7bd84230eb9c,Centrami Zarządzania Kryzysowego
3a9d0f51-1d56-4d64-ab86-7bd84230eb9c,IBŻ
3afdc817-273b-40b7-8292-f2751d64f6b3,ES-SO
3afdc817-273b-40b7-8292-f2751d64f6b3,Z
3afdc817-273b-40b7-8292-f2751d64f6b3,uro SCIEX
3afdc817-273b-40b7-8292-f2751d64f6b3,FR
3afdc817-273b-40b7-8292-f2751d64f6b3,MOs
3b1fe4c5-92e7-4a34-9522-89c60826ccf3,Lawendowy Nantes
3b3cbf41-7b91-464a-b4e9-ef72e06d5df4,U
3b3cbf41-7b91-464a-b4e9-ef72e06d5df4,rząd Patentowy RP
3b3cbf41-7b91-464a-b4e9-ef72e06d5df4,T
3b3cbf41-7b91-464a-b4e9-ef72e06d5df4,rybunał Sprawiedliwości Unii Europejskiej
3b3cbf41-7b91-464a-b4e9-ef72e06d5df4,S
3b3cbf41-7b91-464a-b4e9-ef72e06d5df4,ąd Najwyższy
3b3cbf41-7b91-464a-b4e9-ef72e06d5df4,K
3b3cbf41-7b91-464a-b4e9-ef72e06d5df4,rajowa Izba Gospodarcza-Przemysł Rozlewniczy
3b6f82c8-9a02-411b-9ec9-1b54e97fefb9,Bi
3b6f82c8-9a02-411b-9ec9-1b54e97fefb9,uro Inżynierskie IVW Polska Sp. z o.o.
3b6f82c8-9a02-411b-9ec9-1b54e97fefb9,Krajową Izbę Gospodarki Odpada
3c3a8bc3-b27d-4579-86ad-ff888c11ad77,Akademii Pomorskiej
3c3a8bc3-b27d-4579-86ad-ff888c11ad77,S
3c3a8bc3-b27d-4579-86ad-ff888c11ad77,jo
3c3a8bc3-b27d-4579-86ad-ff888c11ad77,wistyka
3c3c0be9-eb44-4cf5-8486-25cb7af95d66,Tha
3c3c0be9-eb44-4cf5-8486-25cb7af95d66,les Alenia Space
3c72289b-772d-4a91-8d21-c1b7feb01ad7,Powiatow
3c72289b-772d-4a91-8d21-c1b7feb01ad7,Urzędy Pracy
3c72289b-772d-4a91-8d21-c1b7feb01ad7,Doskonalenia Zawodowego
3c72289b-772d-4a91-8d21-c1b7feb01ad7,S
3c72289b-772d-4a91-8d21-c1b7feb01ad7,YNTRA Vlaanderen
3c79e25b-f72a-49d1-8c29-e3314fea1b3f,ASS
3c79e25b-f72a-49d1-8c29-e3314fea1b3f,TICAS
3c79e25b-f72a-49d1-8c29-e3314fea1b3f,TIC
3c79e25b-f72a-49d1-8c29-e3314fea1b3f,Departament Nauki
3c951f5c-4319-4ae7-87ae-8ec5d70c2b1c,in
3cc6e533-44fb-4c06-939d-abcc1e12fd87,„
3cc6e533-44fb-4c06-939d-abcc1e12fd87,European HealthTech Innovation Center
3cc6e533-44fb-4c06-939d-abcc1e12fd87,Polsko-Amerykańska Klinika Chorób Serca
3ce1cd75-f118-4f6d-8fd5-6840073b56c4,Res Publica Nowa
3ce1cd75-f118-4f6d-8fd5-6840073b56c4,Res Publiki
3ce1cd75-f118-4f6d-8fd5-6840073b56c4,Instytut Nauk o Człowieku
3ce1cd75-f118-4f6d-8fd5-6840073b56c4,Uniwersy
3d15214e-db4f-4ca2-a5ce-95654b13f2c4,Archiwum Państwowe
3d15214e-db4f-4ca2-a5ce-95654b13f2c4,Austria
3d15214e-db4f-4ca2-a5ce-95654b13f2c4,cki
3d15214e-db4f-4ca2-a5ce-95654b13f2c4,e Forum Kultury
3d15214e-db4f-4ca2-a5ce-95654b13f2c4,Brama Grodzka
3d15214e-db4f-4ca2-a5ce-95654b13f2c4,Muzeum Galicja
3d490fe7-1e9a-4200-8f48-3d59edcaa0bf,P
3d490fe7-1e9a-4200-8f48-3d59edcaa0bf,rzeglądzie Politycznym
3d490fe7-1e9a-4200-8f48-3d59edcaa0bf,Zarząd
3d490fe7-1e9a-4200-8f48-3d59edcaa0bf,Towarzystwa Polsko-Niemieckiego
3d490fe7-1e9a-4200-8f48-3d59edcaa0bf,Deutsch-Polnische
3d8328ef-91cd-4ab2-97ab-67de3dd56773,Przedsiębiorstwem KWS Lochow Polska Sp. z o. o.
3da55da9-dd74-483e-88e6-9f79fc215e05,Uniwersyteckiego Szpitala Klinicznego
3da55da9-dd74-483e-88e6-9f79fc215e05,"Kliniki Onkologii, Hematologii i Transplantologii Pediatrycznej"
3da55da9-dd74-483e-88e6-9f79fc215e05,II Katedry Pediatrii
3da55da9-dd74-483e-88e6-9f79fc215e05,Oddziału Anestezjologii i Intensywnej Terapii Pulmonologicznej
3da55da9-dd74-483e-88e6-9f79fc215e05,Krakowskiego Szpitala Specjalistycznego im. Jana
3dc1478f-c4dd-4d15-a29b-bf97a930f9e9,Uniwersytetu Warmińsko-Mazurskiego
3dc1478f-c4dd-4d15-a29b-bf97a930f9e9,Katerę Onkologii
3dccd9ea-4839-4ea1-a7db-88d649f0677b,Muzeum Sztuki Nowoczesnej
3dccd9ea-4839-4ea1-a7db-88d649f0677b,Instytut Filozofii i Socjologii PAN
3dccd9ea-4839-4ea1-a7db-88d649f0677b,Muzeum Plakatu
3e0a742f-fdfd-4a33-9f6f-d2c548169b6f,CUP
3e0a742f-fdfd-4a33-9f6f-d2c548169b6f,In
3e0a742f-fdfd-4a33-9f6f-d2c548169b6f,tucie
3e33cfba-5d54-4c8b-b4d3-c08c77335d48,uksw.edu
3e33cfba-5d54-4c8b-b4d3-c08c77335d48,w
3ec81abf-c4cd-42b9-8c26-9a14174d3ee2,Composites Today
3ec81abf-c4cd-42b9-8c26-9a14174d3ee2,Technicznego
3eece28c-b033-4076-a4e6-3cacf1df9592,Akademii im. Jakuba z Parady
3eece28c-b033-4076-a4e6-3cacf1df9592,Radiu Zachód
3f336ae5-404a-4314-b824-30663f9d7b4d,Polski
3f336ae5-404a-4314-b824-30663f9d7b4d,e Stowarzyszenie Montessori
3f336ae5-404a-4314-b824-30663f9d7b4d,DBB
3f89abba-ed4e-4acb-81ce-2cb827ddf732,Szkół Matematyki Poglądowej
3faf2403-f6cf-48f6-9449-ce07803d9f53,Fundacja Linum na
4000a2af-26fe-4ef5-8970-6d0198798af0,u Spawalnictwa
4030fbbb-4e63-408f-9357-7118d1bf072b,Akademi
4030fbbb-4e63-408f-9357-7118d1bf072b,i Muzycznej w Krakowie
4030fbbb-4e63-408f-9357-7118d1bf072b,i Muzycznej w
4030fbbb-4e63-408f-9357-7118d1bf072b,owi
4030fbbb-4e63-408f-9357-7118d1bf072b,i Muzycznej
4030fbbb-4e63-408f-9357-7118d1bf072b,Uniwersytetu Muzycznego Fryderyka Chopina
411322d3-4093-4ad9-92de-f5b435c4fba1,MedTube
411322d3-4093-4ad9-92de-f5b435c4fba1,medtube
411322d3-4093-4ad9-92de-f5b435c4fba1,WebSurg
411322d3-4093-4ad9-92de-f5b435c4fba1,surg
411322d3-4093-4ad9-92de-f5b435c4fba1,Ministra Zdrowia
411322d3-4093-4ad9-92de-f5b435c4fba1,Autorów
41155b40-7c53-49da-8f0f-5c3e7a6efb37,CORINE Land Cover
41155b40-7c53-49da-8f0f-5c3e7a6efb37,C
4149fe89-cf44-4bb6-8de3-8dcf4cc7c499,Organizacji Pozarządowych Działających na Rzecz Osób
416e027a-6f05-4cc3-a66e-f0d5907afc78,D
416e027a-6f05-4cc3-a66e-f0d5907afc78,W
416e027a-6f05-4cc3-a66e-f0d5907afc78,Z
416e027a-6f05-4cc3-a66e-f0d5907afc78,wiązek Miast Polskich
419cc077-524a-4ce0-8fd1-17f5079b6a96,Komendy Powiatowej Policji
419cc077-524a-4ce0-8fd1-17f5079b6a96,Komend Policji
419cc077-524a-4ce0-8fd1-17f5079b6a96,CBŚP Zarząd
41f78b91-fed7-4940-b3a7-9c0a7179985c,Collegium Medicum UJK
42069e25-6dea-4e48-8e6f-badb6ee3bfb1,Wo
42601d33-e841-48a0-9dc1-f94b407880c0,Emerline sp. z o
4261a889-1c23-4133-b072-9e464484bc82,S
42b9e4ae-5706-4f97-8115-06d002f7c3f9,Google Scholar
42b9e4ae-5706-4f97-8115-06d002f7c3f9,Small Wars Journal
42c24087-f685-4558-8db4-f254d8dc5d8c,u Technologii Polimerów WTiICh UTP
42c24087-f685-4558-8db4-f254d8dc5d8c,Zakład Technologii Polimerów i Powłok Ochronnych WTiICh
42c2b16d-cf24-465e-af50-d3a73baa9f73,ack.edu
42c2b16d-cf24-465e-af50-d3a73baa9f73,nepl.edu
42c2b16d-cf24-465e-af50-d3a73baa9f73,ukw
42c2b16d-cf24-465e-af50-d3a73baa9f73,Vilniaus lopselis-darzelis Gintarelis in Vilnius
42c2b16d-cf24-465e-af50-d3a73baa9f73,Šv. Juozapo mokyklos
42c2b16d-cf24-465e-af50-d3a73baa9f73,Pašilaičių bendruomenės darželio vadov
42c50e52-62e2-40e4-9cfc-f377ee064362,Koordynatorką ds. Dostępności
42ce37cb-b46b-4f59-9d89-a0d895aeefd3,radiokrakow.pl
42ce37cb-b46b-4f59-9d89-a0d895aeefd3,uj
42ce37cb-b46b-4f59-9d89-a0d895aeefd3,II Liceum Ogólnoszktałcącym
43009a39-244b-4abf-bc16-0b994f5bb0b0,warzy
431e687d-c3c2-4eaa-a848-7ca3c665a5c3,NPR
431ea001-77ef-44fc-ba36-f3204e708cd0,MOLAB
431ea001-77ef-44fc-ba36-f3204e708cd0,e-rihs
431ea001-77ef-44fc-ba36-f3204e708cd0,D
431ea001-77ef-44fc-ba36-f3204e708cd0,W
4358a161-8b5a-443d-9fa7-02cfb7165f59,Województw
4373124c-029e-4f5b-a014-294fd11ed9f8,Szpitalu Marynarki Wojennej
4376f8d7-1da9-4273-a9e5-bba86bb7f80e,Frontiers in Genetics
4376f8d7-1da9-4273-a9e5-bba86bb7f80e,J. Cellular Biochemistry
4376f8d7-1da9-4273-a9e5-bba86bb7f80e,Frontiers in Genet
4376f8d7-1da9-4273-a9e5-bba86bb7f80e,Frontiers
4376f8d7-1da9-4273-a9e5-bba86bb7f80e,Bio
4376f8d7-1da9-4273-a9e5-bba86bb7f80e,nol
4376f8d7-1da9-4273-a9e5-bba86bb7f80e,Studies in Logic
4376f8d7-1da9-4273-a9e5-bba86bb7f80e,Grammar and Rhetorics
4376f8d7-1da9-4273-a9e5-bba86bb7f80e,Genes
4376f8d7-1da9-4273-a9e5-bba86bb7f80e,L. Gene Therapy
4376f8d7-1da9-4273-a9e5-bba86bb7f80e,Frontiers Genet.
4376f8d7-1da9-4273-a9e5-bba86bb7f80e,J. of Psychiatric Research
438c08dc-cf83-4d77-afd1-4f6cadeb4dfe,Wr
438c08dc-cf83-4d77-afd1-4f6cadeb4dfe,PWr.
43f76962-c30f-4c48-9106-9b9038882cd4,U
440800da-229d-43c3-bb19-c05e9adaa99d,Polskie Kadry Sp. z o.o
440800da-229d-43c3-bb19-c05e9adaa99d,IP PAN
441a0f81-5b79-4373-8609-4727e922441c,M
441a0f81-5b79-4373-8609-4727e922441c,KO
443290da-d1bd-4e88-8e09-266e0cf3f57a,F
443290da-d1bd-4e88-8e09-266e0cf3f57a,luence
4443bdd1-801d-4764-b0c6-49e46e96760f,Industry
44ab7eaf-c58e-4001-9e4f-28c842f0c29c,z
44b5a482-cf75-4755-9a4b-caf6dc6e72d8,Główne
44b5a482-cf75-4755-9a4b-caf6dc6e72d8,Bi
44f7c18e-eaf6-48e4-aae3-d258acd63504,In
44f7c18e-eaf6-48e4-aae3-d258acd63504,stytucie Astronomii Uniwersytetu Zielonogórskiego
453bba2d-47af-46d1-b5a4-2e66dd769fe4,DE
453bba2d-47af-46d1-b5a4-2e66dd769fe4,COR
453bba2d-47af-46d1-b5a4-2e66dd769fe4,Nauk
453bba2d-47af-46d1-b5a4-2e66dd769fe4,Szkolnictwa Wyższego
453d19ab-4606-4812-8981-d65dde39845d,Intermag s. z o.o
455ca5c8-1642-4f58-b19b-ec65c4233505,Івано-Франківська
455ca5c8-1642-4f58-b19b-ec65c4233505,«3-Студія
455ca5c8-1642-4f58-b19b-ec65c4233505,Stowarzyszenia Krajoznawców Ukrainy
4574a136-18c3-4d12-b2b4-976fe0b06127,Konwencję Berneńską
4574a136-18c3-4d12-b2b4-976fe0b06127,Rady Zarządzania populacją wilka i niedźwiedzia
4577a3ef-dacb-4920-a2cb-586615696b11,Z
4577a3ef-dacb-4920-a2cb-586615696b11,Uniwer. Pontificia Salesiana
4577a3ef-dacb-4920-a2cb-586615696b11,Uniwersytecie Papieskim Jana Pawła II
4577a3ef-dacb-4920-a2cb-586615696b11,Uniwer. Zielo
4577a3ef-dacb-4920-a2cb-586615696b11,Wydziale Nauk o Zdrowiu Uniwer. Medycznego
4577a3ef-dacb-4920-a2cb-586615696b11,Warszawskim Uniwer. Medycznym
4577a3ef-dacb-4920-a2cb-586615696b11,Uniwer. Mikołaja Kopernika
4577a3ef-dacb-4920-a2cb-586615696b11,Hospic
45fe0112-61fd-46b5-a004-8bc7b7487637,Komis
45fe0112-61fd-46b5-a004-8bc7b7487637,ds.
45fe0112-61fd-46b5-a004-8bc7b7487637,unesco
45fe0112-61fd-46b5-a004-8bc7b7487637,unesco.pl
45fe0112-61fd-46b5-a004-8bc7b7487637,Instytut Kształcenia Nauczycieli WE
45fe0112-61fd-46b5-a004-8bc7b7487637,Uni
45fe0112-61fd-46b5-a004-8bc7b7487637,Centrum Interdyscyplinarnych Studiów o Polsce
45fe0112-61fd-46b5-a004-8bc7b7487637,europa
45fe0112-61fd-46b5-a004-8bc7b7487637,uni
4636b7d9-ce94-47db-92d7-5df51e15d04c,B+
4667d480-9e0e-4198-9921-3c895dd9c9aa,Markets and Markets
4667d480-9e0e-4198-9921-3c895dd9c9aa,orafol
4667d480-9e0e-4198-9921-3c895dd9c9aa,com
4677235b-6ffe-4138-a9eb-cfad041318cf,Acta Chiropterol.
4677235b-6ffe-4138-a9eb-cfad041318cf,Central Europ. J. Biol.
46a90e1b-ed7f-47cc-9f04-ee20024d561f,IQPharma Clinical Trials Assistant
46a90e1b-ed7f-47cc-9f04-ee20024d561f,IVSolution
46a90e1b-ed7f-47cc-9f04-ee20024d561f,IQPharma
46a90e1b-ed7f-47cc-9f04-ee20024d561f,NUTPro
46b87b5c-4675-4364-8a5b-fa94d46dbd99,MarketWatch
46b87b5c-4675-4364-8a5b-fa94d46dbd99,Katedrze Technologii Postaci Leku i Biofarmacji
46b87b5c-4675-4364-8a5b-fa94d46dbd99,UJ CM
46cf4cc8-56fd-40d1-91e8-31e9280f37b3,Lodzi
46cf4cc8-56fd-40d1-91e8-31e9280f37b3,Ło
46cf4cc8-56fd-40d1-91e8-31e9280f37b3,standing Poland
4736f6ce-4453-4846-8594-d2b9cc483530,Angus
4736f6ce-4453-4846-8594-d2b9cc483530,Maine Anjou
4736f6ce-4453-4846-8594-d2b9cc483530,Senepol
4736f6ce-4453-4846-8594-d2b9cc483530,American Wagyu
47471ab1-5230-464e-91ee-d00315040351,W
47471ab1-5230-464e-91ee-d00315040351,P
47471ab1-5230-464e-91ee-d00315040351,I
475a7670-11cd-4d49-8fd2-f78bfda7b17b,Lotniczą Akademią Woj
47aa8371-444a-4c86-9611-ea9f2368ed3e,DW
47aa8371-444a-4c86-9611-ea9f2368ed3e,Minister
47aa8371-444a-4c86-9611-ea9f2368ed3e,"stwo Rozwoju, Pracy i Technologii"
47c7b593-f8d2-46d9-9e98-b3f3f9c2552e,Roboczej
47f4981f-903c-4b1d-8f23-fec6118eefb1,ów
485a89f9-ce59-4621-88b6-ba5bf07ab4e5,Wysoka Komisarz ONZ
485a89f9-ce59-4621-88b6-ba5bf07ab4e5,Office of the High Commissioner for Human Rights
4861ff7e-a79d-4cfa-a28d-7ed3071fdf0b,Ministerstwa Nauki
4861ff7e-a79d-4cfa-a28d-7ed3071fdf0b,kolnictwa Wyższego
4861ff7e-a79d-4cfa-a28d-7ed3071fdf0b,Państwa
48783eaf-5088-4c3d-97a5-3c44ac6bf3fc,Z
48783eaf-5088-4c3d-97a5-3c44ac6bf3fc,rzeszeniem Przewoźników Drogowych
48783eaf-5088-4c3d-97a5-3c44ac6bf3fc,Uczel
4884339a-4ac9-4743-9936-1272f798c911,Katedrę Żywienia Człowieka
4884339a-4ac9-4743-9936-1272f798c911,Uniwersytetu Warmińsko-Mazurskiego
4884339a-4ac9-4743-9936-1272f798c911,Komitetu Nauki o Żywi
48851797-ddde-4ed9-81ac-14170aef13b1,Wodociągi
48851797-ddde-4ed9-81ac-14170aef13b1,Kanalizacja
48851797-ddde-4ed9-81ac-14170aef13b1,Sp. z o.o
48851797-ddde-4ed9-81ac-14170aef13b1,"EMPLA, spol. s r.o."
48851797-ddde-4ed9-81ac-14170aef13b1,Královéhradecká provozni a.s
48851797-ddde-4ed9-81ac-14170aef13b1,Zdravotní ústav
48851797-ddde-4ed9-81ac-14170aef13b1,Centrum hygienickych laboratori
48851797-ddde-4ed9-81ac-14170aef13b1,IDEA-ENVI s.r.o
48851797-ddde-4ed9-81ac-14170aef13b1,Elektrárna Chvaletice a.s
48851797-ddde-4ed9-81ac-14170aef13b1,valectice
48851797-ddde-4ed9-81ac-14170aef13b1,EMPLA AG spol
48ad2d1e-1e10-4ca6-97e2-c38c6b869deb,Wars
48ad2d1e-1e10-4ca6-97e2-c38c6b869deb,zawską Operę Kameralną
48ad2d1e-1e10-4ca6-97e2-c38c6b869deb,YouTube
48ad2d1e-1e10-4ca6-97e2-c38c6b869deb,Narodowe Forum Muzyki
48b1250b-b2b3-47d2-8745-f72ccd67422e,Convention for the Conservation of Antarctic Marine Living Resources
48b1250b-b2b3-47d2-8745-f72ccd67422e,WoS
48c21d15-07f2-4ab1-a80d-80cfa86b0b6c,ILAC
48c21d15-07f2-4ab1-a80d-80cfa86b0b6c,RA
48c21d15-07f2-4ab1-a80d-80cfa86b0b6c,Europejskiej
49045dee-07ec-41ad-aed1-39c569eddda0,GL LP
492b9e49-1228-4be7-baf7-54cb3ada3ced,Wydziału Dziennikarstwa
4948ab28-7c9e-45f8-990f-cc031ee98966,The Association of Computing Machinery
4948ab28-7c9e-45f8-990f-cc031ee98966,Regionalnym Ośrodkiem Pomocy Społecznej Województwa Śląsk
49842ab7-8094-4b4f-83e5-99733f5a1893,Wojewódzkim Szpitalem Specjalistycznym
499807e5-10a6-455a-a150-c58d2f16ccf3,Klin
499807e5-10a6-455a-a150-c58d2f16ccf3,cznego Oddziału Ginekologiczno-Położniczego
4a21a8aa-bfed-4b18-93bb-4e9b8fe289c8,SL
4a21a8aa-bfed-4b18-93bb-4e9b8fe289c8,N
4a362e7d-5144-4fb4-a441-a406ad6c5d2f,Sz
4a362e7d-5144-4fb4-a441-a406ad6c5d2f,pitala Klinicznego im. dr.
4a362e7d-5144-4fb4-a441-a406ad6c5d2f,. Babińskiego
4a5a3630-4175-4131-8616-db61416cdc50,Program Drugi
4a5a3630-4175-4131-8616-db61416cdc50,Ru
4a5a3630-4175-4131-8616-db61416cdc50,ch Muzyczny
4a5a3630-4175-4131-8616-db61416cdc50,YouTube
4a5a3630-4175-4131-8616-db61416cdc50,Mini
4a5a3630-4175-4131-8616-db61416cdc50,"sterstwa Kultury,"
4a5a3630-4175-4131-8616-db61416cdc50,Dziedzictwa Narodowego i Sportu
4a76c072-21d7-4f14-b26b-bc6b238a8649,Ś
4a76c072-21d7-4f14-b26b-bc6b238a8649,wia
4a76c072-21d7-4f14-b26b-bc6b238a8649,towa Rada Badań nad Polonią
4a9b5572-196c-4385-b999-117891337b62,Baza Wiedzy
4a9b5572-196c-4385-b999-117891337b62,Zarząd
4a9b5572-196c-4385-b999-117891337b62,Krakowskiego Alarmu Smogowego
4a9b5572-196c-4385-b999-117891337b62,Woj
4a9b5572-196c-4385-b999-117891337b62,skowy Instytut Medyczny
4ba2977e-a5d3-4f27-aa0b-d4b998cab661,Zarząd Główny
4ba2977e-a5d3-4f27-aa0b-d4b998cab661,Towarzystwa Pomocy im. Brata Alberta
4ba6e31b-90f9-4e76-9570-0936c0f5b2aa,R
4ba6e31b-90f9-4e76-9570-0936c0f5b2aa,ządu RP
4ba6e31b-90f9-4e76-9570-0936c0f5b2aa,Fotowol
4ba6e31b-90f9-4e76-9570-0936c0f5b2aa,ice Polskiej
4bc42130-61eb-4fbb-860f-deb082ea1a8d,Warszawski
4bc42130-61eb-4fbb-860f-deb082ea1a8d,Laboratorium Miejskiego
4bc8a360-77bd-478e-b48f-d63dad4c44ad,Uniwersytetem Mendela
4bc8a360-77bd-478e-b48f-d63dad4c44ad,Web of Science
4c4350a4-a90e-4c39-b926-ee9eb052d47b,ZE
4c8434d7-c6c4-45f3-a20e-173279a94a4e,Nowej Fal
4cad5398-8851-46e8-a2c9-62b4742ae0dc,Polskiej Akademi
4d7c8201-7780-4aa7-8f3e-becba34af793,DW
4d7c8201-7780-4aa7-8f3e-becba34af793,Academia.edu
4daaf82f-2258-48ed-a223-edad3326b8d4,IPP Greifs
4de2ab82-a769-4bf4-8bc9-7ebbdb5305bc,WISS WAWRZASZEK Inżynieria Samochodów Specjalnych
4de2ab82-a769-4bf4-8bc9-7ebbdb5305bc,s
4de2ab82-a769-4bf4-8bc9-7ebbdb5305bc,"F.M. ""BUMAR – KOSZALIN"","
4de439d4-c3a8-45e9-9c73-d179539a4f50,Regionalnym Związku Hodowców Owiec i Kóz
4de439d4-c3a8-45e9-9c73-d179539a4f50,Uniwersytet Przyrodniczy
4e16887d-e9aa-46ca-b4b9-0cc2b1203308,Instytutu Pedagogiki Akademii Pomorskiej
4e5c8c2c-637c-41f3-af2d-2b9975de9ec2,gerlach en koop
4e5c8c2c-637c-41f3-af2d-2b9975de9ec2,„Kra Kra Intelligence” Cooperative
4ea239dc-1ab7-4d64-8955-f76ecbb2842a,GROWAG Sp. z o.o
4ea2df38-e5d6-4637-872f-bf317d6185a1,Konwencji Sztokholmskiej
4ea2df38-e5d6-4637-872f-bf317d6185a1,Środowisk
4ea2df38-e5d6-4637-872f-bf317d6185a1,społu ZT UM
4ea2df38-e5d6-4637-872f-bf317d6185a1,UNE
4eb0e74a-70e5-4d45-83c6-395cdb2af049,Bi
4eb0e74a-70e5-4d45-83c6-395cdb2af049,uro Kultury m.
4eb0e74a-70e5-4d45-83c6-395cdb2af049,Warszawy
4eb0e74a-70e5-4d45-83c6-395cdb2af049,POLONICA
4eb0e74a-70e5-4d45-83c6-395cdb2af049,dzict
4eb0e74a-70e5-4d45-83c6-395cdb2af049,Narodowego
4eb0e74a-70e5-4d45-83c6-395cdb2af049,Helios
4eb8183c-a7f6-4154-b2a4-87d84acb0156,Katedrze Matematyki
4f8f99b6-0d4e-409a-b1a3-6e4a4bd2e4dd,Genom
4f8f99b6-0d4e-409a-b1a3-6e4a4bd2e4dd,e Research
4f96ab96-accb-4aea-9fe3-47c62e4305c5,’
4f96ab96-accb-4aea-9fe3-47c62e4305c5,Union Européenne
4f96ab96-accb-4aea-9fe3-47c62e4305c5,Forum Akademickie
4fcbb7eb-0242-4358-95f8-ba856c28a52a,Parkiem
500055df-a4c3-41b5-a777-54edd51ff8ba,Si
500055df-a4c3-41b5-a777-54edd51ff8ba,Powietrznych
5045e138-76a4-4f49-80b1-6451e12e98fc,Fab
5045e138-76a4-4f49-80b1-6451e12e98fc,ry
5045e138-76a4-4f49-80b1-6451e12e98fc,Tłoków Silnikowych Złotecki Sp. z o.o.
506004c1-8348-4c94-824a-e75bcd67e2fd,Du
506004c1-8348-4c94-824a-e75bcd67e2fd,-Dmitruk
506004c1-8348-4c94-824a-e75bcd67e2fd,Polsko-Japońską Misją Naukowo-Artystyczną
506004c1-8348-4c94-824a-e75bcd67e2fd,MSiTJ Mang
50fc30fc-9962-4e68-809a-d6939025cf33,Man
50fc30fc-9962-4e68-809a-d6939025cf33,Polskiego Towarzystwa Ewaluacyjnego
50fc30fc-9962-4e68-809a-d6939025cf33,J
511b090b-fecf-4756-9afd-d6d923eac692,O
511b090b-fecf-4756-9afd-d6d923eac692,środku DELab
51800c66-b400-433c-a838-f17f51346484,European Association for the Study of the Liver
51800c66-b400-433c-a838-f17f51346484,American Association for the Study of Liver Diseases
51800c66-b400-433c-a838-f17f51346484,Aghemo
51a01e6a-c2b2-4dac-b53c-66cbd8f012c7,Uniwersytecie
51c4816c-3740-41df-98cc-b88c6814af03,św
51c4816c-3740-41df-98cc-b88c6814af03,Beiteddine Palace
51dcbd06-6255-4837-9169-3c8e7910b823,Minister
51dcbd06-6255-4837-9169-3c8e7910b823,st
51dcbd06-6255-4837-9169-3c8e7910b823,wu Inwestycji i Rozwoju
51dcbd06-6255-4837-9169-3c8e7910b823,Muzeum Pałacu Króla Jana III
51dcbd06-6255-4837-9169-3c8e7910b823,Krakow
51e0acf3-c9d8-4c6f-964b-39864c2c1243,Discovery Science
51e0acf3-c9d8-4c6f-964b-39864c2c1243,Science Channel USA
51e0acf3-c9d8-4c6f-964b-39864c2c1243,FB Science Channel
51e0acf3-c9d8-4c6f-964b-39864c2c1243,FB
5210fbef-858f-4907-b59e-a9ee738160f6,(
52373552-9f49-4c46-b7aa-b0413ecb637a,Uniwersytetu Medycznego
5237e862-3060-429b-a9a7-45a1994d5daa,HelicoComplex
5237e862-3060-429b-a9a7-45a1994d5daa,Food
5249de14-397d-4a83-a371-029426ff22e9,Instytutem Sportu
5249de14-397d-4a83-a371-029426ff22e9,Narod
5249de14-397d-4a83-a371-029426ff22e9,V4Sport
524f75ee-30d1-4c0c-946c-a25ee523de09,atur
5254ddf2-3638-486c-801d-2ef4b4a69acd,Open Nexus
5254ddf2-3638-486c-801d-2ef4b4a69acd,Akademi
5254ddf2-3638-486c-801d-2ef4b4a69acd,Zakupowej
5254ddf2-3638-486c-801d-2ef4b4a69acd,YouTube
52c1b82b-3d19-44e8-ad70-ee2953ae4409,Instytutu Współpracy Polsko-Węgierskiej
52c1b82b-3d19-44e8-ad70-ee2953ae4409,uksw
52da7826-9113-4fc3-9295-ef2748fd7263,Szkoła Podstawowa
52da7826-9113-4fc3-9295-ef2748fd7263,Szkoła Podstawowa nr 27
52da7826-9113-4fc3-9295-ef2748fd7263,Szkoła Podstawowa nr 117
52da7826-9113-4fc3-9295-ef2748fd7263,Szkoła Podstawowa nr 3
52da7826-9113-4fc3-9295-ef2748fd7263,Zespole Szkół
52da7826-9113-4fc3-9295-ef2748fd7263,Pedagogiczną
52da7826-9113-4fc3-9295-ef2748fd7263,ową
52e70977-b038-49df-96f2-c496773999b8,Uniwersytetu Jana Kochanowskiego
52e797ed-4b41-4625-a306-dcb779d23030,Uniwersytetu Warmińsko-Mazurskiego
53323529-47f9-4893-bf74-02bb952f7ace,Nature
53323529-47f9-4893-bf74-02bb952f7ace,PNAS USA
53323529-47f9-4893-bf74-02bb952f7ace,Web of Science
5337dc87-0b9b-4eeb-bbb2-4512b372ac5c,musicalchairs.com
536b1a24-dcbc-4ca3-89eb-abee60a082fa,TT
53793b05-facb-40ca-bba7-9fc5ffc9e1db,S
53793b05-facb-40ca-bba7-9fc5ffc9e1db,Spontime
53793b05-facb-40ca-bba7-9fc5ffc9e1db,Macov
53793b05-facb-40ca-bba7-9fc5ffc9e1db,Instise
53793b05-facb-40ca-bba7-9fc5ffc9e1db,Mimmi
53793b05-facb-40ca-bba7-9fc5ffc9e1db,Doxychain
5389f159-f53d-4205-8c1b-c07d5c2dd332,Wy
5389f159-f53d-4205-8c1b-c07d5c2dd332,"dziale Inżynierii Lądowej, Środowiska i Geodezji"
5389f159-f53d-4205-8c1b-c07d5c2dd332,Cmentarza Centralnego
538d86b3-e4d3-4e6d-92be-35432f754371,i
538d86b3-e4d3-4e6d-92be-35432f754371,re
538d86b3-e4d3-4e6d-92be-35432f754371,Instytutu Polskiego
538d86b3-e4d3-4e6d-92be-35432f754371,Akademii Pedagogiki Specjalnej
538d86b3-e4d3-4e6d-92be-35432f754371,Instytutu Edukacji Artystycznej
53985cb1-c37f-4990-aaaf-1e10a9d9bd06,Ambasada
53985cb1-c37f-4990-aaaf-1e10a9d9bd06,i
53985cb1-c37f-4990-aaaf-1e10a9d9bd06,Ł
53985cb1-c37f-4990-aaaf-1e10a9d9bd06,ódzka Szkoła Filmowa
53985cb1-c37f-4990-aaaf-1e10a9d9bd06,T. Powszechny
53985cb1-c37f-4990-aaaf-1e10a9d9bd06,"Nowy,"
53985cb1-c37f-4990-aaaf-1e10a9d9bd06,Mały
53985cb1-c37f-4990-aaaf-1e10a9d9bd06,Chorea
53985cb1-c37f-4990-aaaf-1e10a9d9bd06,Teatr 21
53985cb1-c37f-4990-aaaf-1e10a9d9bd06,Interuniversitärer Forschungsverbund Elfriede Jelinek
54004c1f-d924-4a7e-a65e-08ff126db29f,G
54004c1f-d924-4a7e-a65e-08ff126db29f,łówny Inspektorat Sanitarny
54004c1f-d924-4a7e-a65e-08ff126db29f,Ministerstwo właściw
54004c1f-d924-4a7e-a65e-08ff126db29f,ds. Pracy
54004c1f-d924-4a7e-a65e-08ff126db29f,REACH
54603faa-d7f8-4f38-a33a-8ee88e10c2c7,D
54603faa-d7f8-4f38-a33a-8ee88e10c2c7,Domów Dziennego Pobytu
54603faa-d7f8-4f38-a33a-8ee88e10c2c7,DP
54d90df1-f3a0-4554-b739-4ac965ef5a91,pospolit
54de0bc6-19c1-49d9-ab3d-b9d5ea00abac,Bu
54de0bc6-19c1-49d9-ab3d-b9d5ea00abac,khara Engineering-Technical Institute of High Technologies
54de0bc6-19c1-49d9-ab3d-b9d5ea00abac,Karshi Engineering-Economic Institute
54de0bc6-19c1-49d9-ab3d-b9d5ea00abac,kąta Wie
5512c4d9-e8a9-4478-9d16-779e29daaa1e,Antex II sp. z o.o
5532cffc-24ca-48e7-9d04-2a07f0db1fd2,In
559a975d-6f58-4958-b280-0ed04e0eafef,Pracownia badań nad trwałością i degradacją
55b4703a-d19a-4dba-aaf8-01a2e8fabf32,Orkiestra
55b4703a-d19a-4dba-aaf8-01a2e8fabf32,Chór Filharmonii Śląskiej
55b4703a-d19a-4dba-aaf8-01a2e8fabf32,Uniwersytet Sztuki
55b4703a-d19a-4dba-aaf8-01a2e8fabf32,PSM I i II st.
55b55669-ba50-454a-8561-47160058e6db,EZRA
55b55669-ba50-454a-8561-47160058e6db,CZP
55b55669-ba50-454a-8561-47160058e6db,a
561f0bde-d5bc-4969-b99a-29226289759b,Wydziału Fizyki
561f9d25-fba8-4606-9eb9-5f11bc4b2952,Akademia 30+)
561f9d25-fba8-4606-9eb9-5f11bc4b2952,„Polityka
561f9d25-fba8-4606-9eb9-5f11bc4b2952,„Przegląd
561f9d25-fba8-4606-9eb9-5f11bc4b2952,„Przekrój
561f9d25-fba8-4606-9eb9-5f11bc4b2952,„
561f9d25-fba8-4606-9eb9-5f11bc4b2952,Znak
561f9d25-fba8-4606-9eb9-5f11bc4b2952,„Rzeczpospolita
56a724f0-ee39-4282-978a-68169871428b,W
56a724f0-ee39-4282-978a-68169871428b,Ministra Rolnictwa i Rozwoju Wsi
56a724f0-ee39-4282-978a-68169871428b,Główne
56a724f0-ee39-4282-978a-68169871428b,Urzędowi Statystyczne
56a724f0-ee39-4282-978a-68169871428b,Instytut Rybactwa Śródlądowego im.
56ce22ab-9efb-4bfb-8410-626a0208ed90,Kląt
56ce22ab-9efb-4bfb-8410-626a0208ed90,Ondyny
56ce22ab-9efb-4bfb-8410-626a0208ed90,Fundacja CCHS „Zdejmij klątwę
56ce22ab-9efb-4bfb-8410-626a0208ed90,Polskiej Fundacji CCHS „Zdejmij Klątwę
56ce22ab-9efb-4bfb-8410-626a0208ed90,„Zdejmij klątwę
56d6b7d5-8467-4234-a809-ea99ff13f319,Rzecznik Praw Obywatelskich
56dfcddc-5f7f-47ac-9af4-16c7ca2e56f0,"Institut für Film-, Theater-, Medien- und Kulturwissenschaft"
56dfcddc-5f7f-47ac-9af4-16c7ca2e56f0,Sch
56dfcddc-5f7f-47ac-9af4-16c7ca2e56f0,s
56f60f3c-206d-44e2-bc02-ff93ad6386d5,Ze
56f60f3c-206d-44e2-bc02-ff93ad6386d5,spole Chemii Kwantowej PŁ
56f60f3c-206d-44e2-bc02-ff93ad6386d5,Goldberg Consulting
56f60f3c-206d-44e2-bc02-ff93ad6386d5,EurekAlert!
57b78afb-6d9a-4e96-a110-0b874f3b6f18,VARTCO
57b78afb-6d9a-4e96-a110-0b874f3b6f18,„AGAPLAST
57ffacbf-7ce8-47e2-b3f0-ddde70af5174,Komitetu Technicznego 9_8
57ffacbf-7ce8-47e2-b3f0-ddde70af5174,"Amerykańskiego Towarzystwa Inżynierów Ogrzewnictwa, Chłodnictwa i Klimatyzacji"
5826ead8-74ad-4218-9b77-c6d43bb21ecd,Uniwersytetu Medycznego
58627867-9c0f-4b5e-978b-a84d63536c75,Departament Rolnictwa i Rozwoju Wsi
58627867-9c0f-4b5e-978b-a84d63536c75,Urzędu Marszałkowskiego Województwa Opolskiego
58627867-9c0f-4b5e-978b-a84d63536c75,Ministra Rolnictwa i Rozwoju Wsi
590d9b7b-9b31-4924-a71a-facb6a38fe66,Politechniki w
590d9b7b-9b31-4924-a71a-facb6a38fe66,wiz
590d9b7b-9b31-4924-a71a-facb6a38fe66,amazon.de
592ca9c7-7fa3-4ab8-9731-0015d3427178,Krakow
594553e1-6af5-405f-9530-2a8e9584e135,MEN(iN
595a10f3-8114-4864-a4be-5b5465e1b5da,IMPiB
59761769-0a08-4fdf-a295-abfcc66067f8,Verbum
59761769-0a08-4fdf-a295-abfcc66067f8,Głos Katolicki
59761769-0a08-4fdf-a295-abfcc66067f8,UPJP II
59761769-0a08-4fdf-a295-abfcc66067f8,Uniwersyte
59761769-0a08-4fdf-a295-abfcc66067f8,Wyd. Księgarnia Akademicka
59761769-0a08-4fdf-a295-abfcc66067f8,Naukowego
59784be0-10d7-4f96-8047-6c0685140553,Intel
59784be0-10d7-4f96-8047-6c0685140553,zaktion
598c72c3-87d4-40bc-ad8f-efca13f7f7ad,Teatru Wit
598c72c3-87d4-40bc-ad8f-efca13f7f7ad,Teatr
598c72c3-87d4-40bc-ad8f-efca13f7f7ad,Peter Lang
59b27a4f-213b-4125-b5a5-13f35a0893b5,Instytutu Ochrony Roślin
59ec3331-a969-4736-b5fa-5817fab7d760,MTSU Center for Historic Preserva
59ec3331-a969-4736-b5fa-5817fab7d760,Middle Tennessee State University
5a64db1f-dc2f-4bff-8c7b-4a37e29e6ae4,W
5a64db1f-dc2f-4bff-8c7b-4a37e29e6ae4,College of Nursing
5a64db1f-dc2f-4bff-8c7b-4a37e29e6ae4,University of Medicine and Pharmacy “Gr T Popa”
5a9db0eb-ac0d-48c0-ae17-6135e4a47e77,Krajowego Rejestru Nowotworów
5aa9ef65-1718-4e40-a35c-e6d8bf746c4f,Zespołu UM
5b3261d0-1754-4d94-ad62-eb3c1ddb8c7a,Ewenex Energy Sp. z o.o
5b3261d0-1754-4d94-ad62-eb3c1ddb8c7a,przemysłem energetycznym
5b3261d0-1754-4d94-ad62-eb3c1ddb8c7a,ochroną środowiska
5b3261d0-1754-4d94-ad62-eb3c1ddb8c7a,zrównoważonym rolnic
5b3261d0-1754-4d94-ad62-eb3c1ddb8c7a,ZI
5b3261d0-1754-4d94-ad62-eb3c1ddb8c7a,R
5b3261d0-1754-4d94-ad62-eb3c1ddb8c7a,Laboratori
5b3261d0-1754-4d94-ad62-eb3c1ddb8c7a,Odnawialnych Źródeł Energii
5bb02821-757c-48c9-aafd-fdedf7e5855f,Nano-Tech Polska
5bb02821-757c-48c9-aafd-fdedf7e5855f,.z
5bb02821-757c-48c9-aafd-fdedf7e5855f,Nano-Koloid Polska
5bb02821-757c-48c9-aafd-fdedf7e5855f,. z o.o
5bd6ec37-c44c-4921-9490-7103a03a547c,YouTube
5bd7d6da-b1a1-4995-ab71-d951d71fd3c9,Po
5bd7d6da-b1a1-4995-ab71-d951d71fd3c9,łaniec
5bd7d6da-b1a1-4995-ab71-d951d71fd3c9,mi
5c213401-c554-4345-9c30-29c5ac614b06,"BayesFusion, LLC"
5c348e01-a519-4c8a-9709-71f9a25f41eb,.pl
5ce13125-ec23-4eab-ba85-767be21dcb7c,Zespo
5ce13125-ec23-4eab-ba85-767be21dcb7c,łu Badawczego SUM
5cfac4e6-d708-4913-9c75-58407a7e40e2,Centrum Naukowo-Produkcyjnym Mikroelektroniki Hybrydowej i
5cfac4e6-d708-4913-9c75-58407a7e40e2,zystorów UNITRA-TELPOD
5d42ff33-751f-4aed-abc6-dbfa3e6e606f,NF
5de3c50d-689d-4329-b3f5-71fff5bbccf5,Aluco
5e04aa84-cbdd-481e-b11b-d11e0f43f851,Polskiej Szkoły w Dublinie
5e04aa84-cbdd-481e-b11b-d11e0f43f851,SEN
5e1f889a-d99a-49c8-b95c-2bb4901d3ef8,Departament Legislacyjny Prawa Karnego
5e5c4846-6e79-4ee1-94b9-c24be7c61816,Instytutem Badań Edukacyjnych
5e696031-229e-418b-99fb-d702adad28e7,Funduszy
5e696031-229e-418b-99fb-d702adad28e7,Polityki Regionalnej
5e6ebe29-2ed0-4f54-aeb2-5b866ee8c46a,a
5e6ebe29-2ed0-4f54-aeb2-5b866ee8c46a,Uniwersytet Przyrodniczy
5e6ebe29-2ed0-4f54-aeb2-5b866ee8c46a,Wo
5e6ebe29-2ed0-4f54-aeb2-5b866ee8c46a,dociągi Kieleckie Sp. z o.o.
5e7b6977-3a8c-4e53-80db-86fd49c49c70,Si
5e7b6977-3a8c-4e53-80db-86fd49c49c70,Zbrojnymi
5e7b6977-3a8c-4e53-80db-86fd49c49c70,ony
5e7b6977-3a8c-4e53-80db-86fd49c49c70,Zbroj
5e7b6977-3a8c-4e53-80db-86fd49c49c70,Z
5e7b6977-3a8c-4e53-80db-86fd49c49c70,bu
5e7b6977-3a8c-4e53-80db-86fd49c49c70,Zbrojnych
5ea3666f-2894-440a-a56e-6a42204f7ac0,"Zakład Produkcji Cukierniczej ""NORD"" Sp. z o.o"
5ea3666f-2894-440a-a56e-6a42204f7ac0,Pie
5ea3666f-2894-440a-a56e-6a42204f7ac0,kar
5ea3666f-2894-440a-a56e-6a42204f7ac0,nia Galicyjska Sp. z o.o.
5ea5463c-2b00-4499-9e58-90cda8bf48fd,Program Współpracy Interreg VA
5eac7a97-4e8b-4531-af34-de7f963ee3fe,Web of Science
5eb2c79f-5862-4881-8a66-7740a01b89b8,Grupy Tauron
5eb2c79f-5862-4881-8a66-7740a01b89b8,Strategi
5eb2c79f-5862-4881-8a66-7740a01b89b8,Agendy Badawczej
5ebb4293-b123-4a0c-b4fc-278c2749c03f,KS
5f00bd1e-b0f8-4a7b-abfd-02278fe7ec1c,strzę
5f00bd1e-b0f8-4a7b-abfd-02278fe7ec1c,Szkoła Podstawowa
5f00bd1e-b0f8-4a7b-abfd-02278fe7ec1c,Eurodyktando
5f00bd1e-b0f8-4a7b-abfd-02278fe7ec1c,Wydział Europejskiego Funduszu Społecznego Urzędu Marszałkowskiego
5f00bd1e-b0f8-4a7b-abfd-02278fe7ec1c,Szkoła Podstawowa nr 3
5f38237a-5195-426d-bdb8-f54a26a48038,Świętego Soboru Biskupów
5f6fbd0f-417e-4c8b-a703-31da932e5a53,Wy
5f6fbd0f-417e-4c8b-a703-31da932e5a53,dziale Biologiczno-Rolniczym
5f75fa91-3d18-4436-abd0-6531aac105c5,pollenaeva
5f75fa91-3d18-4436-abd0-6531aac105c5,com
5f75fa91-3d18-4436-abd0-6531aac105c5,Wirtualnej Polski
5f75fa91-3d18-4436-abd0-6531aac105c5,Bran
5f75fa91-3d18-4436-abd0-6531aac105c5,„Kosmetyki”
5f9084e5-5be8-495e-8609-42afd90eada0,Wi
5f9084e5-5be8-495e-8609-42afd90eada0,Gazety Praw
5f9084e5-5be8-495e-8609-42afd90eada0,Polska The Times
5f9084e5-5be8-495e-8609-42afd90eada0,„Sieci
5f9084e5-5be8-495e-8609-42afd90eada0,Teologia Polityczna
5f9084e5-5be8-495e-8609-42afd90eada0,teologiapolityczna
5f9084e5-5be8-495e-8609-42afd90eada0,pl
5f9084e5-5be8-495e-8609-42afd90eada0,a
5f9084e5-5be8-495e-8609-42afd90eada0,tyczna
5f9084e5-5be8-495e-8609-42afd90eada0,PolskieRadio24)
5fff4ff9-8415-42da-a690-462fa42e1c11,T
5fff4ff9-8415-42da-a690-462fa42e1c11,AURON
601371f5-dabf-4453-988b-bd659bc69b85,Zentrum
601371f5-dabf-4453-988b-bd659bc69b85,Experimental Studio
601371f5-dabf-4453-988b-bd659bc69b85,The Wire
601371f5-dabf-4453-988b-bd659bc69b85,Radio Experimental Studio
6042823d-6a5b-46a4-b62b-63f8e83c2743,Kolegium Lekarzy Rodzinnych w Polsce
6042823d-6a5b-46a4-b62b-63f8e83c2743,Europejskiej federacji towarzystw chemii klinicznej i medycyny laboratoryjnej
6042823d-6a5b-46a4-b62b-63f8e83c2743,Kolegium Medycyny Laboratoryjnej
6066a86b-739c-46a1-867a-81919146d132,C
6066a86b-739c-46a1-867a-81919146d132,CO
60704bde-b59e-48a9-9ae8-3f187aab1d48,Laboratorium Wzorcującego Wentylacyjne Przyrządy Pomiarowe
60704bde-b59e-48a9-9ae8-3f187aab1d48,LWWPP
60704bde-b59e-48a9-9ae8-3f187aab1d48,UE Merdia
607d8aca-f346-4ea3-98b4-be11651998c0,Akademii Rolniczej
607d8aca-f346-4ea3-98b4-be11651998c0,Uniwersytet Przyrodniczy
609d23a8-623c-4b07-b168-b95cad076b1b,Fundacja im. Karla Dedeciusa
609d23a8-623c-4b07-b168-b95cad076b1b,Zakładu Translatoryki i Glottodydak
60da2d6a-fe77-4954-8121-07f4d932d42a,Vic
60da2d6a-fe77-4954-8121-07f4d932d42a,Victims of Communism Memorial
60f22bb5-01aa-4c42-a59b-d4b8c46c5d41,Towarzystwa Kultury Języka oddział
60f22bb5-01aa-4c42-a59b-d4b8c46c5d41,Towarzystwo Kultury Języka Oddział
6136e121-a777-4a43-919f-d61d48a263a0,IOR–PIB
618ee168-0f94-4e70-bf91-27d3a91a50f7,Śląskiego Uniwersytetu Medycznego
61a1041d-797a-443f-9afa-446893bfd71e,Stowarzyszenia im. Jana Karskiego
61a1041d-797a-443f-9afa-446893bfd71e,YouTube
61a1041d-797a-443f-9afa-446893bfd71e,Teatr im. Stefana Żeromskiego
61a1041d-797a-443f-9afa-446893bfd71e,Nowym Teatrze Krzysztofa Warlikowskiego
61a1041d-797a-443f-9afa-446893bfd71e,Pa
61a1041d-797a-443f-9afa-446893bfd71e,Katedrze Antropologii Literatury i Badań Kulturowych
61a1041d-797a-443f-9afa-446893bfd71e,Teatrze Drama
61c59319-4cea-4515-a157-395733e7fa9e,Wy
61c59319-4cea-4515-a157-395733e7fa9e,dziale Humanistyczno-Społecznym ATH
61c59319-4cea-4515-a157-395733e7fa9e,e
61c59319-4cea-4515-a157-395733e7fa9e,Biblioteki Śląskiej
61c59319-4cea-4515-a157-395733e7fa9e,sbc.org.
61ff64f6-444c-4421-b576-c2072fa94163,Instytut Technik Węglowych Sp. z o. o.
61ff64f6-444c-4421-b576-c2072fa94163,Instytutu Technik Węglowych Sp. z o. o.
6254a1e5-118f-493d-bff8-f90ebc0a2659,Wydawnictwa MAC
6288721b-6385-4cd6-b92f-13ee500c48a9,Katalogu Zabytków
6288721b-6385-4cd6-b92f-13ee500c48a9,u
6288721b-6385-4cd6-b92f-13ee500c48a9,Muzeum Parafi
629fe20e-e3f5-4613-b18f-dda576026872,Koła Naukowego Dydaktyki Matematyki i Informatyki Omega
629fe20e-e3f5-4613-b18f-dda576026872,Wydziałem Informatyki Uniwersytetu w Debre
629fe20e-e3f5-4613-b18f-dda576026872,unideb
629fe20e-e3f5-4613-b18f-dda576026872,Uniwersytetu w Debre
62b29515-f053-4e12-92cd-acf6b09dbd1c,uj
62fd918f-3c2a-4106-b706-50ede839ceb7,Biuro Programu „Niepodległa
632ef876-50a8-4c91-b7f7-dbc04db88c89,ekspert
632ef876-50a8-4c91-b7f7-dbc04db88c89,Gazeta Wyborcza Wrocław
632ef876-50a8-4c91-b7f7-dbc04db88c89,Now
632ef876-50a8-4c91-b7f7-dbc04db88c89,a Trybuna Opolska
63310186-8969-4b43-9c2c-d5246eb2c353,Klimat
633463c5-9527-4431-8a16-970b795c4601,Uniwersytecie Warmińsko-Mazurskim
633463c5-9527-4431-8a16-970b795c4601,Świat
633463c5-9527-4431-8a16-970b795c4601,owej Organizacji Zdrowia
635287d4-3e9a-4575-9fb5-e3c35c4fc7ea,u Medycyny Doświadczalnej i Klinicznej PAN
636526b3-708d-443f-8a32-45b0655c0a6e,cseb.
636526b3-708d-443f-8a32-45b0655c0a6e,uni.
636526b3-708d-443f-8a32-45b0655c0a6e,roc
636526b3-708d-443f-8a32-45b0655c0a6e,Wydziałem Bezpieczeństwa Urzędu Marszałkowskiego Województwa Dolnoś
636526b3-708d-443f-8a32-45b0655c0a6e,Wydziałem Bezpieczeństwa Urzędu Marszałkowskiego Województw
636526b3-708d-443f-8a32-45b0655c0a6e,Dol
636526b3-708d-443f-8a32-45b0655c0a6e,D
63c46efc-3775-414e-8d35-de4f06b55db7,Pomeranii
63c46efc-3775-414e-8d35-de4f06b55db7,Cze
63c46efc-3775-414e-8d35-de4f06b55db7,c
63c46efc-3775-414e-8d35-de4f06b55db7,Region
64243b3e-b1ff-4930-9a01-3c2ea2276c29,Katedrę Filologii Polskiej Uniwersytetu Lwowskiego im.
64243b3e-b1ff-4930-9a01-3c2ea2276c29,. Franki
64243b3e-b1ff-4930-9a01-3c2ea2276c29,Oddział Polski „THE EXPLORERS CLUB
643f8330-a46b-48cd-8dc2-f5f81b4b0072,Ini
645a028b-871b-48db-8204-61a05ca4d0db,Klub
645a028b-871b-48db-8204-61a05ca4d0db,em Przyrodników
645a028b-871b-48db-8204-61a05ca4d0db,Regional
645a028b-871b-48db-8204-61a05ca4d0db,ne Dyrekcje Ochrony Środowiska
64641562-0ba2-4ea1-807c-3eb8e393c327,The Conversation
64641562-0ba2-4ea1-807c-3eb8e393c327,Daily Science
64641562-0ba2-4ea1-807c-3eb8e393c327,DC
64c2119a-4808-461f-a99f-7bdea7deb827,P
64c2119a-4808-461f-a99f-7bdea7deb827,strąg
64c89226-0646-44d4-be0c-44ec7b129d90,Muzeum Miejskiego Szty
64c89226-0646-44d4-be0c-44ec7b129d90,Wojewódzkiego Śląskiego Urzędu Ochrony Zabytków
64c89226-0646-44d4-be0c-44ec7b129d90,IŚGiE PŚ
64ce389b-2bb9-4a20-890b-e242c48ceb76,Ryszard Król PPHiUT
64ce389b-2bb9-4a20-890b-e242c48ceb76,RÓŻA
64ce389b-2bb9-4a20-890b-e242c48ceb76,ÓW
64e47327-d7a0-47ac-a904-acece8a8aac3,eDialog Sp. z o. o.
64e47327-d7a0-47ac-a904-acece8a8aac3,pl
64e47327-d7a0-47ac-a904-acece8a8aac3,edialog.pl
64e47327-d7a0-47ac-a904-acece8a8aac3,elni
6540819e-ac32-4872-b018-d4ebaa4cd600,ściele
65c09280-468f-4e0a-b838-2b09ae55667f,u Nauk o Bezpieczeństwie
65c09280-468f-4e0a-b838-2b09ae55667f,Ter
65c09280-468f-4e0a-b838-2b09ae55667f,ytorialnej Służby Wojskowej
65c843db-471d-4035-a05b-8f00c644d894,Metro
65c843db-471d-4035-a05b-8f00c644d894,Travel Channel
65c843db-471d-4035-a05b-8f00c644d894,NOVA TV
65c843db-471d-4035-a05b-8f00c644d894,Instytut Cervantesa
65c843db-471d-4035-a05b-8f00c644d894,In
65c843db-471d-4035-a05b-8f00c644d894,stytucie Neofilologii Akademii Techniczno
65d1d1a5-ef4a-4849-ab77-0368263b53bf,rigaku.com
65d28a58-b0d3-4f79-80c7-8fd9b297c82d,In
65d28a58-b0d3-4f79-80c7-8fd9b297c82d,nicyt
6641555c-253b-424b-80f7-b06305a85dec,Ministra Środowiska
66763b07-2ffc-4459-9dbc-11b552bbbc6c,Uniwersytet Przyrodniczy w
66763b07-2ffc-4459-9dbc-11b552bbbc6c,Uniwersytet Rolniczy im. Hugona Kołłątaja
66763b07-2ffc-4459-9dbc-11b552bbbc6c,Klub
66763b07-2ffc-4459-9dbc-11b552bbbc6c,Uczelnianego Akademickiego Związku Sportowego Uniwersytet Rzeszowski
66763b07-2ffc-4459-9dbc-11b552bbbc6c,Uczelnianego Akademickiego Związku Sportowego Uniwersytetu Rzeszowskiego
66ac7ce6-4b14-4fa7-a433-8b6ee7c0642f,Prat
66ac7ce6-4b14-4fa7-a433-8b6ee7c0642f,t&Whitney Rzeszów
66ac7ce6-4b14-4fa7-a433-8b6ee7c0642f,em Technicznym Wojsk Lotniczych
66ac7ce6-4b14-4fa7-a433-8b6ee7c0642f,Wojskowymi Zakładami Lotniczymi Nr 4.
66ac7ce6-4b14-4fa7-a433-8b6ee7c0642f,Europejski Klaster Rozwoju Technologii
66ac7ce6-4b14-4fa7-a433-8b6ee7c0642f,ETDC
66ac7ce6-4b14-4fa7-a433-8b6ee7c0642f,Wydziału Inży
66ac926c-7295-4cd6-aba5-30bd547f35fc,Teatr i
66ac926c-7295-4cd6-aba5-30bd547f35fc,Edukacja
66ac926c-7295-4cd6-aba5-30bd547f35fc,Sz
66ac926c-7295-4cd6-aba5-30bd547f35fc,spir
66ac926c-7295-4cd6-aba5-30bd547f35fc,//line
66ae7c2c-c3ab-4d72-a900-f17d2eb2a789,ug
66ae7c2c-c3ab-4d72-a900-f17d2eb2a789,TPMM Transnational Project Management
66ae7c2c-c3ab-4d72-a900-f17d2eb2a789,LTTA Learning Teaching Training Activities
66eefad8-9ccf-4acb-beae-86139cb7c648,Grupy Tauron Polska Energia
66eefad8-9ccf-4acb-beae-86139cb7c648,Grupy Tauron
66eefad8-9ccf-4acb-beae-86139cb7c648,B+
66f287f4-fc0b-4395-be80-08e235ce34b9,Sz
66f287f4-fc0b-4395-be80-08e235ce34b9,ta
66f287f4-fc0b-4395-be80-08e235ce34b9,bu Generalnego WP
67347a1a-803d-42b9-b381-fca89de8b686,"Plants, Animals, Food and Feed"
67347a1a-803d-42b9-b381-fca89de8b686,PAFF
67347a1a-803d-42b9-b381-fca89de8b686,Commitee
673e3e62-9fd5-45cf-964a-25d0e977b991,Międzynarodowe Targi
675e8128-140c-41c2-830b-1520704c7109,MBL PO
676ad35c-7772-4e19-b552-a74e5df33e05,Teatru Collegium Nobilium
676ad35c-7772-4e19-b552-a74e5df33e05,Teatr
676ad35c-7772-4e19-b552-a74e5df33e05,u im. Jana Wilkowskiego
676ad35c-7772-4e19-b552-a74e5df33e05,u Polskiego Radia
676ad35c-7772-4e19-b552-a74e5df33e05,u Telewizji Polskiej
676ad35c-7772-4e19-b552-a74e5df33e05,Teatru Rampa
67c73eda-d482-44c6-a61c-1ec3158dbd2a,Gazeta Shqiptar
68051678-b103-401d-8970-380f6d5e9382,Prokuratur
68051678-b103-401d-8970-380f6d5e9382,Biura do Walki z Cyberprzestępczością
68122d30-b998-4da9-af10-c56d42c700d8,In
68122d30-b998-4da9-af10-c56d42c700d8,stytucie Inżynierii Biomedycznej
68122d30-b998-4da9-af10-c56d42c700d8,Uniwersytetem Śląskim
68122d30-b998-4da9-af10-c56d42c700d8,owi
68122d30-b998-4da9-af10-c56d42c700d8,Akademii Wychowania Fizycznego
68122d30-b998-4da9-af10-c56d42c700d8,DW
6842c289-610f-43fc-bcc1-c87b39209b00,J
6842c289-610f-43fc-bcc1-c87b39209b00,HJ
6842c289-610f-43fc-bcc1-c87b39209b00,NC
6842c289-610f-43fc-bcc1-c87b39209b00,olimp-labs
686a9f0a-e906-48de-ab9c-470b56f317e8,EcoRGS
686c9480-66fa-4b48-ab5b-a429f97253d4,O
686c9480-66fa-4b48-ab5b-a429f97253d4,środkiem Badania Twórczości
6895085e-a1ee-4a20-b255-3ce7640d91ae,K
6895085e-a1ee-4a20-b255-3ce7640d91ae,ated
6895085e-a1ee-4a20-b255-3ce7640d91ae,ry Ubezpieczeń
68bcf8c9-75af-4323-bd2b-eae65400082e,W.Wojtasik
68bcf8c9-75af-4323-bd2b-eae65400082e,A.Turską-Kawę
68bcf8c9-75af-4323-bd2b-eae65400082e,W.Wojtasika
68bcf8c9-75af-4323-bd2b-eae65400082e,M. Marmolę
68bcf8c9-75af-4323-bd2b-eae65400082e,A.Turskiej-Kawy
68bcf8c9-75af-4323-bd2b-eae65400082e,M.Marmolę
68bcf8c9-75af-4323-bd2b-eae65400082e,General
68e096e7-6849-4988-a08c-5b7c838cf41a,spo
68e096e7-6849-4988-a08c-5b7c838cf41a,Roboczych
68e096e7-6849-4988-a08c-5b7c838cf41a,Zespołu ds. technologii fotonicznych
68e096e7-6849-4988-a08c-5b7c838cf41a,Ze
68e096e7-6849-4988-a08c-5b7c838cf41a,ds. żywności w obszarze
68e096e7-6849-4988-a08c-5b7c838cf41a,gospodarki
68e096e7-6849-4988-a08c-5b7c838cf41a,Interreg Europa
68e128a8-9168-4520-9746-404e9db3fcab,E
68e128a8-9168-4520-9746-404e9db3fcab,+R
68e128a8-9168-4520-9746-404e9db3fcab,EPCglobal
68e128a8-9168-4520-9746-404e9db3fcab,EMC
691de70c-6c16-48c5-b03e-0e25902cb70a,Wy
691de70c-6c16-48c5-b03e-0e25902cb70a,dziale Prawa i Ekonomii
6924165d-d793-4031-8f56-2a2f18cc5a57,DW
6924165d-d793-4031-8f56-2a2f18cc5a57,Biuro Programowania Katechezy
6924165d-d793-4031-8f56-2a2f18cc5a57,Komisji Wychowania Katolickiego KEP
69346308-61fd-4038-ae18-6a83bbfbe55c,In
69346308-61fd-4038-ae18-6a83bbfbe55c,tu
69346308-61fd-4038-ae18-6a83bbfbe55c,Instytu
69346308-61fd-4038-ae18-6a83bbfbe55c,Ze
696a75e2-d4b7-4966-901a-f06539087cdc,ór
696a75e2-d4b7-4966-901a-f06539087cdc,Miast Partner
696a75e2-d4b7-4966-901a-f06539087cdc,chóru UMCS
69734c2f-ca5f-4ce7-98b3-36494de2e15d,F
69734c2f-ca5f-4ce7-98b3-36494de2e15d,édération Internationale des Véhicules Anciens
69734c2f-ca5f-4ce7-98b3-36494de2e15d,p
69734c2f-ca5f-4ce7-98b3-36494de2e15d,Auto
69734c2f-ca5f-4ce7-98b3-36494de2e15d,Classic
698d5f95-2cc6-4311-ae81-13c473e4b9fe,tu
69af7010-6ef9-421a-a43e-506e2b3ba08d,sko Pomorskiej Bibliotece Cyfrowej
69af7010-6ef9-421a-a43e-506e2b3ba08d,Stowarzyszeniem Miast Króla Kazimierza
69af7010-6ef9-421a-a43e-506e2b3ba08d,ego
69c7532a-cbb2-472e-b7bd-2c588ca8e39d,uni
69c7532a-cbb2-472e-b7bd-2c588ca8e39d,lodz
6a37d9cd-eef6-4000-ae9f-f47516dba0c7,W
6a43ea8f-34ae-4c53-87fe-297c3d5f3db8,(
6a6b35df-6ec3-4195-8ae9-fcce839488a0,-
6a6b35df-6ec3-4195-8ae9-fcce839488a0,Centralnej Komisji do Spraw
6a6b35df-6ec3-4195-8ae9-fcce839488a0,Tytułów
6a8a1eb5-a12f-46ef-9941-8cf74c20de92,Kongregacji ds. Świętych
6a8a1eb5-a12f-46ef-9941-8cf74c20de92,Pierwsza
6a8a1eb5-a12f-46ef-9941-8cf74c20de92,Międzynarodowego Stowarzyszenia Badań nad Filozofią Edyty Stein
6a9b9698-2e04-4ab5-a2aa-65ad50cff896,Dom
6ab89c82-8d91-42e6-9f08-cc379656ff07,j
6ab89c82-8d91-42e6-9f08-cc379656ff07,Mars
6b0df6c9-8c71-4dfb-8221-522df77494f4,Senatu Mazowieckiej Uczelni Publicznej
6b0df6c9-8c71-4dfb-8221-522df77494f4,Wydziale Nauk Humanistycznych i Informatyki
6b0df6c9-8c71-4dfb-8221-522df77494f4,Mazowieckiej Uczelni Publicznej
6b0df6c9-8c71-4dfb-8221-522df77494f4,Západočeská Univerzita
6b0df6c9-8c71-4dfb-8221-522df77494f4,Wydział Edukacji Urzędu Miasta
6b0df6c9-8c71-4dfb-8221-522df77494f4,Instytut Badań Edukacyjnych
6b134026-6232-43bb-8e6c-f69dc5f71482,Palestra
6b986e50-b4ca-4824-956a-ec59faa460e4,Sz
6b986e50-b4ca-4824-956a-ec59faa460e4,pitalem Uniwersyteckim w
6b986e50-b4ca-4824-956a-ec59faa460e4,ych
6b986e50-b4ca-4824-956a-ec59faa460e4,Contrac
6b986e50-b4ca-4824-956a-ec59faa460e4,Research Organization
6bd3b9f6-6238-43ca-8928-9770b65c5906,Wy
6bd3b9f6-6238-43ca-8928-9770b65c5906,ziale
6be39b6c-b358-480b-96ad-fdf22881f13a,Jabłonna 2020
6be39b6c-b358-480b-96ad-fdf22881f13a,WIPASZ S.A
6be39b6c-b358-480b-96ad-fdf22881f13a,FARMER Sp. z o. o.
6be39b6c-b358-480b-96ad-fdf22881f13a,Unii Producentów i Pracodawców
6bec346d-b4fd-4581-af5d-a53afee6510a,Ministra Edukacji Narodowej
6bec346d-b4fd-4581-af5d-a53afee6510a,Ministra Edukacji i Nauki
6c1aadbe-fef1-42cd-ad87-7d08a9123241,Konserwatora Zabytków W
6c1aadbe-fef1-42cd-ad87-7d08a9123241,Wa
6c34deed-af31-4aff-be00-c3c8a203567a,Polski
6c34deed-af31-4aff-be00-c3c8a203567a,Koleje Linowe
6c34deed-af31-4aff-be00-c3c8a203567a,TPN-
6c34deed-af31-4aff-be00-c3c8a203567a,Wyż
6c34deed-af31-4aff-be00-c3c8a203567a,Szkołę
6c6e7bda-f363-4413-a2b5-ab024c45ddc2,W
6c6e7bda-f363-4413-a2b5-ab024c45ddc2,spólnoty
6c6e7bda-f363-4413-a2b5-ab024c45ddc2,Ośrodek Diagnostyki i Terapii Laserowej
6c6e7bda-f363-4413-a2b5-ab024c45ddc2,Instytut Zdrowia dr Boczarska-Jedynak
6c6e7bda-f363-4413-a2b5-ab024c45ddc2,Biodex
6c6e7bda-f363-4413-a2b5-ab024c45ddc2,CAREN Extended
6d220556-bd72-4a69-8eaf-0125f0de1635,Wydziale Architektury i Wzornictwa
6d2802df-df74-4522-bf75-b344edc137fe,arna
6d2802df-df74-4522-bf75-b344edc137fe,DW
6d2802df-df74-4522-bf75-b344edc137fe,a Słowian
6d2802df-df74-4522-bf75-b344edc137fe,Bistro GoTuJemy
6d2802df-df74-4522-bf75-b344edc137fe,NYU
6dc19a27-7d38-4e34-9921-08424b689c37,"DG Employment, Social Affairs and Inclusion"
6dc19a27-7d38-4e34-9921-08424b689c37,Zespołu Problemowego WRDS
6df739b5-dd91-400a-9323-f1257c3e9175,Sej
6df739b5-dd91-400a-9323-f1257c3e9175,In
6df739b5-dd91-400a-9323-f1257c3e9175,spekcja Transportu Drogowego
6df739b5-dd91-400a-9323-f1257c3e9175,ITD
6dfcecbe-2338-4ce2-8529-f861648d5765,WB Electronics
6dfcecbe-2338-4ce2-8529-f861648d5765,BZE BELMA S.A.
6e2789c6-5be9-4ed1-a4ac-b11c32b30407,rp
6e2789c6-5be9-4ed1-a4ac-b11c32b30407,Trzoda
6e2789c6-5be9-4ed1-a4ac-b11c32b30407,Top Agra
6e2789c6-5be9-4ed1-a4ac-b11c32b30407,Farm
6e2789c6-5be9-4ed1-a4ac-b11c32b30407,Ł
6e2855ab-c77b-45b1-8f09-f3699f2db34c,Ze
6e43be2c-0226-4012-a154-bd8d4a9c77a1,Kulczyn Kolonia
6e43be2c-0226-4012-a154-bd8d4a9c77a1,agromarina
6e468f86-c17f-4431-b932-72fc377d85bc,„Manggha
6e468f86-c17f-4431-b932-72fc377d85bc,Akademii Sztuk Pięknych
6e48b9db-0744-4900-b018-201202431e3f,Zdrowia Psychicznego
6e48b9db-0744-4900-b018-201202431e3f,C
6e48b9db-0744-4900-b018-201202431e3f,Biuro do spraw pilota
6e897775-498f-465c-8e63-259a0c3d0e83,Sikory
6e897775-498f-465c-8e63-259a0c3d0e83,Sikorę
6e897775-498f-465c-8e63-259a0c3d0e83,Z
6e897775-498f-465c-8e63-259a0c3d0e83,rzeszenie Kaszubsko-Pomorskie
6e897775-498f-465c-8e63-259a0c3d0e83,kor
6e92fa19-57a2-4c18-b8b8-f7f523205f8d,In
6e92fa19-57a2-4c18-b8b8-f7f523205f8d,Wsparcia SZ
6ea8e4bb-ff8f-48a8-8c39-2f6621251971,u Narodowego im. Ossolińskich
6ea8e4bb-ff8f-48a8-8c39-2f6621251971,Muzeum Etnograficznego
6ea8e4bb-ff8f-48a8-8c39-2f6621251971,Państwowego Muzeum Etnograficznego
6ea8e4bb-ff8f-48a8-8c39-2f6621251971,Muzeum Polskiego
6ea8e4bb-ff8f-48a8-8c39-2f6621251971,Stowarzyszenia Instytut Literacki Kultura
6ea8e4bb-ff8f-48a8-8c39-2f6621251971,Biblioteki Polskiej
6ea8e4bb-ff8f-48a8-8c39-2f6621251971,u Polskiego
6ea8e4bb-ff8f-48a8-8c39-2f6621251971,Muzeum im. Sikorskiego
6ea8e4bb-ff8f-48a8-8c39-2f6621251971,Festiwalu im. Brunona Schulza
6ea8e4bb-ff8f-48a8-8c39-2f6621251971,Oddziału Instytutu Pamięci Narodowej
6ea8e4bb-ff8f-48a8-8c39-2f6621251971,uni
6ea8e4bb-ff8f-48a8-8c39-2f6621251971,roc
6ea8e4bb-ff8f-48a8-8c39-2f6621251971,TVP 2
6eabb820-e90f-4c92-8bd4-cc26020ee166,Yale University
6eabb820-e90f-4c92-8bd4-cc26020ee166,Foundation for Civic Space and Public Policy
6eabb820-e90f-4c92-8bd4-cc26020ee166,Polish Academy of Arts and Sciences
6eabb820-e90f-4c92-8bd4-cc26020ee166,Centre for East European Studies
6eabb820-e90f-4c92-8bd4-cc26020ee166,Polish National Foundation
6eabb820-e90f-4c92-8bd4-cc26020ee166,University of Chicago
6eabb820-e90f-4c92-8bd4-cc26020ee166,University of Alberta
6eabb820-e90f-4c92-8bd4-cc26020ee166,Johns Hopkins University
6eabb820-e90f-4c92-8bd4-cc26020ee166,ar
6eabb820-e90f-4c92-8bd4-cc26020ee166,SciencePo
6eabb820-e90f-4c92-8bd4-cc26020ee166,University of Pecs
6eabb820-e90f-4c92-8bd4-cc26020ee166,Royal Holloway
6eabb820-e90f-4c92-8bd4-cc26020ee166,Academic Studies Press
6eabb820-e90f-4c92-8bd4-cc26020ee166,Ohio University
6eabb820-e90f-4c92-8bd4-cc26020ee166,Oxford University
6eabb820-e90f-4c92-8bd4-cc26020ee166,Harvard University
6eabb820-e90f-4c92-8bd4-cc26020ee166,McGill-Queen’s University Press
6eabb820-e90f-4c92-8bd4-cc26020ee166,Jag
6eabb820-e90f-4c92-8bd4-cc26020ee166,iellonian University
6eabb820-e90f-4c92-8bd4-cc26020ee166,Lazarski University
6eabb820-e90f-4c92-8bd4-cc26020ee166,Ukrainian Catholic University
6ecf8cfd-2638-4482-84c0-985168760bed,Instytutu Chemii Uniwersytetu
6ee36523-6d05-47e5-9d57-82d7eb5fccd4,Angionica Sp z o.o
6ee36523-6d05-47e5-9d57-82d7eb5fccd4,Uniwersytety Medyczne
6ee36523-6d05-47e5-9d57-82d7eb5fccd4,Akademia Wychowania Fizycznego
6ef74075-ef43-491c-ad7a-fe8a0b25b5df,Zarząd
6f36df79-d20b-4376-b36a-37595fc014ff,pospolitej Polskiej
6f36df79-d20b-4376-b36a-37595fc014ff,Ambasady Rzeczpospolitej Polskiej
6f36df79-d20b-4376-b36a-37595fc014ff,Trój
6f36df79-d20b-4376-b36a-37595fc014ff,Uni
6f36df79-d20b-4376-b36a-37595fc014ff,ytecie
6f36df79-d20b-4376-b36a-37595fc014ff,i
6f88fbae-c1d1-41fb-a12b-ba1242c2e663,Centrum Badawczo-Rozwojowym Novasome sp. z o. o.
6fb46bdc-df00-44e7-8f00-ea18d2e0ef1f,"""Education and dissemination"""
6fb46bdc-df00-44e7-8f00-ea18d2e0ef1f,EMPOWER-SE
6fccb362-f628-42c0-9d55-9ad7568dd0e6,tu
6fd0c1d5-635b-4dca-9a45-c2459f1a7689,IAHP
6fd0c1d5-635b-4dca-9a45-c2459f1a7689,Interreg Polska-Saks
6fd156be-1c30-43df-8086-51ae0c849438,Energy Econ
7032f7d7-c3aa-46c3-896d-ab6b8b42ea53,Uniw. Medycznego
7032f7d7-c3aa-46c3-896d-ab6b8b42ea53,Minister
70573436-1c35-46d5-86a5-825dfd661733,Uniwersytecie Papieskim Jana Pawła II
70860150-9cae-4208-ba06-5735a3be73db,Zachę
70860150-9cae-4208-ba06-5735a3be73db,ta
70a75c11-dc9a-434a-8547-3c52594f3fc0,s.com
70a75c11-dc9a-434a-8547-3c52594f3fc0,nkreports.com
70a75c11-dc9a-434a-8547-3c52594f3fc0,com
70b4801c-ec42-47ce-afee-77bcc04ec2e3,Web of Science
70b4801c-ec42-47ce-afee-77bcc04ec2e3,ERIH PLUS
70b4801c-ec42-47ce-afee-77bcc04ec2e3,EBSCO
70b4801c-ec42-47ce-afee-77bcc04ec2e3,CEEOL
70b4801c-ec42-47ce-afee-77bcc04ec2e3,CEJSH
70b4801c-ec42-47ce-afee-77bcc04ec2e3,Index Copernicus
70b4801c-ec42-47ce-afee-77bcc04ec2e3,BazHum
70b4801c-ec42-47ce-afee-77bcc04ec2e3,POL-index
711c6886-9752-41e5-9c97-f0e791848a1c,tygodni
711c6886-9752-41e5-9c97-f0e791848a1c,"""Angora"
711c6886-9752-41e5-9c97-f0e791848a1c,Wir
711c6886-9752-41e5-9c97-f0e791848a1c,Media
711c6886-9752-41e5-9c97-f0e791848a1c,Wirtualne Media
711c6886-9752-41e5-9c97-f0e791848a1c,pl
711c6886-9752-41e5-9c97-f0e791848a1c,"""Angora"""
712a8d11-cb04-4536-a816-711adb40dcb5,Związku Metropolitarnego woj
712a8d11-cb04-4536-a816-711adb40dcb5,ślą
712a8d11-cb04-4536-a816-711adb40dcb5,Urzędu Marszałkowskiego Woj
712a8d11-cb04-4536-a816-711adb40dcb5,Śląski
714a93cb-d92a-4da5-b919-e50fcc403bd3,Min. Spraw Zagr.
714a93cb-d92a-4da5-b919-e50fcc403bd3,Min. Edukacji
716d5643-bbcb-49f3-a6d8-91b88a4b8518,Nature
718ea51c-de3d-40b9-8733-36656a1a6923,Urzęd
718ea51c-de3d-40b9-8733-36656a1a6923,Miasta Rzeszowa
718ea60c-52a2-41c0-b458-46e6fd48c90f,Fundusz
718ea60c-52a2-41c0-b458-46e6fd48c90f,Europejskie dla Nowoczesnej Gospodarki
718ea60c-52a2-41c0-b458-46e6fd48c90f,F
718ea60c-52a2-41c0-b458-46e6fd48c90f,ENG
7196f5cd-96ad-4ad3-b394-4fdc34044334,Mi
7196f5cd-96ad-4ad3-b394-4fdc34044334,ejsce
71a2e407-e2aa-426f-980a-c976b9311f24,physic
71db4fc7-f83c-4d0b-a956-03ab3e53a424,DW
7207ee23-273a-4659-a52c-7081bbdf95fa,Polskiego
7207ee23-273a-4659-a52c-7081bbdf95fa,Towarzyszy Diabetologicznego
7207ee23-273a-4659-a52c-7081bbdf95fa,Śląskiego Uniwersytetu Medycznego
728c82b4-0708-4558-b321-f1b0bc6fcc65,u Nauk o Morzu i Środowisku
728c82b4-0708-4558-b321-f1b0bc6fcc65,Urzędu Morskiego
729f3a76-2253-41f0-ba46-ba6630d752e5,Instytutem Chemii Przemysłowej im
729f3a76-2253-41f0-ba46-ba6630d752e5,Uniwersytetem Rolniczym im. Hugona Kołłątaja
72a0e7ab-011b-4f58-b119-b7d0f6c74677,Od
72a0e7ab-011b-4f58-b119-b7d0f6c74677,dział Terenowy
72a0e7ab-011b-4f58-b119-b7d0f6c74677,Oddział Terenowy Narodowego Instytutu Dziedzictwa
72a0e7ab-011b-4f58-b119-b7d0f6c74677,D
72aa6cce-d59a-4348-8f89-b59d295aef3f,iKNOW-WHO GmbH
73055289-aaa2-4d64-879d-1d7bb4fdb1cf,Muzeum Piastów Śląskich
73055289-aaa2-4d64-879d-1d7bb4fdb1cf,Archiwum Państwowe
731c3777-d7ae-424e-8c44-e4426460f86a,Uniwersytecie
7328451b-f260-4f7e-8c05-4fa8f053239c,JD
733b2700-402d-4caf-bbe0-7754bf08df8e,Instytutu Psychiatrii i Neurologii
733b2700-402d-4caf-bbe0-7754bf08df8e,GP
733b2700-402d-4caf-bbe0-7754bf08df8e,Departamencie Innowacyjnym Adamedu
733b2700-402d-4caf-bbe0-7754bf08df8e,Z
733b2700-402d-4caf-bbe0-7754bf08df8e,pół CNS
733f6044-dcf2-4f15-b623-ebad9bb99ed7,Podstawowej
733f6044-dcf2-4f15-b623-ebad9bb99ed7,Centrum Edukacyjne IPN im.
734badf3-ccdc-4336-9ce4-d6c5da894fbe,UE Kat
7369fc2b-3676-4716-84bf-3c7a10a64cc4,Mazowieckiej Uczelni Publicznej
7369fc2b-3676-4716-84bf-3c7a10a64cc4,Płocku
73a10ef0-7fa4-4bf0-8dd2-e1eebf38c63a,e
73a10ef0-7fa4-4bf0-8dd2-e1eebf38c63a,EW W
73d5e1b4-45ec-4bc8-973d-959a0b843bd7,u Psychologii i Kognitywistyki
74217028-f3fb-4726-94db-4d1560ae2b68,Uniwersytecie Przyrodniczym
74217028-f3fb-4726-94db-4d1560ae2b68,Księdze Ochrony Wyłącznego Prawa
74217028-f3fb-4726-94db-4d1560ae2b68,KO
74217028-f3fb-4726-94db-4d1560ae2b68,Ministerstwem Rolnictwa
74246ae2-4b81-4bd0-8ccb-d7adbd3e1986,ZPH Krzaczek
7436e962-30be-4e01-8d30-ebdd44c91a91,Konwencji Ramsar
7440291b-4772-476b-98d9-fc0d12dc0db2,z
7440291b-4772-476b-98d9-fc0d12dc0db2,P
7440291b-4772-476b-98d9-fc0d12dc0db2,-Hopk
7440291b-4772-476b-98d9-fc0d12dc0db2,ern-ithaca
7440291b-4772-476b-98d9-fc0d12dc0db2,-ithaca
7440291b-4772-476b-98d9-fc0d12dc0db2,parpa.pl
7440291b-4772-476b-98d9-fc0d12dc0db2,Fundację „Potrafię Pomóc
74601c00-8e41-4cb6-8e3b-56f8cd975a07,Katedr
74880323-715e-4203-9bd4-602dd7712d1b,Wiod
74880323-715e-4203-9bd4-602dd7712d1b,Zespołu Badawczego Reg-Med-Lab Marycz’s Lab
74880323-715e-4203-9bd4-602dd7712d1b,na in
74926cfd-9ca0-41b6-a7d5-9fd502f5f0c6,YouTube
74a7f3ea-4762-4ea6-9d9e-7ed8b1ed7e79,"Instytutu Uprawy, Nawożenia i Gleboznawstwa Państwowego Instytutu Badawczego"
74a7f3ea-4762-4ea6-9d9e-7ed8b1ed7e79,u Agrofizyki PAN
74b0497a-e5ec-4a7a-83a1-9be69725fc60,Fundacja Augusta hr. Cieszkowskiego
74b0497a-e5ec-4a7a-83a1-9be69725fc60,Kronos TV
74f32d3e-fc88-4e91-9af3-78b364d1dac9,Europejskiej
7505a1b8-bab6-4e27-a375-35e584e4e063,WHO Expert Advisory Committee
750c08a0-7f51-48ad-a785-94b6ede8a9d0,Uniwersytetu im. Adama Mickiewicza
750c08a0-7f51-48ad-a785-94b6ede8a9d0,Uniwersytetu Mikołaja Kopernika
757ef994-dad9-4f53-859c-ed31fe109d3a,Dzienniku Urzędowym UE
75a83357-ef05-481d-b87e-4f8731e9a32f,Kunat
75a83357-ef05-481d-b87e-4f8731e9a32f,Uszyńskiej-Jarmoc
75a83357-ef05-481d-b87e-4f8731e9a32f,Białostockiej Szkoły Realnej
75a83357-ef05-481d-b87e-4f8731e9a32f,Kuna
75a83357-ef05-481d-b87e-4f8731e9a32f,szyńskiej-Jarmoc
75a83357-ef05-481d-b87e-4f8731e9a32f,uwb
75c703ce-263d-4481-be9a-86ef2546dceb,TWIST
75cc0f75-7619-4075-8101-22afdf33c99a,RDLP Pi
75cc0f75-7619-4075-8101-22afdf33c99a,Regionalnej Dyrekcji Lasów Państwowych
75cc0f75-7619-4075-8101-22afdf33c99a,Regionalna Dyrekcja Lasów Państwowych w Pil
75f1ea60-8581-4c63-b79d-1748cf05efd2,ski &
75f1ea60-8581-4c63-b79d-1748cf05efd2,łbus
75f1ea60-8581-4c63-b79d-1748cf05efd2,Zgromadzenie Związku Międzygminnego „Pilski Region Gospodarki Odpadami Komunalnymi
75f1ea60-8581-4c63-b79d-1748cf05efd2,Zgromadzenia Związku
75f1ea60-8581-4c63-b79d-1748cf05efd2,Z
75f1ea60-8581-4c63-b79d-1748cf05efd2,madzenie
75f1ea60-8581-4c63-b79d-1748cf05efd2,Kolegium Regionalnej Izby Obrachunkowej
75f1ea60-8581-4c63-b79d-1748cf05efd2,by
75f1ea60-8581-4c63-b79d-1748cf05efd2,Kolegium Regionalnej Iz
75fa650c-cc8b-4de3-8cd3-7bc1b053c004,Scientific Forum on Invasive Alien Species
75fa650c-cc8b-4de3-8cd3-7bc1b053c004,"Zespołów botaniki, hydrobiologii i zoologii UŚ"
75fa650c-cc8b-4de3-8cd3-7bc1b053c004,dla
75fa650c-cc8b-4de3-8cd3-7bc1b053c004,łeczeństwa
75fa650c-cc8b-4de3-8cd3-7bc1b053c004,a Obywatelska
760ecaaf-c7ea-4748-9eb3-d24d14162634,In
760ecaaf-c7ea-4748-9eb3-d24d14162634,stytucie Nauk Teologicznych UKSW
76165434-d85a-4206-acc5-0dae5ed70956,Por
76165434-d85a-4206-acc5-0dae5ed70956,adni Językowej Instytutu Literaturoznawstwa i Językoznawstwa UJK
76165434-d85a-4206-acc5-0dae5ed70956,Portalu Informacji Kulturalnej WDK
76165434-d85a-4206-acc5-0dae5ed70956,Centrum Wsparcia Językowego dla Obywatela i Urzędnika
76165434-d85a-4206-acc5-0dae5ed70956,PJ
76165434-d85a-4206-acc5-0dae5ed70956,Ginter
76300814-f4fd-492e-a6bc-6ca0cff24812,Katedry UNESCO
76300814-f4fd-492e-a6bc-6ca0cff24812,Истории
76300814-f4fd-492e-a6bc-6ca0cff24812,Uniwersytetu Papieskiego Jana Pawła II
76300814-f4fd-492e-a6bc-6ca0cff24812,Uniwersytet Papieski Jana Pawła II
76300814-f4fd-492e-a6bc-6ca0cff24812,Muzeum-Rezerwat „B
76300814-f4fd-492e-a6bc-6ca0cff24812,pod Stalin
767e5c31-8b2f-4278-99b3-fd1e344315dd,Wydziale Matematyki Stosowanej
767e5c31-8b2f-4278-99b3-fd1e344315dd,J. of Physiology and Pharmacology
76a22a2e-c5b5-4b17-ab8b-47662e2b4c43,NT
76a22a2e-c5b5-4b17-ab8b-47662e2b4c43,DW
77029baa-d512-45e1-9446-9eed249577e6,j.
77029baa-d512-45e1-9446-9eed249577e6,uj.edu
773f9b78-2cc1-459f-b857-20d48efd13b9,PKP Polskie Linie Kolejowe S.
775d5cfe-78b8-48fe-8e36-1d919b8ee8e3,European Law Institute
777bf281-9ef7-42a2-afcd-9f3b7df024e2,Wojs
777bf281-9ef7-42a2-afcd-9f3b7df024e2,Biuro Zarządzania Częstotliwościami
779b21fc-a345-4a6b-bd3c-edf817b36bb2,WMI
78460efc-041e-41e2-a383-c3619054e558,iaea.org
78460efc-041e-41e2-a383-c3619054e558,INCT
78769b8e-c0f0-40d1-b404-1ba47382964e,G
78769b8e-c0f0-40d1-b404-1ba47382964e,B+
78e1c231-51a9-4d32-aee2-5b315703de51,Wydział Architektury
78fee3fa-bad9-4065-bad6-54b3c480891b,Autostrada Technologii i Innowacyjności
79063db0-9852-4a50-a596-c1d23b9b9c8e,Państwa
79063db0-9852-4a50-a596-c1d23b9b9c8e,a
79063db0-9852-4a50-a596-c1d23b9b9c8e,PGW
79063db0-9852-4a50-a596-c1d23b9b9c8e,P
79063db0-9852-4a50-a596-c1d23b9b9c8e,ZRP
79063db0-9852-4a50-a596-c1d23b9b9c8e,ukw
791b0a1b-365b-411f-85a8-6e43c4407578,CinemaVision
7955a85d-705c-43a3-9f8e-1452941da84c,Akademia Górniczo-Hutnicza w
7955a85d-705c-43a3-9f8e-1452941da84c,s
7955a85d-705c-43a3-9f8e-1452941da84c,pl
79777ee2-7a76-47c4-8a6f-6c949ef7f383,SR
79777ee2-7a76-47c4-8a6f-6c949ef7f383,Obserwatorium Finansowego
79777ee2-7a76-47c4-8a6f-6c949ef7f383,Financial
799f4917-dab5-4e75-8c4c-b4608be3f775,ITU
799f4917-dab5-4e75-8c4c-b4608be3f775,Microsoft Reasearch Asia
799f4917-dab5-4e75-8c4c-b4608be3f775,Fraunhofer Inst. HHI(D
799f4917-dab5-4e75-8c4c-b4608be3f775,Rensselaer Polytechnic Inst.
799f4917-dab5-4e75-8c4c-b4608be3f775,Thomson R&D
799f4917-dab5-4e75-8c4c-b4608be3f775,OES/ITRI
799f4917-dab5-4e75-8c4c-b4608be3f775,Politechnico Milano/Telecom Italia
799f4917-dab5-4e75-8c4c-b4608be3f775,Nat. Chiao Tung Univ.
799f4917-dab5-4e75-8c4c-b4608be3f775,ISO/
79b66676-a2c7-4588-a86b-e53cd79b5b4a,""""
79b66676-a2c7-4588-a86b-e53cd79b5b4a,Do Rzeczy
79c7d98c-b3dc-4d2d-bc8c-a018900e138f,R
79c7d98c-b3dc-4d2d-bc8c-a018900e138f,ządowym Biurze Monitorowania Projektów
79c7d98c-b3dc-4d2d-bc8c-a018900e138f,Ministrów
79c7d98c-b3dc-4d2d-bc8c-a018900e138f,Minister
79c7d98c-b3dc-4d2d-bc8c-a018900e138f,stwo Klimatu i Środowiska
79dc0ca6-1ba7-4e38-9b74-adbdba223098,AAAAA
79dc0ca6-1ba7-4e38-9b74-adbdba223098,B+
79dc0ca6-1ba7-4e38-9b74-adbdba223098,RIELA
79dc0ca6-1ba7-4e38-9b74-adbdba223098,Wydział Mechanic
7a3fa858-e192-4868-8360-94cf2b15802c,ke
7a3fa858-e192-4868-8360-94cf2b15802c,Age
7a45b189-8ba9-4d14-8914-be5db25a305b,Biblio
7a45b189-8ba9-4d14-8914-be5db25a305b,Narodowej
7a68d3b5-fd97-4b86-a976-bcea283a2d09,u Nauk o Polityce i Bezpieczeństwie Uniwersytetu Szczecińskiego
7a68d3b5-fd97-4b86-a976-bcea283a2d09,Archiwum Państwowe
7a68d3b5-fd97-4b86-a976-bcea283a2d09,Reunion 68
7a68d3b5-fd97-4b86-a976-bcea283a2d09,Posydenky
7a68d3b5-fd97-4b86-a976-bcea283a2d09,Kurier Szczeciński
7afd7fec-cda2-42a3-be40-fbef0c35c7c2,reeone
7b128818-276b-4f4b-823c-7622b3cc4af9,Państwową spółką
7b164840-95c1-4edd-bcc5-204241da0edf,"Zakład Technologii Wysokoenergetycznych EXPLOMET Gałka, Szulc sp."
7b164840-95c1-4edd-bcc5-204241da0edf,na
7b727361-c049-4f73-a766-be16bdc25536,U
7b727361-c049-4f73-a766-be16bdc25536,elnię
7b73919b-9329-4a75-8f15-d32d769ee57b,Połączona Polska Hodowla
7b74a337-ac90-4e33-84b4-ad9452e3c0b5,Uniwersytetem Warmińsko-Mazurskim
7b87fd3b-f010-4bd7-afe3-51fe5f2a75b3,Kultury
7b87fd3b-f010-4bd7-afe3-51fe5f2a75b3,Dziedzictwa Narodowego
7b87fd3b-f010-4bd7-afe3-51fe5f2a75b3,ctwa Narodowego
7b949792-098e-44c2-879e-e693f1819827,In
7b949792-098e-44c2-879e-e693f1819827,tucie
7b949792-098e-44c2-879e-e693f1819827,"Allena Pharmaceuticals, Inc."
7c3c958a-4fa1-4504-9255-4e40024d303f,SP RP
7c954edc-8241-41c3-8c98-c2601c8978ee,O
7c954edc-8241-41c3-8c98-c2601c8978ee,Central
7cac37e2-a2ed-4232-af41-79c5085abff4,JAMA
7cac37e2-a2ed-4232-af41-79c5085abff4,Journal of Learning Disabilities
7cac37e2-a2ed-4232-af41-79c5085abff4,Journal of Affective Disorders Disabilities
7cac37e2-a2ed-4232-af41-79c5085abff4,Journal of Applied Developmental Psychology
7cac37e2-a2ed-4232-af41-79c5085abff4,Journal of Clinical and Experimental Neuropsychology
7cac37e2-a2ed-4232-af41-79c5085abff4,Journal of Reproductive and Infant Psychology
7cac37e2-a2ed-4232-af41-79c5085abff4,Pracownię Testów Psychologicznych
7cbdbc05-e4f6-4f34-a00e-cd14d5899426,Zarządu Głównego Stowarzyszenia Konserwatorów Zabytków
7cc6bb99-dff1-4c2a-8316-18967e2f811d,Olszewsky sp. z o.o
7cc6bb99-dff1-4c2a-8316-18967e2f811d,Agropolska
7cc6bb99-dff1-4c2a-8316-18967e2f811d,ska
7ce6e33a-18ea-4259-b3b0-3d42563d5f9c,Sanepi
7ce6e33a-18ea-4259-b3b0-3d42563d5f9c,In
7ce6e33a-18ea-4259-b3b0-3d42563d5f9c,tu
7ce6e33a-18ea-4259-b3b0-3d42563d5f9c,„Poltegor - Instytut”
7ce6e33a-18ea-4259-b3b0-3d42563d5f9c,Zakładem Wo
7cecda03-4491-4256-a78a-bbfbc4224302,KL Dach
7cecda03-4491-4256-a78a-bbfbc4224302,Historisch-Technische Museum Penemünde
7cecda03-4491-4256-a78a-bbfbc4224302,Radzie Naukowej Schlesisches Museum zu Görlitz
7cecda03-4491-4256-a78a-bbfbc4224302,Muzeum Żydów Polskich Polin
7cecda03-4491-4256-a78a-bbfbc4224302,muzeum
7cecda03-4491-4256-a78a-bbfbc4224302,Śląskiego Centrum Wolności i Solidarności
7cecda03-4491-4256-a78a-bbfbc4224302,Rodzin
7cecda03-4491-4256-a78a-bbfbc4224302,Muzeum Powstania
7d5f32dc-dfab-4e06-88ea-a34e6c750a18,Europejski
7d5f32dc-dfab-4e06-88ea-a34e6c750a18,e Centrum Rozwoju Kształcenia Zawodowego
7d5f32dc-dfab-4e06-88ea-a34e6c750a18,Międzyresortowego Zespołu
7d5f32dc-dfab-4e06-88ea-a34e6c750a18,Min. Nauki
7d5f32dc-dfab-4e06-88ea-a34e6c750a18,Szkoln.Wyższego
7d7f8f91-37d5-462f-bc68-2fb9f9e84792,P
7db85b78-e7d8-4f28-a759-dd5364f50fa5,Polskiej Rady Chrześcijan i Żydów
7dbfcff5-a7ac-4fd7-b050-4bed8ffebb41,SFORA
7dca12f9-481d-4956-97f6-75bf9ec618ad,Zespole Szkół Salezjańskich
7dca12f9-481d-4956-97f6-75bf9ec618ad,Ze
7dca12f9-481d-4956-97f6-75bf9ec618ad,społu Szkół
7dca12f9-481d-4956-97f6-75bf9ec618ad,spo
7dca12f9-481d-4956-97f6-75bf9ec618ad,łu szkolno-przedszkolnego
7dca12f9-481d-4956-97f6-75bf9ec618ad,Zespołem Szkół Salezjańskich
7dca12f9-481d-4956-97f6-75bf9ec618ad,Zespołem Szkolno-przedszkolnym
7e0f115c-bdee-49bb-911c-8f912f58c5aa,Spec
7e0f115c-bdee-49bb-911c-8f912f58c5aa,Por
7e2e224a-facd-448a-aedb-ea5e18347eb3,alni Węgla Brunatnego PAK
7e662bf5-91b6-4c68-9261-efd01f197376,Muzeami Narodowymi
7e662bf5-91b6-4c68-9261-efd01f197376,Światowego Dziedzictwa
7ebd90d1-a8d4-400c-890e-c739a083c0cb,Ann
7ebd90d1-a8d4-400c-890e-c739a083c0cb,um
7ebd90d1-a8d4-400c-890e-c739a083c0cb,J Rheuma
7ebd90d1-a8d4-400c-890e-c739a083c0cb,The Thoracic Society of Australia and New Zealand
7ebd90d1-a8d4-400c-890e-c739a083c0cb,Jee AS
7ebd90d1-a8d4-400c-890e-c739a083c0cb,Respirology
7ebd90d1-a8d4-400c-890e-c739a083c0cb,American Society for Blood and Marrow Transplantation
7ed29034-e100-499e-87aa-99e87dd04654,Konwent
7ed29034-e100-499e-87aa-99e87dd04654,Dyrektorów ROPS
7ed29034-e100-499e-87aa-99e87dd04654,Kancelar
7ee2edb2-694e-4f45-98f6-a8eb0cc30120,Dział Konserwacji Państwowego Muzeum Auschwitz-Birkenau
7f13cfd3-2285-4362-a37b-67ed3fe6b50e,Intergovernmental Panel on climate Change
7f13cfd3-2285-4362-a37b-67ed3fe6b50e,Bureau of Meteorology
7f62d9ad-7c68-42d8-b626-b97114d91832,Ze
7f62d9ad-7c68-42d8-b626-b97114d91832,społu Badawczego Technologii Materiałów i Nawierzchni Drogowych Politechniki Warszawskiej
7f62d9ad-7c68-42d8-b626-b97114d91832,rafinerią Lotos
7f62d9ad-7c68-42d8-b626-b97114d91832,spo
7fa93f9b-a6e6-4a71-a56a-d6985ef5fd6f,Praxis Automation Technology B.V.
7fa93f9b-a6e6-4a71-a56a-d6985ef5fd6f,iGrid T&D
7fa93f9b-a6e6-4a71-a56a-d6985ef5fd6f,lan
7fa93f9b-a6e6-4a71-a56a-d6985ef5fd6f,Sesan
7fa9aeb6-91d7-4495-ba36-239c9bee8ac8,u Ochrony Środowiska
7fa9aeb6-91d7-4495-ba36-239c9bee8ac8,In
7fa9aeb6-91d7-4495-ba36-239c9bee8ac8,tu
7fa9aeb6-91d7-4495-ba36-239c9bee8ac8,em Meteorologii i Gospodarki Wodnej PIB
7fa9aeb6-91d7-4495-ba36-239c9bee8ac8,Gospodarki Morskiej i Żeglugi Śródlądowej
7fa9aeb6-91d7-4495-ba36-239c9bee8ac8,RDW
7ff8f7d4-a6c5-4d00-a416-6be5a1a45d91,VAST.Rehab European Training Center UG
800230b8-edae-42e7-86a5-3ad164cf5226,VoxEU.org
800230b8-edae-42e7-86a5-3ad164cf5226,UN DESA
8003403b-92ca-4753-b244-fed5e9d45180,Towarzystwo Edukacyjne Wiedza Powszechna
8003403b-92ca-4753-b244-fed5e9d45180,InnoSi
805f81bd-7d03-4dc7-b253-2ccbf37f1a8f,Instytucji Otoczenia Biznesu
8069f404-7d41-4924-a658-d0bed7bf2267,Web of Science
808e0d95-16a4-494f-8fc1-dc4476a2023e,Urzęd
808e0d95-16a4-494f-8fc1-dc4476a2023e,Unii Europejskiej d
808e0d95-16a4-494f-8fc1-dc4476a2023e,sności Intelek
80ce22d5-510c-4c1b-a2bf-9358e6547bdb,Instytutem Polskim
80ce22d5-510c-4c1b-a2bf-9358e6547bdb,St
80ce22d5-510c-4c1b-a2bf-9358e6547bdb,owarzy
80ce22d5-510c-4c1b-a2bf-9358e6547bdb,szenie Przyjaciół Polskich Weteranów
80ce22d5-510c-4c1b-a2bf-9358e6547bdb,Komitet Budowy Ośrodka Zdrowia
80ce22d5-510c-4c1b-a2bf-9358e6547bdb,Związek Polaków
80fd95d4-9174-484d-8b35-57f2774e21b4,Ogólnopolską Komisję Federacji Stowarzyszeń Naukowo-Technicznych
811f74c2-13c9-48f8-bdfe-e24ab7534721,Creator sp. z o.o.
811f74c2-13c9-48f8-bdfe-e24ab7534721,„Kriotechnika Medyczna
811f74c2-13c9-48f8-bdfe-e24ab7534721,„Creator
811f74c2-13c9-48f8-bdfe-e24ab7534721,„Kriosystem
811f74c2-13c9-48f8-bdfe-e24ab7534721,„Kriomaren
811f74c2-13c9-48f8-bdfe-e24ab7534721,Karłowickie Centrum Medycznym
811f74c2-13c9-48f8-bdfe-e24ab7534721,Sz
811f74c2-13c9-48f8-bdfe-e24ab7534721,pital Kliniczny MSWi
81224902-2f6c-41b8-81da-0f72cf642c00,Brandenburskim Uniwersytetem Technicznym
81b4974f-745d-40ee-a057-a376e9dd3fa2,PI PIB
81b4974f-745d-40ee-a057-a376e9dd3fa2,Forum Akademickie
81b4974f-745d-40ee-a057-a376e9dd3fa2,Niezbędnik Akademicki
829b955f-4419-4733-bc1e-29caa21dc811,ci
82d76e57-4d83-41e0-9022-c851267bbae8,(„
82d76e57-4d83-41e0-9022-c851267bbae8,ad Flexum
82d76e57-4d83-41e0-9022-c851267bbae8,Museo de la Memoria
8328f984-d095-44b0-800d-2482e7175329,d
8328f984-d095-44b0-800d-2482e7175329,YouTube
8328f984-d095-44b0-800d-2482e7175329,tuki
8328f984-d095-44b0-800d-2482e7175329,Biuro Wystaw Artystycznych
83979ec0-422c-436e-90ba-9f328519f3e0,Narodową Fundacją Ochrony Środowiska
83979ec0-422c-436e-90ba-9f328519f3e0,Transgranicznego Rezerwatu Biosfery Roztocze
83979ec0-422c-436e-90ba-9f328519f3e0,D
83a119fb-dea8-4614-9f38-09d83a52c62e,MNiE
83a119fb-dea8-4614-9f38-09d83a52c62e,SCOPUS
83a119fb-dea8-4614-9f38-09d83a52c62e,Edward Elgar
83cc6974-e0ed-4bee-9205-33c9116db36d,Twojego Stylu
83cc6974-e0ed-4bee-9205-33c9116db36d,Przyjaciół
83cc6974-e0ed-4bee-9205-33c9116db36d,onet.pl
83cc6974-e0ed-4bee-9205-33c9116db36d,interia.pl
83cc6974-e0ed-4bee-9205-33c9116db36d,polki
83cc6974-e0ed-4bee-9205-33c9116db36d,pl
83cc6974-e0ed-4bee-9205-33c9116db36d,.pl
83d38a03-fc05-472c-bf36-da644d2be98e,LS
83f94b5f-8664-42f0-980e-72c1eba76a9e,Instytutu Centrum Zdrowia Dziecka
8438e6e4-f062-46f7-8913-2420023186b9,(
843d3d44-a8d7-4b0f-a31b-435725fcc472,BUMAR sp. z o.o
843d3d44-a8d7-4b0f-a31b-435725fcc472,BUMAR Sp. z o.o.
843d3d44-a8d7-4b0f-a31b-435725fcc472,NITROCHEM
845d01a4-24ca-4f54-a77f-eed847130c53,Instal
845d01a4-24ca-4f54-a77f-eed847130c53,Grup
845d01a4-24ca-4f54-a77f-eed847130c53,Roboczej
845d01a4-24ca-4f54-a77f-eed847130c53,IŚ
845d01a4-24ca-4f54-a77f-eed847130c53,Frisko
8489acb3-2df0-440e-abff-2b77f8c2757a,CH2 Architekci
8489acb3-2df0-440e-abff-2b77f8c2757a,Wojewódzkiej Stacji Pogotowia Ratunkowego
84e431a1-8eff-4ce8-80e8-12989132a3f8,SALUBRIS Sp. z o.o. Sp. k
85186452-e77c-4dfb-8429-edd2961374ff,Ubiedrze Sp. z o.o
85186452-e77c-4dfb-8429-edd2961374ff,Ośrodek hodowli pstrąga
85186452-e77c-4dfb-8429-edd2961374ff,pu
85186452-e77c-4dfb-8429-edd2961374ff,aquafarm
85186452-e77c-4dfb-8429-edd2961374ff,Hodowla ryb
85186452-e77c-4dfb-8429-edd2961374ff,ekofarmawroclaw
85186452-e77c-4dfb-8429-edd2961374ff,Zielenica Gospodarstwo ry
85186452-e77c-4dfb-8429-edd2961374ff,Anna Skowrońska
85186452-e77c-4dfb-8429-edd2961374ff,enica
85186452-e77c-4dfb-8429-edd2961374ff,Instytut Rybactwa Śródlądowego im.
85186452-e77c-4dfb-8429-edd2961374ff,P.P.H. “Aquamar
85186452-e77c-4dfb-8429-edd2961374ff,Wojewódzki
853ce7b4-c265-46e0-96c8-d248c4969250,EUREKA
85421963-3404-4008-ad2c-3bc65236ce2f,Wyższa Szkoła Logistyki
85421963-3404-4008-ad2c-3bc65236ce2f,Uniwersytet Techniczny w Pra
85421963-3404-4008-ad2c-3bc65236ce2f,Uniwersytet w
85421963-3404-4008-ad2c-3bc65236ce2f,Uniwersytet w Osijek
85421963-3404-4008-ad2c-3bc65236ce2f,CZ
85421963-3404-4008-ad2c-3bc65236ce2f,HU
858297fc-2a7c-45e0-8804-5d8272875c94,WT
8590e1e7-5938-414f-bffc-c936f44cbd95,Council of European Energy Regulation
85a01c6c-dd15-4504-8b39-3824b5e4e06b,p
85a01c6c-dd15-4504-8b39-3824b5e4e06b,w
85b81f1d-9d0c-4121-a375-bc48869d42df,Kurii Diecezjalnej
85b81f1d-9d0c-4121-a375-bc48869d42df,SIEĆ PARKÓW ENERGII SŁONECZNEJ Sp. z o.o.
85c54c45-6c40-41ac-829d-9705c28a3dff,Deutsches Zentrum für Luft- und Raumfahrt e.V.
85e3ae10-593f-4111-aea2-10a1e4119f5c,In
85e3ae10-593f-4111-aea2-10a1e4119f5c,stytucie Astronomicznym UWr
85e3ae10-593f-4111-aea2-10a1e4119f5c,IA
85e3ae10-593f-4111-aea2-10a1e4119f5c,Dydaktyki i Popularyzacji Astronomii „Planetarium
86231a60-604e-4c63-92d4-e1b1ca916dbd,Mag
86231a60-604e-4c63-92d4-e1b1ca916dbd,neti Marelli
86231a60-604e-4c63-92d4-e1b1ca916dbd,BOSCH
86231a60-604e-4c63-92d4-e1b1ca916dbd,LK
8657d8ed-ef76-449c-b327-4a82e8eb6c61,SK
8657d8ed-ef76-449c-b327-4a82e8eb6c61,Międzynarodowe Centrum Kultury
8699459e-18df-44c7-b0e3-49a27f8a439f,+R
8699459e-18df-44c7-b0e3-49a27f8a439f,Wydziału Nauk Technicznych
8699459e-18df-44c7-b0e3-49a27f8a439f,Uniwersytetu Warmińsko-Mazurskiego
86a7d30f-d14d-410a-a385-454ed77a328b,Zagłady Żydów
86d1a11e-4f7d-4172-bab4-33ace1401f63,CLO
86d1a11e-4f7d-4172-bab4-33ace1401f63,Biomacrom
86f656df-085c-4203-bc3b-3471730b7153,Grup
86f656df-085c-4203-bc3b-3471730b7153,producentów rolnych
87042058-3e44-49f3-aa35-743f0cd4ba52,Sądami Rejonowymi
87042058-3e44-49f3-aa35-743f0cd4ba52,Wiadomości Ubezpieczeniowe
87099377-0eb1-47f7-acb1-8f32a18dca93,In
87099377-0eb1-47f7-acb1-8f32a18dca93,Radiat Oncol
87099377-0eb1-47f7-acb1-8f32a18dca93,l Ph
874160ee-59a6-4cfc-8b3c-591eb0e1efa2,Muzeum Powstania
874160ee-59a6-4cfc-8b3c-591eb0e1efa2,Muzeum Historii Żyd
874160ee-59a6-4cfc-8b3c-591eb0e1efa2,II Wojny Świat
8743d58b-6082-469b-8a1f-7145a9a704dd,Journal of Rehabilitation Medicine
8743d58b-6082-469b-8a1f-7145a9a704dd,Web of Science
8743d58b-6082-469b-8a1f-7145a9a704dd,Cochrane Database Syst
8743d58b-6082-469b-8a1f-7145a9a704dd,NeroRehab
8743d58b-6082-469b-8a1f-7145a9a704dd,ombe
8743d58b-6082-469b-8a1f-7145a9a704dd,Polskiego Towarzystwa Rehabilitacji
8743d58b-6082-469b-8a1f-7145a9a704dd,Polskiego Towarzystwa Biomechaniki
8743d58b-6082-469b-8a1f-7145a9a704dd,Polańczyk Zd
8743d58b-6082-469b-8a1f-7145a9a704dd,Janów Lubelski
8744cb16-3c4d-4343-9907-59b30c2193ed,Wydziale Chemii
8753c575-30cc-43e2-8de8-5a484cab251a,Muzeum Za
8753c575-30cc-43e2-8de8-5a484cab251a,D
8753c575-30cc-43e2-8de8-5a484cab251a,W
87a90e86-e4b1-4d2e-a0d0-d33988808259,Wy
87a90e86-e4b1-4d2e-a0d0-d33988808259,dziale Pedagogicznym Uniwersytetu Pedagogicznego
87a90e86-e4b1-4d2e-a0d0-d33988808259,Fundację Wspomagającą Wychowanie „Archezja
87a90e86-e4b1-4d2e-a0d0-d33988808259,Fundacji Wspomagającej Wychowanie „Archezja
87f0f421-be9d-42c7-9c91-3972f813daa6,Konsorcjum Analizy Klinicznej Proteomu Nowotworów
87f0f421-be9d-42c7-9c91-3972f813daa6,Clinical Proteomic Tumor Analysis Consortium
87f0f421-be9d-42c7-9c91-3972f813daa6,CP
87fdf83f-bdfc-4cf1-8d80-3253b8f4e29b,Suh
87fdf83f-bdfc-4cf1-8d80-3253b8f4e29b,Suhorze
881cd374-b72d-4c4a-8ed5-d0817bcbbfa4,+R
88895cc7-c552-459f-8793-59d0993acc51,M
88895cc7-c552-459f-8793-59d0993acc51,NK
88895cc7-c552-459f-8793-59d0993acc51,To
88895cc7-c552-459f-8793-59d0993acc51,w. Przyjaciół Sulejówka
88895cc7-c552-459f-8793-59d0993acc51,Otwartym Sulejówkiem
88895cc7-c552-459f-8793-59d0993acc51,F
88895cc7-c552-459f-8793-59d0993acc51,estiwal Zofiówka
88e06aa1-ce71-471e-be12-16b79843544c,Uniwersytet w Oldenburg
88e06aa1-ce71-471e-be12-16b79843544c,HörTech gGmbH
88e7ddcb-9a4b-4a96-bf18-e455214d4e71,PTI
88e7ddcb-9a4b-4a96-bf18-e455214d4e71,Canada
88e7ddcb-9a4b-4a96-bf18-e455214d4e71,Power Engineering Transforma
88e7ddcb-9a4b-4a96-bf18-e455214d4e71,ZREW Transformatory
88e7ddcb-9a4b-4a96-bf18-e455214d4e71,Podmiotu
891466dd-9b3e-4338-9946-94b9c49d0145,Ze
891466dd-9b3e-4338-9946-94b9c49d0145,spo
891466dd-9b3e-4338-9946-94b9c49d0145,łu Ochrony Atmosfery
891466dd-9b3e-4338-9946-94b9c49d0145,Atmospheric En
894186d8-3528-4ebc-9671-d7005db891f3,Wydział Lekarski
894186d8-3528-4ebc-9671-d7005db891f3,Śląskim Parkiem Technologii Medycznych
894186d8-3528-4ebc-9671-d7005db891f3,Śląskim Uniwersytetem Medycznym
894a7d8d-e527-4449-893c-710de4df148e,Katedrą Fotografii
894a7d8d-e527-4449-893c-710de4df148e,„
894a7d8d-e527-4449-893c-710de4df148e,TON
894a9203-8a7f-4eb1-b00a-c944b34adc59,Instytucie Biologii UJK
895f53fd-5dac-4834-9fb6-b8b3d301aadd,W. Mech. UTH Radom
895f53fd-5dac-4834-9fb6-b8b3d301aadd,O
89644204-5918-4a7c-8c36-fa2a3c7b38b3,CIECH S.A
89644204-5918-4a7c-8c36-fa2a3c7b38b3,S
8a3c789a-9b44-40ee-8c25-97ce34b48eb5,w
8a3c789a-9b44-40ee-8c25-97ce34b48eb5,oje
8a3c789a-9b44-40ee-8c25-97ce34b48eb5,Świętokrzyską Sieć Optymalnego Leczenia
8a3c789a-9b44-40ee-8c25-97ce34b48eb5,wału Serca
8a3c789a-9b44-40ee-8c25-97ce34b48eb5,STEMI
8a6a108a-3f12-49ba-a4c8-701e07b0ce7e,Gazecie Wrocławskiej
8a7f70b0-30b7-4419-8d5e-7e4d57306018,Cze
8a7f70b0-30b7-4419-8d5e-7e4d57306018,ski Instytut Hyrdometeorologiczny
8a8d3cfb-f33f-45ec-a5b6-2e837bc11d99,Ministra Rodziny i Polityki Społecznej
8abb97ab-da22-4e1b-974a-101822c25140,onet.pl
8abb97ab-da22-4e1b-974a-101822c25140,„Idziemy
8abb97ab-da22-4e1b-974a-101822c25140,„Gość Niedzielny
8abb97ab-da22-4e1b-974a-101822c25140,Wykopu
8abb97ab-da22-4e1b-974a-101822c25140,YouTube
8abb97ab-da22-4e1b-974a-101822c25140,Kon
8abb97ab-da22-4e1b-974a-101822c25140,ji Episkopatu Polski
8ac1daff-316c-46b3-ae41-16cacd7e4e0a,FABA. S.A.
8ac1daff-316c-46b3-ae41-16cacd7e4e0a,ABWood sp.
8ac1daff-316c-46b3-ae41-16cacd7e4e0a,Swedwood Resko
8ac1daff-316c-46b3-ae41-16cacd7e4e0a,Swedwood Wielbark sp.
8ac1daff-316c-46b3-ae41-16cacd7e4e0a,Łąccy Kołczygłowy sp.
8ad17856-ab9b-4ae7-a2a2-61975d5b79fb,Zach-pom. Urząd Wo.
8ad17856-ab9b-4ae7-a2a2-61975d5b79fb,C
8ad17856-ab9b-4ae7-a2a2-61975d5b79fb,zaplinecki Ośrodek Kultury
8ad5d5e1-8920-4947-9dc0-4e377309b27a,natechnology
8ad5d5e1-8920-4947-9dc0-4e377309b27a,QNA Technology
8b6e15ed-8120-4a7a-9d37-4dc5557374f1,Jedno
8b6e15ed-8120-4a7a-9d37-4dc5557374f1,ki
8bf4c087-6d91-4525-97b1-0ca74975a9c7,Agen
8bf4c087-6d91-4525-97b1-0ca74975a9c7,cja Rewitalizacji Starówki
8bfaec50-d848-4b04-a372-043132816d6f,BJ
8bfaec50-d848-4b04-a372-043132816d6f,em Chemii i Techniki Jądrowej
8bfaec50-d848-4b04-a372-043132816d6f,Instytucie Onkologii
8c8dfbc0-3ef6-4f82-99bd-4758e5310ef5,Moore
8cc7ae46-fc3f-4f7b-95e8-aa357c1d455c,"Pracowni Narracji Interaktywnych, Cyfrowych Publikacji Naukowych"
8cc7ae46-fc3f-4f7b-95e8-aa357c1d455c,Lab
8cfb82b9-548f-4460-b7b3-b94cdbb50621,W
8d080de0-1e52-49fb-a794-e4ffe4aae7a2,POT
8d080de0-1e52-49fb-a794-e4ffe4aae7a2,Rozwoju i Technologii
8d55e719-208b-4b3f-bcee-17443b35ca45,Fundację SPRZYMIERZENI z GROM
8d55e719-208b-4b3f-bcee-17443b35ca45,Funda
8d6b5473-55f1-4984-8d13-ab2b14b32ba0,Instytucie Fizyki (
8d6b5473-55f1-4984-8d13-ab2b14b32ba0,IF) UMK
8dde74c0-d013-4ec9-904a-7295b70d8704,W
8dde74c0-d013-4ec9-904a-7295b70d8704,ydział Zarządzania Uniwersytetu Warszawskiego
8dfa1d10-70c7-429a-98c4-cf1f7a549cd3,Katedr
8dfa1d10-70c7-429a-98c4-cf1f7a549cd3,a Nauk o Administracji
8dfa1d10-70c7-429a-98c4-cf1f7a549cd3,Zakładem Ubezpieczeń Społecznych
8dfa1d10-70c7-429a-98c4-cf1f7a549cd3,Oddział
8e0f0fba-b6c0-4a25-aa8b-50b9aa6d8989,In
8e0f0fba-b6c0-4a25-aa8b-50b9aa6d8989,tucie
8e0f0fba-b6c0-4a25-aa8b-50b9aa6d8989,Ministra Spraw Zagranicznych RP
8e0f0fba-b6c0-4a25-aa8b-50b9aa6d8989,cji Narodowej
8e0f0fba-b6c0-4a25-aa8b-50b9aa6d8989,y
8e0f0fba-b6c0-4a25-aa8b-50b9aa6d8989,Ośrodek Studiów Wschodnich
8e0f0fba-b6c0-4a25-aa8b-50b9aa6d8989,Centr
8e0f0fba-b6c0-4a25-aa8b-50b9aa6d8989,um Polsko-Rosyjskiego Dialogu i Porozumienia
8e0f0fba-b6c0-4a25-aa8b-50b9aa6d8989,Ministerstwo Kultury
8e0f0fba-b6c0-4a25-aa8b-50b9aa6d8989,Instytut Pamię
8e60f966-d166-47fb-8eaf-a0f3488f0392,Stowarzyszenia Polskich Wy
8e85123b-e169-49c9-9263-7c4d0bb12ab5,Ośrodek Edukacyjny
8e85123b-e169-49c9-9263-7c4d0bb12ab5,Lubuska Młodzieżowa Akademia Bezpieczeństwa
8ef29f48-23e2-4ba8-8867-0b01190235be,Sto
8ef6a592-fb85-4590-bd3b-9366c837c945,SD
8f280890-dd61-4836-9f37-9a9798eb516f,Podlaskim Oddziale Stowarzyszenia „Wspólnota Polska
8f280890-dd61-4836-9f37-9a9798eb516f,Polskiej Macierzy Szkolnej na Białorusi
8f280890-dd61-4836-9f37-9a9798eb516f,Konsulacie Generalnym RP
8f280890-dd61-4836-9f37-9a9798eb516f,Ambasadzie RP
8f280890-dd61-4836-9f37-9a9798eb516f,Komitetu Głównego
8f280890-dd61-4836-9f37-9a9798eb516f,OLiJP
8f280890-dd61-4836-9f37-9a9798eb516f,Podlaskiego Oddziału Stowarzyszenia „Wspólnota Polska
8f280890-dd61-4836-9f37-9a9798eb516f,III Liceum Ogólnokształcącego
8f4fec46-6405-4733-a4ba-512a2b6a7aaf,Prezydent
8f897d20-0e82-4739-b0bd-3d6c9e662f6c,NNT Sp. Z o.o
8f897d20-0e82-4739-b0bd-3d6c9e662f6c,Wydziale Fizyki Technicznej i Matematyki Stosowanej
8fb0dc20-4766-4505-b4fc-3db6f4806712,Stoli
8fb0dc20-4766-4505-b4fc-3db6f4806712,Apostol
8fb0dc20-4766-4505-b4fc-3db6f4806712,Wydział Prawa Kanonicznego
8fcc065b-016e-44e9-b47c-a3bc63ca8051,Nortrans-Shipping GbR
9008dceb-ffdf-401c-aa3d-3e3f92b74a16,a
901f7344-9cad-4b7a-813f-fde85c0474d1,Uniwersytecie Warmińsko-Mazurskim
905e916b-88c5-47d2-94d7-77273aa78807,Urzęd
905e916b-88c5-47d2-94d7-77273aa78807,Wojewódzki
909f0e78-4026-4bc3-acc1-c8d20c41094f,CoR
90bc9a30-4d3e-4029-8de8-8d6cce964638,filozofuj.eu
910f3d48-52ec-41be-8427-15d44b90d92c,Laboratoriów Badawczych
91160908-5a63-461f-8d46-e4276ad1b111,Facebooka
912d4efc-8286-4979-8ad9-92034e024131,Angew. Chem. Int. Ed.
912d4efc-8286-4979-8ad9-92034e024131,PLoS ONE
912d4efc-8286-4979-8ad9-92034e024131,ChemBioChem
912d4efc-8286-4979-8ad9-92034e024131,Nature Chemical Biology
912d4efc-8286-4979-8ad9-92034e024131,Preprint Server for Biology
912d4efc-8286-4979-8ad9-92034e024131,R
912d4efc-8286-4979-8ad9-92034e024131,O
912d4efc-8286-4979-8ad9-92034e024131,al
912d4efc-8286-4979-8ad9-92034e024131,Science
91685928-5ded-494f-9839-0e49c5e2507b,Okręgowe
91685928-5ded-494f-9839-0e49c5e2507b,Spec
91685928-5ded-494f-9839-0e49c5e2507b,jali
91685928-5ded-494f-9839-0e49c5e2507b,tyczne Poradnie
91685928-5ded-494f-9839-0e49c5e2507b,Journal of Sex & Marital Therapy
91769b4c-e22d-4f98-a3a0-db9791f70410,Centrum Danych i Informacji
91769b4c-e22d-4f98-a3a0-db9791f70410,ICP Integrated Monitoring
91769b4c-e22d-4f98-a3a0-db9791f70410,Regionalny Wydział Monitoringu Środowiska
91f712be-010d-4eb5-b0f7-4ba5f6773956,Berkeley
91f712be-010d-4eb5-b0f7-4ba5f6773956,Sarmatian Review
92152782-c9a6-4ed5-abc3-e5b278eaecdc,Zagadnienia Ekonomiki Rolnej
92152782-c9a6-4ed5-abc3-e5b278eaecdc,ZER
92416fa1-6df4-404b-9195-58aad2d314c6,Chi
92416fa1-6df4-404b-9195-58aad2d314c6,ńskiego Związku Producentów Szparaga
92881623-33f1-4f81-92ef-ded98abc1c8d,Rząd RP
92881623-33f1-4f81-92ef-ded98abc1c8d,IGF im. Sie
92e25ef2-45ef-4d7a-9181-946dbaf9de51,Polski
92e25ef2-45ef-4d7a-9181-946dbaf9de51,e Wydawnictwo Ekonomiczne
9361d1a8-a8b0-4d05-bcc5-fde5ed217466,Join
9361d1a8-a8b0-4d05-bcc5-fde5ed217466,t Research Centre
9361d1a8-a8b0-4d05-bcc5-fde5ed217466,Stowarzyszenie „Miasta w Internecie
9361d1a8-a8b0-4d05-bcc5-fde5ed217466,m
9361d1a8-a8b0-4d05-bcc5-fde5ed217466,wi.pl
9361d1a8-a8b0-4d05-bcc5-fde5ed217466,Konsulatu Generalnego USA
9361d1a8-a8b0-4d05-bcc5-fde5ed217466,The Internet Governance Forum
9393fa69-5122-4125-9516-a7cce5be4074,"Ministerstwa: Finansów, Rozwoju, Cyfryzacji, Infrastruktury"
9393fa69-5122-4125-9516-a7cce5be4074,Związku Banków
93a548a3-8696-4d4e-9b7f-b64f38df0d19,Maria
93a548a3-8696-4d4e-9b7f-b64f38df0d19,LOR
93a548a3-8696-4d4e-9b7f-b64f38df0d19,CEZAR
93b046dd-3629-443a-b1c2-718624a36cf4,Urząd Statystyczny
93b046dd-3629-443a-b1c2-718624a36cf4,Narod
93b046dd-3629-443a-b1c2-718624a36cf4,owy Bank Polski
93b046dd-3629-443a-b1c2-718624a36cf4,Ministerstwo właściwe ds. turystyki
93bb807e-7cc1-4f71-aa94-d535591d117a,Web of Science
93bb807e-7cc1-4f71-aa94-d535591d117a,F
93bf6b05-bf3b-4679-b7b5-88f697ba5f2d,Urzędów Morskich
93d2ae0e-9bf1-4a73-aeb4-dfb53457dc5b,Katana Graph
941d6833-0375-4017-9b37-cd790d03cbab,Ministerstwa Infrastruktury i Budownictwa
941d6833-0375-4017-9b37-cd790d03cbab,Jedno
941d6833-0375-4017-9b37-cd790d03cbab,stki Oceny Technicznej
944efa15-8c48-4fea-899f-e2547aed0e6f,Miejskim Ośrodku Kultury
9450b555-6135-4905-b88a-c9f3a3a53652,PASMI
94adc7a6-3ae6-44f0-a73a-f720b725cc13,Instytut Pedagogiki Akademii Pomorskiej
94adc7a6-3ae6-44f0-a73a-f720b725cc13,Magistr
94c61004-be4a-48c8-811d-33dcf4d45850,Kolegium Prezydenta Rzeczypospolitej Polskiej
94c61004-be4a-48c8-811d-33dcf4d45850,Ministra
94c61004-be4a-48c8-811d-33dcf4d45850,Zagranicznych
94c61004-be4a-48c8-811d-33dcf4d45850,Departamencie Strategii Polityki Zagranicznej
94cd053f-d445-4508-854a-07a11cd9cbbc,John Hopkins University
95028585-a352-40ba-a099-15abf551017d,Techniczne
95256f09-3f31-4dac-b537-38f1b56f9907,Joint Action on Dementia
9552300e-5d1a-4ed3-aee4-dd6c78537026,YouTube
9552300e-5d1a-4ed3-aee4-dd6c78537026,Holistycznej Agencji Eskapistycznej
9552300e-5d1a-4ed3-aee4-dd6c78537026,or
9552300e-5d1a-4ed3-aee4-dd6c78537026,„Nowe Książki”
9552300e-5d1a-4ed3-aee4-dd6c78537026,Dowód
95568184-3ce3-472e-a6c3-6e4da37c619d,QWERTY
95568184-3ce3-472e-a6c3-6e4da37c619d,Excilight
95601f3d-46ab-411b-80bb-55e515f462bb,2 PR
95849cef-8e38-4f6d-9654-62ce3c5e241c,Por
95849cef-8e38-4f6d-9654-62ce3c5e241c,F
95940a1e-bddb-4adc-9b34-3962ff22e377,NATO MP COE
95bc9767-f8e3-46d0-a1d0-b6f0c24c130d,Kliniką Onkologii i Hematologii Dziecięcej
95bc9767-f8e3-46d0-a1d0-b6f0c24c130d,Uniwersytetu Medycznego
95bc9767-f8e3-46d0-a1d0-b6f0c24c130d,Instytutem Matki i Dziecka
95bc9767-f8e3-46d0-a1d0-b6f0c24c130d,Centrum Onkologii
95bc9767-f8e3-46d0-a1d0-b6f0c24c130d,Centrum Nowotworów Dziedzicznych
95bc9767-f8e3-46d0-a1d0-b6f0c24c130d,Europe
95bc9767-f8e3-46d0-a1d0-b6f0c24c130d,jski
95bc9767-f8e3-46d0-a1d0-b6f0c24c130d,e Partnerstwo na rzecz Walki z Rakiem
95bc9767-f8e3-46d0-a1d0-b6f0c24c130d,jskim Towarzystwem Onkologii Dziecięcej
95df894b-e038-426f-998a-9feba3178c9e,KR-
95e53a6b-8dee-43e7-ae41-c105d569bc0d,POChP
95e53a6b-8dee-43e7-ae41-c105d569bc0d,im. Stru
95e53a6b-8dee-43e7-ae41-c105d569bc0d,Sz
95e53a6b-8dee-43e7-ae41-c105d569bc0d,pitalu Narodowym
95e53a6b-8dee-43e7-ae41-c105d569bc0d,Uniwersyteckiego Centrum Klinicznego
95e53a6b-8dee-43e7-ae41-c105d569bc0d,Uniwersyteckim Szpitalu Dziecięcym
95e53a6b-8dee-43e7-ae41-c105d569bc0d,pitalu Średzkim im
95e53a6b-8dee-43e7-ae41-c105d569bc0d,pita
95e53a6b-8dee-43e7-ae41-c105d569bc0d,lu Specjalistycznym im. J. Diet
95e53a6b-8dee-43e7-ae41-c105d569bc0d,Szpitalu Czerniakowski
95e53a6b-8dee-43e7-ae41-c105d569bc0d,pitalu Klinicznym im. H. Święcickiego Uniwersytetu Medycznego
95e53a6b-8dee-43e7-ae41-c105d569bc0d,Szpitalu Powiatowym im. Jana Mikuli
95e53a6b-8dee-43e7-ae41-c105d569bc0d,pitalu Specjalistycznym
95e53a6b-8dee-43e7-ae41-c105d569bc0d,Uniwersy
9657a3c2-b569-4904-bf98-292d75a6d1e1,Domem Literatur
965eddeb-9cbe-4b6b-b175-79bf4d052405,J
965eddeb-9cbe-4b6b-b175-79bf4d052405,CR
9666cd0a-53e9-486a-9b2e-9f08ca7781eb,Śląski Park Technologii Medycznych Kardio-Med Silesia
9666cd0a-53e9-486a-9b2e-9f08ca7781eb,NO
966a16f8-b4f9-4722-9689-7303f385ae69,Katolickiego Uniwersytetu Lubelskiego
966a16f8-b4f9-4722-9689-7303f385ae69,Uniwersytetu Kard. S. Wyszyńskiego
966a16f8-b4f9-4722-9689-7303f385ae69,Uniwersytetu Jana Pawła II
966a16f8-b4f9-4722-9689-7303f385ae69,Akademii Ignacjanum
966a16f8-b4f9-4722-9689-7303f385ae69,Chrześcijańskiej Akademii Teologicznej
966a16f8-b4f9-4722-9689-7303f385ae69,Rzecznikiem Praw Dziecka
967bcd95-bb1a-4258-8b96-c37fe1b5a95a,YouTube
967bcd95-bb1a-4258-8b96-c37fe1b5a95a,Wojewódzki
967bcd95-bb1a-4258-8b96-c37fe1b5a95a,ej
967bcd95-bb1a-4258-8b96-c37fe1b5a95a,Miejskiej Biblioteki Publicznej
96fd9bf3-b8c3-4db6-9003-666b5acfa30f,Wydz. Architektury
96fd9bf3-b8c3-4db6-9003-666b5acfa30f,Centrum Edukacji
96fd9bf3-b8c3-4db6-9003-666b5acfa30f,ologicznej
96fd9bf3-b8c3-4db6-9003-666b5acfa30f,Wydział Radia i Telewizji
96fd9bf3-b8c3-4db6-9003-666b5acfa30f,Ministerstwo Nauki
970c7abe-8ee8-43c4-ba94-860d987af64b,In
97451bd9-3c2a-4328-8f4a-c4ec24240e52,Papieskie Dzieła Misyjne
97451bd9-3c2a-4328-8f4a-c4ec24240e52,uksw
97451bd9-3c2a-4328-8f4a-c4ec24240e52,Dzieła Pomocy „Ad Gentes”
97451bd9-3c2a-4328-8f4a-c4ec24240e52,va
975a716a-563c-49d4-a0ad-9d14cd54b855,Biblioteką Miejską w Ł
9763090b-0b1c-4c3b-b23c-a1de9c52458a,In
9763090b-0b1c-4c3b-b23c-a1de9c52458a,tucie
9763090b-0b1c-4c3b-b23c-a1de9c52458a,Acta Otolaryngol Suppl
978bef36-5b0a-4f94-bb1d-d6732486bb7b,raportcsr.
978bef36-5b0a-4f94-bb1d-d6732486bb7b,admonkey.
978bef36-5b0a-4f94-bb1d-d6732486bb7b,crnavigator.
978bef36-5b0a-4f94-bb1d-d6732486bb7b,mlodziwlodzi.
978bef36-5b0a-4f94-bb1d-d6732486bb7b,nes.
978bef36-5b0a-4f94-bb1d-d6732486bb7b,Dziennik Łódzki
97bf32d3-0d09-4547-bb1f-576090f3c3a9,PRS S.A
97bf32d3-0d09-4547-bb1f-576090f3c3a9,Pod
97bf32d3-0d09-4547-bb1f-576090f3c3a9,"itet Bezpieczeństwa Żeglugi, Radiokomunikacji, Poszukiwania i Ratownictwa"
97cfbb04-ad5b-4558-a8e9-0871179eb647,USN
97dba0e1-ff20-4f63-aa5a-60c12a14890e,Katedr
97e2455c-8cdf-4f32-97c5-3c3fb4bf7548,Indi
97e2455c-8cdf-4f32-97c5-3c3fb4bf7548,e
97e2455c-8cdf-4f32-97c5-3c3fb4bf7548,Zarząd Główny
97e2455c-8cdf-4f32-97c5-3c3fb4bf7548,Polskiego Towarzystwa Matematycznego
97e2455c-8cdf-4f32-97c5-3c3fb4bf7548,TM
982a7440-3840-4922-9a22-4f9533d74854,Towarzystwem Społeczno-Kulturalnym Niemców na Śląsku Opolski
982a7440-3840-4922-9a22-4f9533d74854,Galerią Sztuki Współczesnej w Op
982c1e52-2795-4efe-a308-69ccdcf0f063,Muze
982c1e52-2795-4efe-a308-69ccdcf0f063,Muzeum Techniki i Komunikacji
982c1e52-2795-4efe-a308-69ccdcf0f063,Procedia Computer Science
9858705e-8101-4097-b122-e7fa6c3c214a,Maz
9858705e-8101-4097-b122-e7fa6c3c214a,owieckiego Samorządowego Centrum Doskonalenia Nauczycieli
986ae04f-4c84-4654-ac44-5566752dc455,u Światowego
986ae04f-4c84-4654-ac44-5566752dc455,"Ministerstw: Rozwoju, Pracy i Technologii"
986ae04f-4c84-4654-ac44-5566752dc455,Rodziny i Polityki Społecznej
98882f3a-bb97-4cbe-9dc9-1e8e5dbf1203,Science
98a02b71-3b12-4101-abd2-7da69db2d218,Klimatu i Środowiska
98d44ade-9cdf-49ea-a42b-edea3704b083,Komendy Portu Wojennego
9901bb72-11c4-496c-a9ba-6063418e57db,twitter.com
993f2aee-fc6b-4112-a2cb-4e0d1e5af911,Wiedzy
99828e4e-28b8-4b36-bab6-92488b3a8e4a,Eurogrupa
9982d06f-1241-4ad9-95c2-37b1c11958e5,O
9982d06f-1241-4ad9-95c2-37b1c11958e5,KG (WK) OHP
9982d06f-1241-4ad9-95c2-37b1c11958e5,Centrum Kształcenia i Wychowania
9982d06f-1241-4ad9-95c2-37b1c11958e5,HP
999f9e18-8e02-4c8a-893b-855b2b1113a0,Akademi
99b23bfa-98c7-4f42-93e4-5c5049e6345a,Gospodarstwie Rolno-Rybackim
99bc70ea-7953-408c-8f77-c2e049130e69,oped
99bc70ea-7953-408c-8f77-c2e049130e69,Wojs
99bc70ea-7953-408c-8f77-c2e049130e69,SOMOS
99e612dc-4054-4e7f-8673-ea9583f2ddb5,Ministra Kultury i Dziedzictwa Narodowego
99e612dc-4054-4e7f-8673-ea9583f2ddb5,Muzeum Etnograficzne w
9a42da7f-a265-42f4-8848-9eb18a34a437,LOTOS Petrobaltic
9a450136-0369-4c7a-bf45-eae2a71e6bf9,KMP Policji
9a7addbd-d2cf-4f56-b3ec-2b1cc7e98ccf,Studiów
9a7addbd-d2cf-4f56-b3ec-2b1cc7e98ccf,Bengal
9a8958a7-a2dd-4fab-805c-832a6c4bad15,u Ubezpieczeń Społecznych
9aa15dbd-d9ce-4f6b-a47b-25f78a519058,Archiwum Danych Społecznych
9aa15dbd-d9ce-4f6b-a47b-25f78a519058,POL
9aa15dbd-d9ce-4f6b-a47b-25f78a519058,Harvard
9aa15dbd-d9ce-4f6b-a47b-25f78a519058,verse
9aa15dbd-d9ce-4f6b-a47b-25f78a519058,Wars
9aa8c917-7944-49d5-8f59-d9813b987d15,P
9aa8c917-7944-49d5-8f59-d9813b987d15,itney Bowes
9aa8c917-7944-49d5-8f59-d9813b987d15,Ellie Mae
9aa8c917-7944-49d5-8f59-d9813b987d15,Akademi
9aa8c917-7944-49d5-8f59-d9813b987d15,4Ex
9ae7b133-58c8-4d0f-8b88-4f5e4d8e2941,Wydziale Instrumentalnym Akademii Muzycznej
9ae7b133-58c8-4d0f-8b88-4f5e4d8e2941,Muzyki Kościelnej
9ae7b133-58c8-4d0f-8b88-4f5e4d8e2941,Edukacji Artystycznej
9ae7b133-58c8-4d0f-8b88-4f5e4d8e2941,Rytmiki
9b0e32fb-d34b-4535-a896-f4f089f15f6c,u Literaturoznawstwa
9b0e32fb-d34b-4535-a896-f4f089f15f6c,Językoznawstwa UJK
9b0e32fb-d34b-4535-a896-f4f089f15f6c,Księgarni Naukowej im. B
9b0e32fb-d34b-4535-a896-f4f089f15f6c,Muzeum im. W. Gombr
9b35e103-4f51-413f-817e-7e5a11326003,ŁTN im. Wagów
9b35e103-4f51-413f-817e-7e5a11326003,Nasz Sz
9b4a771b-5963-4e5e-864a-f7e19f5857ef,Międzynarodowy Układ Jednostek
9b817eb9-eb90-436d-83c2-09ab7293dcdf,Oddziale
9b817eb9-eb90-436d-83c2-09ab7293dcdf,di
9b817eb9-eb90-436d-83c2-09ab7293dcdf,ROC
9b8a40a1-5bd3-48b0-92b2-830b4051d62a,TopGaN sp. z o. o.
9b8a40a1-5bd3-48b0-92b2-830b4051d62a,Vigo system
9b8a40a1-5bd3-48b0-92b2-830b4051d62a,Spół
9ba60377-d46a-4c38-8969-cad4e077b181,ZPSiH Frąckowiak sp.j.
9ba60377-d46a-4c38-8969-cad4e077b181,Leszczyńskiego Centrum Biznesu
9ba60377-d46a-4c38-8969-cad4e077b181,Klastra Spożywczego Leszczyńskie Smaki
9ba60377-d46a-4c38-8969-cad4e077b181,Bars Halina Kalemba
9bb211b9-0f4b-4844-aa46-710ba906ac4f,Fundację Otto Brennera
9bb96c26-a5b3-4559-9b71-427ef693a8a3,MŚ
9bdcd948-5657-47b2-8e71-42651212e4a8,HMM
9bdcd948-5657-47b2-8e71-42651212e4a8,TaKIPI
9bdcd948-5657-47b2-8e71-42651212e4a8,PANTERA
9bdcd948-5657-47b2-8e71-42651212e4a8,WMBT
9bdcd948-5657-47b2-8e71-42651212e4a8,Concraft‐pl
9bdcd948-5657-47b2-8e71-42651212e4a8,Toygger
9bdcd948-5657-47b2-8e71-42651212e4a8,igra
9bdcd948-5657-47b2-8e71-42651212e4a8,Polfie
9bdcd948-5657-47b2-8e71-42651212e4a8,En
9c172515-b24b-44f7-a4f9-1d847be4e244,Prosoma
9c172515-b24b-44f7-a4f9-1d847be4e244,.O
9c172515-b24b-44f7-a4f9-1d847be4e244,CE
9c172515-b24b-44f7-a4f9-1d847be4e244,AppStore
9c172515-b24b-44f7-a4f9-1d847be4e244,Google Play Store
9c172515-b24b-44f7-a4f9-1d847be4e244,Asklepios Kliniken
9c172515-b24b-44f7-a4f9-1d847be4e244,Memorial Care health system
9c172515-b24b-44f7-a4f9-1d847be4e244,Narodowego Instytutu Onkologii im. M. Skłodowskiej-Curie
9c172515-b24b-44f7-a4f9-1d847be4e244,Centrum Wsparcia Pacjenta i Jego Bliskich „Sło
9c873e09-dd58-45cc-8521-1a13df4c4d76,Blog
9c873e09-dd58-45cc-8521-1a13df4c4d76,News
9ca89d81-152a-49dd-b4bc-62f19c0e4bdb,In
9ca89d81-152a-49dd-b4bc-62f19c0e4bdb,stysutu Chemii Bioorganicznej PAN
9cb8fada-d6d1-4c2b-94cc-c04a8100f257,B
9cb8fada-d6d1-4c2b-94cc-c04a8100f257,Katedry Biochemii i Biotechnologii
9cb8fada-d6d1-4c2b-94cc-c04a8100f257,Uniwersytetu Medycznego
9cb8fada-d6d1-4c2b-94cc-c04a8100f257,pfsz
9cd80d38-2e00-4b2c-a46b-5ab929db9bf7,"Samsung Electronics Co., Ltd"
9d21a421-7a28-4b5a-9e89-97fafbf06fe1,Wspólny Sekretariat Techniczny Programu Współpracy Transgrani
9d21a421-7a28-4b5a-9e89-97fafbf06fe1,Polska
9d21a421-7a28-4b5a-9e89-97fafbf06fe1,Ros
9d47bbbf-0f19-4734-9d5e-141f2f9384fe,u Pedagogiki WSH
9d47bbbf-0f19-4734-9d5e-141f2f9384fe,Fundację „Instytut Twórczej Integracji
9d47bbbf-0f19-4734-9d5e-141f2f9384fe,„Instytut Twórczej Integracji”
9d491be1-3900-42c3-883c-5f4d4e8c8ddd,IAI S.A
9d491be1-3900-42c3-883c-5f4d4e8c8ddd,IAI SA.
9d58c77e-0526-470a-bb93-747222af39d9,Uniwersytetu Warmińsko-Mazurskiego
9d5942bf-44cc-4353-a407-50df5d9e3960,Uniwersytet Charite
9d5942bf-44cc-4353-a407-50df5d9e3960,In
9d5942bf-44cc-4353-a407-50df5d9e3960,sty
9d5942bf-44cc-4353-a407-50df5d9e3960,tut Matki i Dziecka
9d5942bf-44cc-4353-a407-50df5d9e3960,IP-Centrum Zdrowia Dziecka
9d5942bf-44cc-4353-a407-50df5d9e3960,Frontiers in Immunology
9dab7075-cd2e-4403-9bd5-fbc8a60353dd,Zachodniopomorski Uniwersytet Technologiczny
9dab7075-cd2e-4403-9bd5-fbc8a60353dd,pigment
9dab7075-cd2e-4403-9bd5-fbc8a60353dd,pl
9dab7075-cd2e-4403-9bd5-fbc8a60353dd,YouTube
9e410980-f02f-425a-9b7f-2615352cf226,NC
9e410980-f02f-425a-9b7f-2615352cf226,onto
9e410980-f02f-425a-9b7f-2615352cf226,Kraina dinozaurów
9e410980-f02f-425a-9b7f-2615352cf226,Stowarzyszenie Miłośników Krasiejowa
9e410980-f02f-425a-9b7f-2615352cf226,m Historii Naturalnej
9e410980-f02f-425a-9b7f-2615352cf226,Belgi
9e410980-f02f-425a-9b7f-2615352cf226,jskim Stowarzyszeniem Paleontologicznym
9e9a0318-bccb-4785-8d16-9eb0e3e3dbb4,Euro-Projekt
9e9a0318-bccb-4785-8d16-9eb0e3e3dbb4,SPB Torkret Sp. z.o.o
9ec7ed97-4bfa-4133-b553-e3b1d0232e58,s
9edb5523-8362-403b-aa6a-a26ec1bdc708,Klinik
9edb5523-8362-403b-aa6a-a26ec1bdc708,Towarzystw Nauk
9edb5523-8362-403b-aa6a-a26ec1bdc708,Franc
9edb5523-8362-403b-aa6a-a26ec1bdc708,uskie Towarzystwa Naukowe
9edb5523-8362-403b-aa6a-a26ec1bdc708,European Union
9edb5523-8362-403b-aa6a-a26ec1bdc708,European Free Trade Association
9ee36a45-6496-49c1-9bb8-7c053a160223,WTC
9ee36a45-6496-49c1-9bb8-7c053a160223,Zarządzającego Portem
9ee36a45-6496-49c1-9bb8-7c053a160223,Zarządzającego Międzynarodowym Portem Lotniczym „Katowice”
9f2561ec-34a5-45bc-a81b-80d1cc46ee79,dynburg
9f295bf3-65ac-477c-a280-82c1d2c41e02,YT
9f295bf3-65ac-477c-a280-82c1d2c41e02,Wprost
9f295bf3-65ac-477c-a280-82c1d2c41e02,Kurier Poranny
9f295bf3-65ac-477c-a280-82c1d2c41e02,W
9f295bf3-65ac-477c-a280-82c1d2c41e02,gry
9f33c4d1-5238-4885-b67e-d3da00062352,Festiwal
9f33c4d1-5238-4885-b67e-d3da00062352,pot
9fa92b9f-fc98-47a5-8dbc-16fbf2236902,Ministerst
9fa92b9f-fc98-47a5-8dbc-16fbf2236902,Kultury i Dziedzictwa Narodowego
9fac2085-e691-45df-85f4-92c463888872,u Medycznego
9fb0b0b2-d77a-446c-b5ec-56f801757aa7,Ministerstwie Rodziny i Polityki Społ.
9fb0b0b2-d77a-446c-b5ec-56f801757aa7,D
9fb0b0b2-d77a-446c-b5ec-56f801757aa7,n
9fb0b0b2-d77a-446c-b5ec-56f801757aa7,Karkonoski Sejmik Osób Niepełnosprawnych „
9fb0b0b2-d77a-446c-b5ec-56f801757aa7,Biznes
9fee3aa9-e6ed-4f52-8063-47189f60b953,Katedrze Rozrodu Wrocław
9fee3aa9-e6ed-4f52-8063-47189f60b953,Banku Nasienia Zwierząt Towarzyszących i Dzikich
9fee3aa9-e6ed-4f52-8063-47189f60b953,D
9fee3aa9-e6ed-4f52-8063-47189f60b953,W
a020d71c-e062-4b24-b64b-fc17aeedbfbd,u Ochrony Środowiska
a020d71c-e062-4b24-b64b-fc17aeedbfbd,IOŚ-PIB
a020d71c-e062-4b24-b64b-fc17aeedbfbd,Konwencji o Przenoszeniu
a020d71c-e062-4b24-b64b-fc17aeedbfbd,Ramowej Konwencji Narodów Zjednoczonych w Sprawie Zmian Klimat
a020d71c-e062-4b24-b64b-fc17aeedbfbd,UN FCCC
a020d71c-e062-4b24-b64b-fc17aeedbfbd,un
a04fe12a-6aa8-4830-a265-3000965f0b65,Wydziałem Nauk o Zdrowiu Uniwersytetu Medycznego
a04fe12a-6aa8-4830-a265-3000965f0b65,Ratownictwa Medycznego
a04fe12a-6aa8-4830-a265-3000965f0b65,U
a05e5113-2d00-4e57-a956-4d143d2db3e1,DYNAMIC BUSINESS INFORMATION (ASIA PACIFIC
a062fa5a-caa4-45fc-a0c7-376df84cfeaf,Komisji Ekspertów Polskiego Towarzystwa Leczenia Oparzeń ds. Procedur
a062fa5a-caa4-45fc-a0c7-376df84cfeaf,czenia Oparzeń
a062fa5a-caa4-45fc-a0c7-376df84cfeaf,Zespołu ekspertów d
a06eb6de-f4cc-4281-a4a8-5f23853c9757,DW
a07b822d-a1c3-41fc-b232-f88ead0af52c,u Nafty i Gazu
a07b822d-a1c3-41fc-b232-f88ead0af52c,INiG-PI
a08763f9-5c83-4a9f-b16c-8bd151a6d989,Uczelniach
a093e95a-cc7c-4098-8eda-7793569d3df8,CCUS
a0ad6420-76b7-4abb-91a0-661e25b781ef,Konserwacja i restauracja dziedzictwa kulturowego
a0ad6420-76b7-4abb-91a0-661e25b781ef,Uffizi
a157f23a-7288-4ac4-a63f-f0a389edcb10,Polo
a157f23a-7288-4ac4-a63f-f0a389edcb10,Zakładów “Poltex
a1b9b173-3c34-4cfa-a169-9dde1249ca6a,JP
a1be5431-e033-46ff-8946-a376f3366338,u Ogrodnictwa
a1be5431-e033-46ff-8946-a376f3366338,Zakładu Pszczelnictwa
a1e61f0f-c898-4076-bdc5-fe0cd0d80c9c,Dorad
a1e61f0f-c898-4076-bdc5-fe0cd0d80c9c,Endokrynologiczny
a23da63e-b54e-42d9-9a76-9fd675be0f99,u Fizyki UO
a23da63e-b54e-42d9-9a76-9fd675be0f99,Rady Naukowej Instytutu Fizyki Plazmy i Laserowej Mikrosyntezy im
a24411a0-bdf7-4795-9801-b7691fc93780,Gazecie Wyborczej
a24411a0-bdf7-4795-9801-b7691fc93780,The Time
a24411a0-bdf7-4795-9801-b7691fc93780,Polityka
a24411a0-bdf7-4795-9801-b7691fc93780,Polskim Radio Program Czwarty
a24411a0-bdf7-4795-9801-b7691fc93780,Fifty na Pol
a24411a0-bdf7-4795-9801-b7691fc93780,YouTube TheMoolar
a252a5d3-5e42-4017-b841-b595b0f1c3ab,IEiK
a2adc955-9eb2-4965-9e49-2d7c38243050,Młodzi
a2adc955-9eb2-4965-9e49-2d7c38243050,Ośrodków Wychowawczych
a2adc955-9eb2-4965-9e49-2d7c38243050,Młodzieżowych Ośrodków Socjoterapii
a2ee3b0e-8fa0-487f-97e2-254a1e2fab11,Kon
a2ee3b0e-8fa0-487f-97e2-254a1e2fab11,cjum EUROfusion
a2f639e0-3425-4621-94a5-87c954c1a633,A
a2f639e0-3425-4621-94a5-87c954c1a633,Web of Science
a319c2a5-5490-4c23-a335-c575cdbbb743,""""
a319c2a5-5490-4c23-a335-c575cdbbb743,40 i cztery
a32e7c6e-b2aa-4cf4-bace-f2c77c81b123,YouTube
a32e7c6e-b2aa-4cf4-bace-f2c77c81b123,IX LO
a32e7c6e-b2aa-4cf4-bace-f2c77c81b123,YT Akademii Młodych Uczonych i Artystów
a331b0dd-2ec3-4fff-bab0-41e4f1405a4b,Houns
a331b0dd-2ec3-4fff-bab0-41e4f1405a4b,HU
a341a7cd-d7f9-4caa-a0fb-b4299a7fe269,Ateny
a341a7cd-d7f9-4caa-a0fb-b4299a7fe269,Janina
a341a7cd-d7f9-4caa-a0fb-b4299a7fe269,Oxford
a341a7cd-d7f9-4caa-a0fb-b4299a7fe269,A
a341a7cd-d7f9-4caa-a0fb-b4299a7fe269,ny
a36011ba-4e29-4983-990a-1ade9086502a,rzeczeń Sądów Administracyjnych
a38f18ff-c52f-40a2-bc29-b6fc54783817,solidarności
a38f18ff-c52f-40a2-bc29-b6fc54783817,Centrum pieniądza NBP
a3cb94e2-a794-44b3-923e-512cc7604a7a,Studia Migracyjne - Przegląd Polonijny
a3cb94e2-a794-44b3-923e-512cc7604a7a,"Krajowego Funduszu Azylu, Migracji i Integracji"
a3cb94e2-a794-44b3-923e-512cc7604a7a,F
a3cb94e2-a794-44b3-923e-512cc7604a7a,AMI
a3e79372-93f6-483f-ba27-286d4e5be13e,ST8
a41cdc97-4dfa-4e00-8b69-57b1993a9825,Admaster sp. z o.o
a45856fb-dfa1-40b9-be3d-17c569914f14,Kurii Diecezjalnej
a45856fb-dfa1-40b9-be3d-17c569914f14,Instytutu Pamięci Narodowej Oddział
a45f87b9-382f-4a50-bda9-65aaf43b0657,Kołorking muzyczny
a468a3f6-ef70-48af-a713-79fa337770d3,at
a468a3f6-ef70-48af-a713-79fa337770d3,LO im.
a468a3f6-ef70-48af-a713-79fa337770d3,ło
a468a3f6-ef70-48af-a713-79fa337770d3,Ognisko Pracy Pozaszkolnej nr 4
a468a3f6-ef70-48af-a713-79fa337770d3,Biblioteka Publiczna
a4767e0d-109a-4844-a998-9d4f54289267,u Ekonomii i Finansów
a4767e0d-109a-4844-a998-9d4f54289267,In
a4767e0d-109a-4844-a998-9d4f54289267,stytucie Pracy i Spraw Socjalnych
a4767e0d-109a-4844-a998-9d4f54289267,Minister
a4767e0d-109a-4844-a998-9d4f54289267,"stwa Rozwoju, Pracy i Technologii"
a49cc80a-9a9e-4017-bff2-65aac56a864d,Grup
a49cc80a-9a9e-4017-bff2-65aac56a864d,y Roboczej Zdrowie
a49cc80a-9a9e-4017-bff2-65aac56a864d,Dobrostan Zwierząt Copa Cogeca
a49cc80a-9a9e-4017-bff2-65aac56a864d,DW
a49cc80a-9a9e-4017-bff2-65aac56a864d,Min. Rozwoju Rolnictwa i Żywności
a49cc80a-9a9e-4017-bff2-65aac56a864d,DW5)
a4a3f02b-e874-452d-a790-03d0998d21c1,Programu II
a4f26bf8-897b-4f0d-a49e-64e5bb55673d,Wojewódzkiego Inspektoratu Ochrony Środowiska
a514e940-da02-44a1-bcfa-d78a065813ec,OZWP
a54027c5-186f-487b-abad-740639e70e82,PZL sp. z o.o
a54027c5-186f-487b-abad-740639e70e82,Mielec
a54195d1-6666-4f75-a190-bd6dfbf77877,Web of Science Core Collection
a54195d1-6666-4f75-a190-bd6dfbf77877,Google Scholar
a547d209-b40a-44eb-b242-5490b65442ac,Minister
a547d209-b40a-44eb-b242-5490b65442ac,st
a547d209-b40a-44eb-b242-5490b65442ac,Sprawiedliwości
a552ad9c-597c-4ab5-b51a-f02d08fc23a4,Centralnej Szkole Państwowej Straży Pożarnej
a5cda545-4dfa-47e8-9426-aa87ed6f5f7c,Głównym Urzędzie Statystycznym
a5cda545-4dfa-47e8-9426-aa87ed6f5f7c,Departamencie Rolnictwa
a5cda545-4dfa-47e8-9426-aa87ed6f5f7c,G
a5cda545-4dfa-47e8-9426-aa87ed6f5f7c,łówny Urząd Statystyczny
a5cda545-4dfa-47e8-9426-aa87ed6f5f7c,Komitetu Europejskiego Systemu Statystycznego
a5cda545-4dfa-47e8-9426-aa87ed6f5f7c,EUROSTAT
a5fb336b-a730-4705-9ab7-756cdb9d9db3,Ministra Zdrowia
a5fb336b-a730-4705-9ab7-756cdb9d9db3,Krajowa Rada
a617016f-92a9-4d66-934e-2c659f00c848,BTU (
a62d854c-8bfb-4e7e-a2e3-aab6041857db,Polityka
a62d854c-8bfb-4e7e-a2e3-aab6041857db,Kongresu Kobiet
a62d854c-8bfb-4e7e-a2e3-aab6041857db,uw
a62d854c-8bfb-4e7e-a2e3-aab6041857db,Biura Promocji Nauki „PolSCA
a6536a3d-67ac-4778-bcbc-c334eec31fc8,Kar
a6536a3d-67ac-4778-bcbc-c334eec31fc8,PKP CARGOTABOR Sp. z o.o
a6536a3d-67ac-4778-bcbc-c334eec31fc8,PKP CARGOTABOR Spółka z o.o.
a65c4111-23d6-4336-b2a2-5cca53a7d2a1,Veoli
a65c4111-23d6-4336-b2a2-5cca53a7d2a1,a Deutschland
a6621316-854c-4065-abf2-b2b550ed26d1,nplp
a6621316-854c-4065-abf2-b2b550ed26d1,Google Analytics
a6621316-854c-4065-abf2-b2b550ed26d1,-ID
a6754084-1013-4237-a035-68c6ba7c526f,Environmental Protection Agency
a67b8974-ce54-45df-911a-8e4822745c9c,FB
a67b8974-ce54-45df-911a-8e4822745c9c,YT
a68356a9-5efd-43f5-b0d5-4a07d0d1f0cf,Strem Inc.
a68356a9-5efd-43f5-b0d5-4a07d0d1f0cf,Przedsiębiorczy Wrocław
a6936d80-c1de-4ba9-b99d-b311e623c4be,PWr.
a6ec5cd7-203a-4e68-b975-9efecb6ce5ba,CS
a70c32f7-dd22-4a77-98c0-510c23818bff,PiD sp. z o.o
a731b68e-7417-4bbf-8a6b-39ef82708717,Komitetu Obchodów
a74c6c19-62b5-4f9f-9575-e3481548c81f,Najwyższej Izby Kontroli - Delegatura
a74c6c19-62b5-4f9f-9575-e3481548c81f,ONET
a74c6c19-62b5-4f9f-9575-e3481548c81f,eKutno
a74c6c19-62b5-4f9f-9575-e3481548c81f,Ministra Zdrowia
a74c6c19-62b5-4f9f-9575-e3481548c81f,Najwyższej Izby Kontroli - Delegatury
a750ec97-eec9-4f4d-a94b-375b9874ef1f,Muzeum Historyczno-Krajo
a750ec97-eec9-4f4d-a94b-375b9874ef1f,wczego
a750ec97-eec9-4f4d-a94b-375b9874ef1f,Dom Rosyjskiej Zagranicy im.
a750ec97-eec9-4f4d-a94b-375b9874ef1f,Sołże
a750ec97-eec9-4f4d-a94b-375b9874ef1f,Instytut Polski
a750ec97-eec9-4f4d-a94b-375b9874ef1f,Minister
a750ec97-eec9-4f4d-a94b-375b9874ef1f,stwu Spraw Zagranicznych RP
a750ec97-eec9-4f4d-a94b-375b9874ef1f,Biblioteka UWM
a7679976-48d1-437c-8d3f-325842bb3b15,Ipanterm Sp. z o.o.
a779dec2-7827-4117-bb6e-202da99b76ba,Katedr
a779dec2-7827-4117-bb6e-202da99b76ba,y Napędów i Maszyn Elektrycznych
a7ebc65c-691a-4c23-82d1-fbc96738e07b,Unieszkodliwiania Odpadów Wydobywczych
a7ebc65c-691a-4c23-82d1-fbc96738e07b,KGHM POLSKA MIEDŹ
a8398140-e55a-4b47-bfd0-e14ed442fb0f,Polonijny
a84175fa-72ea-4281-b8db-f6337d0bf351,Jewish History Quarterly
a84175fa-72ea-4281-b8db-f6337d0bf351,Revue des Études Juives
a84175fa-72ea-4281-b8db-f6337d0bf351,Zion
a84175fa-72ea-4281-b8db-f6337d0bf351,Images
a84175fa-72ea-4281-b8db-f6337d0bf351,Tradition
a84175fa-72ea-4281-b8db-f6337d0bf351,H-Judaic
a84175fa-72ea-4281-b8db-f6337d0bf351,Sehepunkt
a84175fa-72ea-4281-b8db-f6337d0bf351,Zeitschrift für Ostmitteleuropa-Forschung
a84175fa-72ea-4281-b8db-f6337d0bf351,Judaic-Slavic Journal
a84175fa-72ea-4281-b8db-f6337d0bf351,Forward
a84175fa-72ea-4281-b8db-f6337d0bf351,Hashomer
a84175fa-72ea-4281-b8db-f6337d0bf351,Los Angeles Review of Books
a84175fa-72ea-4281-b8db-f6337d0bf351,Marginalia Los Angeles Review of Books
a84175fa-72ea-4281-b8db-f6337d0bf351,The New York Review of Books
a84175fa-72ea-4281-b8db-f6337d0bf351,Open Letters Review
a84175fa-72ea-4281-b8db-f6337d0bf351,Publishers Weekly
a84175fa-72ea-4281-b8db-f6337d0bf351,Times Literary Supplement
a84175fa-72ea-4281-b8db-f6337d0bf351,Ami Magaine
a84175fa-72ea-4281-b8db-f6337d0bf351,The Jewish Voice and Opinion
a84175fa-72ea-4281-b8db-f6337d0bf351,Life in Israel
a84175fa-72ea-4281-b8db-f6337d0bf351,Polityka
a84175fa-72ea-4281-b8db-f6337d0bf351,Wię
a84175fa-72ea-4281-b8db-f6337d0bf351,ź
a84175fa-72ea-4281-b8db-f6337d0bf351,y
a84175fa-72ea-4281-b8db-f6337d0bf351,Poli
a84175fa-72ea-4281-b8db-f6337d0bf351,Polityce
a84175fa-72ea-4281-b8db-f6337d0bf351,Chidusz.
a852b410-de57-409f-8648-be361d6ea74b,Instytutu Prawa i Administracji Akademii Pomorskiej
a8b6a357-e516-4572-8ca7-c579432053c2,Ruchu Drogowego
a8b6a357-e516-4572-8ca7-c579432053c2,D
a8f3d31b-e0ba-4e68-ab91-29a7ceeb4ef2,SARUAV sp. z
a8f3d31b-e0ba-4e68-ab91-29a7ceeb4ef2,SARUAV sp. z o.o
a91276b4-adcf-4efa-9ae4-7e5ae0f426da,ASzWoj.
a91276b4-adcf-4efa-9ae4-7e5ae0f426da,27. WDP AK
a91276b4-adcf-4efa-9ae4-7e5ae0f426da,27ak
a9494de0-5022-4ad9-9efe-5af6740ef190,Pedagogiki
a9494de0-5022-4ad9-9efe-5af6740ef190,Pedagogiki Specjalnej
a9494de0-5022-4ad9-9efe-5af6740ef190,Zespół Szkół Specjalnych nr 90
a9df6bf5-f8e3-441f-9eb3-6964314f3e31,Z
a9efba56-7fcd-49c9-b9c9-35a1752ee294,Wie
aa38df74-27ba-4f3d-9039-25c03a643c97,Centr
aa38df74-27ba-4f3d-9039-25c03a643c97,e de coopération internationale en recherche agronomique pour le développement
aa47cbed-2fa8-46ba-9785-86f7401ced3d,Zag
aa821857-e139-4ceb-b1b9-18db7e2a3fce,TopGaN sp. z.o
aa821857-e139-4ceb-b1b9-18db7e2a3fce,TopGaN sp. z
aa947f7e-784f-4e78-b101-10a44cdb1e21,Uniwersytetem Lwowskim im.
aa947f7e-784f-4e78-b101-10a44cdb1e21,Uniwersytetem Kijowskim im.
aa947f7e-784f-4e78-b101-10a44cdb1e21,Polsko-Ukraińskiego Klubu Konstytucjonalistów
aa947f7e-784f-4e78-b101-10a44cdb1e21,Centralnej Komisji Wyborczej
aa9acbb7-dc1a-4599-9fb3-e4726687b762,Dziennika Gazety Prawnej
aaa45c70-f96b-4e3e-a222-486a9f40cfb4,Sej
aac18f65-b945-438a-8954-d50067556cdd,Urzęd
aac18f65-b945-438a-8954-d50067556cdd,em Marszałkowskim WL
aacc21e8-538c-42a7-afcd-b4b60ba25f41,HZS Horská záchranná služba
aacc21e8-538c-42a7-afcd-b4b60ba25f41,Pa
aacc21e8-538c-42a7-afcd-b4b60ba25f41,ń
aacc21e8-538c-42a7-afcd-b4b60ba25f41,stwowe Zawodowe Górskie Pogotowie Ratunkowe
aacc21e8-538c-42a7-afcd-b4b60ba25f41,Stowarzyszenie Emerytów Polskich w
aacc21e8-538c-42a7-afcd-b4b60ba25f41,Cze
aacc21e8-538c-42a7-afcd-b4b60ba25f41,Urząd Miejski
aacc21e8-538c-42a7-afcd-b4b60ba25f41,Krajowa Rada Komendantów Straży Miejskich i Gminnych
aacc21e8-538c-42a7-afcd-b4b60ba25f41,Komenda Wojewódzka Państwowej Straży Pożarnej
ab4aca57-a9bb-47c0-be91-c74f7583e29e,Pracowni Neuroinżynierii Medycznej
ab4aca57-a9bb-47c0-be91-c74f7583e29e,Katedry Inżynierii Biomedycznej Politechniki Wrocławskiej
ab5189df-b060-43de-a09a-6c7da7fe10ba,Woj
ab5189df-b060-43de-a09a-6c7da7fe10ba,skowe Zakłady Motoryzacyjne
ab5189df-b060-43de-a09a-6c7da7fe10ba,In
ab5189df-b060-43de-a09a-6c7da7fe10ba,tu
ab6c218f-6a00-4b5f-98f5-3fd4222ae422,izo
ab929884-502b-4647-a780-983d19e82aed,europejskie
ab929884-502b-4647-a780-983d19e82aed,sieci na rzecz rozwoju obszarów wiejskich
abbe8804-0f9b-4723-bf1b-32215ce82c64,YouTube
abbe8804-0f9b-4723-bf1b-32215ce82c64,.
abbe8804-0f9b-4723-bf1b-32215ce82c64,P. Grzywna
abbe8804-0f9b-4723-bf1b-32215ce82c64,. S
abbe8804-0f9b-4723-bf1b-32215ce82c64,eń
abda4cc5-00bb-46bf-a0e7-58a81dabf1c2,cji
abda4cc5-00bb-46bf-a0e7-58a81dabf1c2,Spraw Wewnętrznych i Administracji
abda4cc5-00bb-46bf-a0e7-58a81dabf1c2,viron Res Public Health
abecc143-a525-44ec-aab1-dd0953e44651,Belvedere
ac182a15-f002-4c4d-99e0-1c89802df948,Ministr
ac182a15-f002-4c4d-99e0-1c89802df948,J
ac1941ad-0d1c-4e18-9b5f-03bec7fb43a1,Muzeum Piastów Śląskich
ac1941ad-0d1c-4e18-9b5f-03bec7fb43a1,Archiwum Państwowe w
ac5aba0c-9307-42b9-a121-1d3c3de5f9b1,O
ac5aba0c-9307-42b9-a121-1d3c3de5f9b1,środ
ac5aba0c-9307-42b9-a121-1d3c3de5f9b1,kiem Myśli Społecznej im. Ferdynanda Lassalle’a
ac5aba0c-9307-42b9-a121-1d3c3de5f9b1,European Progressive Observatory
ac5aba0c-9307-42b9-a121-1d3c3de5f9b1,The Progressive Post
ac72f2c5-ca9d-4818-9198-1c95d38e9625,Nawrota
ac81c021-e7c2-4a62-9b80-c819b64ceac2,Archiwum Akt Dawnych
acb56171-38b4-4fe4-a5ca-2e02b7487c97,Bio
accfe9ac-01d1-49d3-b713-3940f846c546,INPREDO
accfe9ac-01d1-49d3-b713-3940f846c546,INZNAK
accfe9ac-01d1-49d3-b713-3940f846c546,INRED
accfe9ac-01d1-49d3-b713-3940f846c546,INDOK
accfe9ac-01d1-49d3-b713-3940f846c546,OCT
acf053e4-8252-4a0f-8fea-9faa205ac418,YT
acfb83db-58af-43bf-a890-42bb4e6d38b5,Fundacji Watykańskiej
ad1507d3-5ae2-4165-8997-5cafc500ef5c,Uniwersytet im.
ad1507d3-5ae2-4165-8997-5cafc500ef5c,a Mic
ad1507d3-5ae2-4165-8997-5cafc500ef5c,a
ad3da080-3b7b-43f4-8e85-77a02516f97a,"Ministerstwo Rodziny, Pracy i Polityki Społecznej"
adb4838e-836f-4f48-b3ef-d0652f31c105,WUP Szczecin
adb66443-3c16-4ecf-8739-1fda18fc2edc,Towarzystwo Przyjaciół Pilzna i Ziemi Pilzneńskiej
adc7d869-f054-4f27-963e-4796829b7806,MA
adc7d869-f054-4f27-963e-4796829b7806,P
adc7d869-f054-4f27-963e-4796829b7806,Ambasadą Pale
adc7d869-f054-4f27-963e-4796829b7806,ny
adc7d869-f054-4f27-963e-4796829b7806,Sep
adc7d869-f054-4f27-963e-4796829b7806,zz
adc7d869-f054-4f27-963e-4796829b7806,Gerard Edery & Friends
add862a7-02c3-4a05-977d-d9c3b3e3ed9e,Miasto
add862a7-02c3-4a05-977d-d9c3b3e3ed9e,COS
ade3ab71-3d07-473f-a343-3f695cda41b8,DRAMIŃSKI S.A.
ade3ab71-3d07-473f-a343-3f695cda41b8,Kraj
adf3808f-72f3-409d-87bd-3ae68539e992,Software for Chemistry and Materials B.V.
adf3808f-72f3-409d-87bd-3ae68539e992,F
adf3808f-72f3-409d-87bd-3ae68539e992,ujitsu Quantum Systems Poland
ae2cac3a-5689-42b4-a25e-5277d4899dbe,Światowe Forum Ekonomiczne
ae2cac3a-5689-42b4-a25e-5277d4899dbe,AFAM
aeb0c31a-1007-4988-b20e-75e1f54a35c6,Wydziale Językoznawstwa
aeb0c31a-1007-4988-b20e-75e1f54a35c6,Centrum Nauczania Języka Polskiego dla Obcokrajowców
aed1f806-954f-4992-bb2f-cbc7693e3976,Akademi
aee8dfed-354d-4002-8160-dec885d9dd42,Ministra Nauki i Szkolnictwa
aef59edb-7c6a-4075-944e-6666ca801650,Ekonomia Międzynarodowa
af194af0-8e4a-4152-9e55-aa53da031b45,UN
af194af0-8e4a-4152-9e55-aa53da031b45,Portami Szczecin
af44747c-ab7e-4d01-b024-5ab505e7a621,Asil Çelik
af44747c-ab7e-4d01-b024-5ab505e7a621,Za
af5e9dde-c421-42b9-9f14-9cc9adc14ce0,ChTJ
af5e9dde-c421-42b9-9f14-9cc9adc14ce0,Sterylizacji Radiacyjnej IChTJ
af7319dd-31df-4394-a294-2e6d73e71d16,u Stosunków Międzynarodowych Uniwersytetu Tarasa Szewczenki
af7319dd-31df-4394-a294-2e6d73e71d16,Międzyrządowego Centrum Partnerstwa Strategicznego Polski
af7319dd-31df-4394-a294-2e6d73e71d16,Ukrain
af7319dd-31df-4394-a294-2e6d73e71d16,Pełnomocnikiem Rządu ds. Partner
af7319dd-31df-4394-a294-2e6d73e71d16,Strategi
af7d73b6-dff4-453f-a302-606831a21d7b,pożar
af7d73b6-dff4-453f-a302-606831a21d7b,straż
af884f45-81ad-4799-9501-cc5948d91f15,Uniwersytetu Przyrodniczo-Humanistycznego
afaf7051-1290-424b-90d4-e71b173fdf52,EUROSTAT
afba202e-25ca-4c8e-9f22-c3fedf9cca31,Pi
b00cf4b1-78fd-45ba-b764-f5c2d6d3066d,Se
b00cf4b1-78fd-45ba-b764-f5c2d6d3066d,Poli
b0405e74-193d-43fb-b0b6-66aa78fd319d,MM
b0405e74-193d-43fb-b0b6-66aa78fd319d,TaKIPI
b0405e74-193d-43fb-b0b6-66aa78fd319d,PANTERA
b0405e74-193d-43fb-b0b6-66aa78fd319d,WMBT
b0405e74-193d-43fb-b0b6-66aa78fd319d,Concraft
b0405e74-193d-43fb-b0b6-66aa78fd319d,pl
b0405e74-193d-43fb-b0b6-66aa78fd319d,Toy
b0405e74-193d-43fb-b0b6-66aa78fd319d,Spejd
b0405e74-193d-43fb-b0b6-66aa78fd319d,Świgra
b0405e74-193d-43fb-b0b6-66aa78fd319d,Polfie
b0405e74-193d-43fb-b0b6-66aa78fd319d,Eniam
b0405e74-193d-43fb-b0b6-66aa78fd319d,Narod
b0405e74-193d-43fb-b0b6-66aa78fd319d,pus
b0405e74-193d-43fb-b0b6-66aa78fd319d,Języ
b0405e74-193d-43fb-b0b6-66aa78fd319d,Polskiego
b0405e74-193d-43fb-b0b6-66aa78fd319d,JP
b0405e74-193d-43fb-b0b6-66aa78fd319d,Minister
b0405e74-193d-43fb-b0b6-66aa78fd319d,stwa Spraw Zagranicznych
b06af06d-760d-46dd-9eac-c1db54df3cc1,bility to Protect
b06af06d-760d-46dd-9eac-c1db54df3cc1,Instytutu Polskiego
b06af06d-760d-46dd-9eac-c1db54df3cc1,Instytut Pil
b07ea0b5-33e4-40d6-a65b-d88990b2afe5,Ośrodek „Brama Grodzka – Teatr NN
b07ea0b5-33e4-40d6-a65b-d88990b2afe5,Stowarzyszenie „Studnia Pamięci
b07ea0b5-33e4-40d6-a65b-d88990b2afe5,Państwowe Muzeum na
b07ea0b5-33e4-40d6-a65b-d88990b2afe5,War
b080502c-38e6-488c-8a26-21cb3a6b4bae,Uniwersytet Przyrodniczy
b08238ee-a274-4084-8cde-84bfe22c52a1,Brodnica Nasze Miasto
b08238ee-a274-4084-8cde-84bfe22c52a1,Dziennik
b08238ee-a274-4084-8cde-84bfe22c52a1,a Elbląskiego
b0979279-adad-4704-a998-f6de7d4451d1,G
b0979279-adad-4704-a998-f6de7d4451d1,łówna Komisja Urbanistyczno-Architektoniczna
b0979279-adad-4704-a998-f6de7d4451d1,Mie
b0979279-adad-4704-a998-f6de7d4451d1,jska Pracownia Urbanistyczna
b0e47ad0-c602-448c-91f9-831582a4463a,PO RPW
b0e47ad0-c602-448c-91f9-831582a4463a,Kla
b0e47ad0-c602-448c-91f9-831582a4463a,Obróbki Metali
b101d7e6-0ccd-4d3a-af3d-22cdaf9c2c84,Gdańskie Autobusy i Tramwaje
b101d7e6-0ccd-4d3a-af3d-22cdaf9c2c84,S
b101d7e6-0ccd-4d3a-af3d-22cdaf9c2c84,chronisko młodzieżowe
b101d7e6-0ccd-4d3a-af3d-22cdaf9c2c84,Zespół żłobków
b121e80c-573b-4c9e-bda5-e20c932115be,Ośrodek „Brama Grodzka – Teatr NN
b129dd48-90e6-4365-9bf6-63f6bf7fe3b5,Wojsk Lotniczych
b129dd48-90e6-4365-9bf6-63f6bf7fe3b5,Si
b1628e27-48b0-4816-84e9-bb93907541b2,Projekt Żyła 3D
b1628e27-48b0-4816-84e9-bb93907541b2,Journal of Integrative Neuroscience
b1ae1284-8b3b-4edd-80d1-d7572b511bef,Tiso
b1b76e37-8888-4cd3-87f0-a4bcce83b9ea,In
b1b76e37-8888-4cd3-87f0-a4bcce83b9ea,stytucie Matematycznym UW
b1b76e37-8888-4cd3-87f0-a4bcce83b9ea,P
b1d45f65-808c-43ac-bbac-3954d0bec8c7,Rady do Spaw Estetyki
b1d45f65-808c-43ac-bbac-3954d0bec8c7,biur
b1d45f65-808c-43ac-bbac-3954d0bec8c7,Wzornictwa
b1d45f65-808c-43ac-bbac-3954d0bec8c7,Bydgo
b1d45f65-808c-43ac-bbac-3954d0bec8c7,Budżetu Obywatelskiego
b25630f3-66eb-43ae-9aef-a09744e6e502,"Uniwersytet Dziecięcy"""
b3084bf9-6386-4793-94b3-f077a55080bd,The Wall Street Journal
b3084bf9-6386-4793-94b3-f077a55080bd,KGHM Polska Miedź S.A
b3185566-36dc-474a-b647-b8739608d286,doradca
b333e3d7-2974-4b65-9696-1fd087c5b3d2,Ruch Filozoficzny
b333e3d7-2974-4b65-9696-1fd087c5b3d2,TVP Kultura (2021)
b35b45e1-09b6-47cc-a748-21e1f3c36e1a,Warszawski
b35b45e1-09b6-47cc-a748-21e1f3c36e1a,m Uniwersytetem Medycznym
b35b45e1-09b6-47cc-a748-21e1f3c36e1a,Evertop Spółka z o. o.
b35b45e1-09b6-47cc-a748-21e1f3c36e1a,Radpoint sp. z o.o
b367e555-d571-45bd-82f9-cb04080a0582,Wydziału Geografii i Studiów Regionalnych
b367e555-d571-45bd-82f9-cb04080a0582,Polsko-Norweskiej Współpracy Badawczej
b3833329-8848-4aa3-859c-beb467cefc52,B
b3833329-8848-4aa3-859c-beb467cefc52,Ojc
b3833329-8848-4aa3-859c-beb467cefc52,Pieni
b3833329-8848-4aa3-859c-beb467cefc52,Park
b3833329-8848-4aa3-859c-beb467cefc52,D
b396bf81-d268-451f-b7d6-17b69bc8c8bb,Powiat Przysuski
b396bf81-d268-451f-b7d6-17b69bc8c8bb,Powiatem Przysuskim
b3b33c56-5338-4e24-a6df-b56a17ec40f2,Wydziału Teologii UWM
b3b33c56-5338-4e24-a6df-b56a17ec40f2,Warmińską Szkołę Biblijną w
b3cdfa84-7ec0-440b-aaf4-a3d803c4493e,KUKIZ 15
b3fe098e-bbae-409e-b71c-9f9f23b5ca4f,illesian
b41bf24d-3c1d-4ac2-bce2-e915d13d3c1e,O
b41bf24d-3c1d-4ac2-bce2-e915d13d3c1e,C
b44a1f61-4be0-4fe8-a43e-900151ffa8d8,Narod
b44a1f61-4be0-4fe8-a43e-900151ffa8d8,owe Centrum Badań i Rozwoju
b44a1f61-4be0-4fe8-a43e-900151ffa8d8,Wydziału Edukacji Muzycznej
b44a1f61-4be0-4fe8-a43e-900151ffa8d8,Kujawsko-Pomorskim Specjalnym Ośrodku Szkolno-Wychowawczym nr 1
b47775ac-fcb4-4241-a0fb-eeedee0c821b,"Urzędzie Rejestracji Produktów Leczniczych, Wyrobów Medycznych i Produktów Bio"
b47775ac-fcb4-4241-a0fb-eeedee0c821b,Ministra Rolnictwa i Rozwoju Wsi
b47ca217-f063-4cd5-9541-9681675e291e,European Parliament
b47ca217-f063-4cd5-9541-9681675e291e,Level
b4f698fc-c1d1-4b66-96dc-3d177f3c7a6f,+
b4fdfab6-5d16-4f47-8a10-7016ea886976,DW1
b4fdfab6-5d16-4f47-8a10-7016ea886976,DW
b4fdfab6-5d16-4f47-8a10-7016ea886976,Ze
b4fdfab6-5d16-4f47-8a10-7016ea886976,spo
b4fdfab6-5d16-4f47-8a10-7016ea886976,łu Ekspertów Międzynarodowych KGHM
b4fdfab6-5d16-4f47-8a10-7016ea886976,kopalni węgla
b4fdfab6-5d16-4f47-8a10-7016ea886976,D
b4fdfab6-5d16-4f47-8a10-7016ea886976,W
b4fdfab6-5d16-4f47-8a10-7016ea886976,Ministerstwa RP
b4fdfab6-5d16-4f47-8a10-7016ea886976,Środowiska i Edukacji i Nauki
b4fdfab6-5d16-4f47-8a10-7016ea886976,DW3
b4fdfab6-5d16-4f47-8a10-7016ea886976,Research
b5099b6b-4812-4255-9db8-ed0bf6e6a3fc,Muzeum Fotografii
b59439b3-290b-4f95-8b63-d635bb125e17,"openTrans Technology Co., Ltd"
b59439b3-290b-4f95-8b63-d635bb125e17,Filharmonii im. Karola Szymanowskiego
b59439b3-290b-4f95-8b63-d635bb125e17,DOW
b5d89afa-bb75-4372-a863-cfad034857a4,Kalejdoskop Kulturalny
b5d89afa-bb75-4372-a863-cfad034857a4,Ministra Kultury i Dziedzictwa Narodowego
b5d89afa-bb75-4372-a863-cfad034857a4,Wojewody Łódzkiego
b5e3f465-75e2-49d8-b5bc-0f84e5c8c05c,eju Filmowego
b5e3f465-75e2-49d8-b5bc-0f84e5c8c05c,Szkoły Doktorskiej Szkoły Filmowej
b5e976c0-c1be-4e64-8e0d-11db5d4c0343,C
b5e976c0-c1be-4e64-8e0d-11db5d4c0343,Zrówn. Rozwoju
b5e976c0-c1be-4e64-8e0d-11db5d4c0343,WAiW
b5e976c0-c1be-4e64-8e0d-11db5d4c0343,Politechniki Poznańskiej
b5e976c0-c1be-4e64-8e0d-11db5d4c0343,Banku Gospodarstwa Krajowego
b5f525d6-d541-4b07-95f5-a03ea6480885,Verbum Vitae
b63e51a7-5d6a-4d9e-a139-80440dd860a4,PT. SKN
b63e51a7-5d6a-4d9e-a139-80440dd860a4,PT. MAK
b63e51a7-5d6a-4d9e-a139-80440dd860a4,SK
b659d69c-0b0f-4181-87f1-b65f43d03ac0,at
b659d69c-0b0f-4181-87f1-b65f43d03ac0,Nieetatowego Zespołu
b68368d8-e848-4b5f-8fbd-af286bf6cc0a,Ale Nauczanie
b68368d8-e848-4b5f-8fbd-af286bf6cc0a,Akces Edukacja
b68368d8-e848-4b5f-8fbd-af286bf6cc0a,Funda
b6b00622-f8ec-4e02-a9ce-65427ce84186,Wydziału Nauk o Żywności i Rybactwa
b6b00622-f8ec-4e02-a9ce-65427ce84186,Instituto Português do Mar e da Atmosfera
b6b39942-421a-4faa-b4ef-f6eb1ec6f37d,War
b6b39942-421a-4faa-b4ef-f6eb1ec6f37d,szaw
b6b39942-421a-4faa-b4ef-f6eb1ec6f37d,ski Uniwersytet Medyczny
b6f7249f-fcd5-432f-b97d-7e2d535f4689,Biuro Karier
b7449967-508c-4c06-85cf-079e83ad4177,u Geografii Pomorskiej Akademii Pedagogicznej
b7449967-508c-4c06-85cf-079e83ad4177,Katedry Nauk o Ziemi i
b7449967-508c-4c06-85cf-079e83ad4177,Środowisku
b7449967-508c-4c06-85cf-079e83ad4177,Instytutu Biologii i Nauk o Ziemi
b7449967-508c-4c06-85cf-079e83ad4177,Akademii Pomorskiej
b7835648-5f0f-4667-a702-005219f208ae,European
b7835648-5f0f-4667-a702-005219f208ae,Forecast Hub
b7835648-5f0f-4667-a702-005219f208ae,UE/
b783ef4b-0a88-4640-ad3a-50c9d3de7dd8,En
b7dd0ebf-a89c-4a1b-8b96-5f3ae50638f0,Zielonogórskie Towarzystwo Edukacyjne „Civilitas
b81affbb-e368-48b1-9b54-e5d07213ecfc,W
b81affbb-e368-48b1-9b54-e5d07213ecfc,spólnym Sekretariatem Technicznym
b878b50d-c27f-4833-9dd6-3d51512c58b2,Europejskiej Komisji Neurointerwencji
b878b50d-c27f-4833-9dd6-3d51512c58b2,ebni
b878b50d-c27f-4833-9dd6-3d51512c58b2,eu
b87fe4e5-445c-4ddb-aec8-f4fe4aa1ecdd,Urzęd
b87fe4e5-445c-4ddb-aec8-f4fe4aa1ecdd,Miasta
b8aaf964-a77e-4f60-a0ee-ef2f6674f34b,ie
b8aaf964-a77e-4f60-a0ee-ef2f6674f34b,org
b8add221-de30-4b37-9c0b-08306d61a12e,Secowarwick S.A
b8dd321b-34e1-4426-8668-1499171d8c56,Katedrze i
b8dd321b-34e1-4426-8668-1499171d8c56,Klinice Ortopedii i Traumatologii Narządu Ruchu
b8f00ce2-79cf-436e-944e-b61324059048,F
b8f00ce2-79cf-436e-944e-b61324059048,re
b8f00ce2-79cf-436e-944e-b61324059048,ie Universitat
b8f00ce2-79cf-436e-944e-b61324059048,IH UWr.
b8f8f584-31cc-4082-a36c-672df7e49c6a,Szefa Służby Cywilnej
b8f8f584-31cc-4082-a36c-672df7e49c6a,Wojewódzki Inspektorat Weterynarii
b8f8f584-31cc-4082-a36c-672df7e49c6a,Wojewódzkim Inspektoracie Weterynarii
b8f8f584-31cc-4082-a36c-672df7e49c6a,Wojewódzkim Inspektoracie Ochrony Roślin i Nasiennictwa
b96e0e71-c45e-49ac-8aca-88ff77dcbd1f,K
b96e0e71-c45e-49ac-8aca-88ff77dcbd1f,ościołem katoli
b96e0e71-c45e-49ac-8aca-88ff77dcbd1f,Polski
b96e0e71-c45e-49ac-8aca-88ff77dcbd1f,e Forum Chrześcijańskie
b96e0e71-c45e-49ac-8aca-88ff77dcbd1f,Episkopatu Polski
b96e0e71-c45e-49ac-8aca-88ff77dcbd1f,Komitetu Stałego
b9a7ce03-5de0-4159-a117-82044fb24806,"Wylęgarni Ryb ""Dą"
b9dac1b7-64ee-4bdf-9144-ef65198ffc26,Grower’s Manual
b9f287e8-c693-47ca-99d5-3f3a9eeecffb,u Inżynierii Materiałowej UKW
b9f7e87e-d65a-488c-bb67-351396e28288,u Nauk o Informacji UP
b9f7e87e-d65a-488c-bb67-351396e28288,Polskie Towarzystwo Biblioterapeutyczne
b9f7e87e-d65a-488c-bb67-351396e28288,Ośrodkach Doskonalenia Nauczycieli
b9f7e87e-d65a-488c-bb67-351396e28288,Uniwersytetu Pedagogicznego w
b9f7e87e-d65a-488c-bb67-351396e28288,Małopolską Szkołą Gościnności im.
ba11be5f-2877-4d72-9316-8763aa3dc4d9,Firma SKOV
ba773650-cf30-4a61-95a9-3b026221772a,Expert Group
ba79e2cb-c667-4e55-9ef7-6dba13f25466,Uniwersytecie Humanistycznospołecznym
ba8d066c-5f4f-45d0-ae93-9231c81c9317,Z
ba8d066c-5f4f-45d0-ae93-9231c81c9317,biory Fonograficzne Instytutu Sztuki PAN
ba8d066c-5f4f-45d0-ae93-9231c81c9317,Państwowego Muzeum Dziedzictwa Pruskiego
ba8d066c-5f4f-45d0-ae93-9231c81c9317,Das verschollene Archiv
ba8d066c-5f4f-45d0-ae93-9231c81c9317,ISPAN
ba8d066c-5f4f-45d0-ae93-9231c81c9317,Zbiory Fonograficzne IS PAN
bab150b8-8f90-4294-b8df-224ee0ba1c3c,O
bab150b8-8f90-4294-b8df-224ee0ba1c3c,Koordynacyjno-Informa
bab150b8-8f90-4294-b8df-224ee0ba1c3c,Kraj
bab150b8-8f90-4294-b8df-224ee0ba1c3c,Rada Gospodarki Wodnej
bab3aff4-1dde-4173-954d-7ba3d93a1e0c,POWER
bab3aff4-1dde-4173-954d-7ba3d93a1e0c,Fundusz
bab3aff4-1dde-4173-954d-7ba3d93a1e0c,Europejskich
babd5165-61cc-48ad-82f6-ccb9f65a15ec,S
babd5165-61cc-48ad-82f6-ccb9f65a15ec,pec
babd5165-61cc-48ad-82f6-ccb9f65a15ec,jalny Ośrodek Szkolno- -Wychowawczy
babd5165-61cc-48ad-82f6-ccb9f65a15ec,Powiatowe/G
babd5165-61cc-48ad-82f6-ccb9f65a15ec,ne Centra Pomocy Rodzinie
babd5165-61cc-48ad-82f6-ccb9f65a15ec,Urzędu Miejskiego w
babd5165-61cc-48ad-82f6-ccb9f65a15ec,służb
babd5165-61cc-48ad-82f6-ccb9f65a15ec,zdrowia
babd5165-61cc-48ad-82f6-ccb9f65a15ec,społeczne
babd5165-61cc-48ad-82f6-ccb9f65a15ec,rodzinne
bad658af-9d34-44ff-b51f-76299b8e3fa4,Chemii
baf14cf3-6496-4d08-8da6-b8401145133b,navoica.
baf447cc-2898-4852-ae26-afc79391b781,em Teologicznym im. J. Bilczewskiego
baf447cc-2898-4852-ae26-afc79391b781,Instytutu Teologicznego
bb81c20d-5f28-4978-9ef6-33d3bbb2bba5,MKi
bb84f8de-4ef5-4511-b56b-362af640abf0,T
bb84f8de-4ef5-4511-b56b-362af640abf0,rybunał Sprawiedliwości UE
bb84f8de-4ef5-4511-b56b-362af640abf0,Uni
bb84f8de-4ef5-4511-b56b-362af640abf0,a Europejska
bb8bf235-bc1c-4fec-be5c-8463490793d1,Think-Tank CEPS
bb8bf235-bc1c-4fec-be5c-8463490793d1,Uniwersytecie Państwowym
bb93f969-27d0-4fb2-9626-9490b16b70f5,Technicky Univeristat
bb93f969-27d0-4fb2-9626-9490b16b70f5,Liberci
bc6255d8-c17b-4bcf-8cd2-94b8fae5c807,"Europejskie Towarzystwo Gastroenterologii, Hepatologii i Żywienia Dzieci"
bc6255d8-c17b-4bcf-8cd2-94b8fae5c807,J Pediatr
bc9a25a7-cc68-4e19-98f1-3eec6d12930a,Bielsko-Bialskiego Ośrodka Doskonalenia Nauczycieli
bcc8c5c3-d01e-463d-a9e7-e7b2ced82052,Z
bcc8c5c3-d01e-463d-a9e7-e7b2ced82052,en
bcc8c5c3-d01e-463d-a9e7-e7b2ced82052,trum für Kunst und Medien Karlsruhe
bcc8c5c3-d01e-463d-a9e7-e7b2ced82052,Calvert 22
bccc7e41-00b5-4ece-aaa6-ae80e41d2423,Wydziału Technologii i Inżynierii Chemicznej Politechniki Bydgoskiej
bccc7e41-00b5-4ece-aaa6-ae80e41d2423,TVP/oddział Bydgoszcz
bccc7e41-00b5-4ece-aaa6-ae80e41d2423,Radio Pomorza i Kujaw
bd55c12e-a71e-403b-a4e7-f6ed7ddecfa2,Europejskiego Instytut
bd5daf94-5f35-429b-800b-f555c8a6c1e7,Zespołowi Projektowemu
bd636e0d-536c-4e79-a9c4-0b39d4666551,Główne
bd636e0d-536c-4e79-a9c4-0b39d4666551,go Urzędu Miar
bd636e0d-536c-4e79-a9c4-0b39d4666551,Obserwatorium Astrogeodynamiczne
bd636e0d-536c-4e79-a9c4-0b39d4666551,Central
bd636e0d-536c-4e79-a9c4-0b39d4666551,ny Wojskowy Ośrodek Metrologii
bd636e0d-536c-4e79-a9c4-0b39d4666551,-PI
bd7c6cc4-7c64-4f1c-94e7-a1a051d86a98,PGNiG Oddział
bd7c6cc4-7c64-4f1c-94e7-a1a051d86a98,„IFM PAN-Politechnika Wrocławska-PGNiG SA
bd7c6cc4-7c64-4f1c-94e7-a1a051d86a98,NCBi
bd7c6cc4-7c64-4f1c-94e7-a1a051d86a98,IN
bda4f446-7c9c-40ae-8362-a95daeedadd7,OS Borowiec
bdada291-0879-45b3-945a-3e791e5314f5,Ministra Edukacji Narodowej
bdb82f01-2abf-46c1-9d08-4d172ea9d22b,B9
bdc0fc8f-9a1f-46d9-ac35-49f33c4ad3c7,Specjaln
bdc0fc8f-9a1f-46d9-ac35-49f33c4ad3c7,ych Urządzeń Badawczych
bdc0fc8f-9a1f-46d9-ac35-49f33c4ad3c7,Teatru Collegium Nobilium
bdc0fc8f-9a1f-46d9-ac35-49f33c4ad3c7,TC
bdc0fc8f-9a1f-46d9-ac35-49f33c4ad3c7,N
bdc0fc8f-9a1f-46d9-ac35-49f33c4ad3c7,Teatr
bdc0fc8f-9a1f-46d9-ac35-49f33c4ad3c7,u im. J. Wilkowskiego
bddd326b-e039-4fe6-9c6b-6821022cf82b,Ministerstwie Finansów Esto
bde4a397-5dc3-4d85-9987-8d3405857d89,Kancelar
bde4a397-5dc3-4d85-9987-8d3405857d89,Strategii
bde4a397-5dc3-4d85-9987-8d3405857d89,Radzie Bez
be036b10-6681-417b-a1e1-c98086bb6d7a,YouTube
be036b10-6681-417b-a1e1-c98086bb6d7a,tv
be036b10-6681-417b-a1e1-c98086bb6d7a,trwam
be036b10-6681-417b-a1e1-c98086bb6d7a,Nielsen
be06e6c3-b501-4cd1-a8b3-f114e55a0e34,cukrowni Glinojeck
be06e6c3-b501-4cd1-a8b3-f114e55a0e34,Pfeifer & Langen Polska S.A
be374347-0b08-43aa-b3b8-81ad5e2192c0,Ecohydrology&Hydrobiology
be374347-0b08-43aa-b3b8-81ad5e2192c0,Dyrektoriat Ekohydrologii
be374347-0b08-43aa-b3b8-81ad5e2192c0,EH
be3ffaa1-f3bd-4f38-8785-98448b7391fe,Świętokrzyskie Centrum Onkologii
be3ffaa1-f3bd-4f38-8785-98448b7391fe,Central
be3ffaa1-f3bd-4f38-8785-98448b7391fe,Ośrodku
be3ffaa1-f3bd-4f38-8785-98448b7391fe,Centrum Onkologii
be3ffaa1-f3bd-4f38-8785-98448b7391fe,Instytucie im. M. Skłodowskiej-Curie
be3ffaa1-f3bd-4f38-8785-98448b7391fe,Newsweek Psychologia
be5f0839-7ae1-4ce6-a8ff-8f140e7cf0e3,BLDC-SOLAR
be5f0839-7ae1-4ce6-a8ff-8f140e7cf0e3,Ministra Rozwoju Pracy
be5f0839-7ae1-4ce6-a8ff-8f140e7cf0e3,Technologii
be5f0839-7ae1-4ce6-a8ff-8f140e7cf0e3,Acc
be72640b-f6fe-4018-a18d-b6ecec7c10db,ICiT
be881bf3-7907-4c86-b593-41b3b0a51a97,Departamencie Efektywności Wydatków Publicznych i Rachunkowości
be881bf3-7907-4c86-b593-41b3b0a51a97,Ministerstwa Finansów RP
be881bf3-7907-4c86-b593-41b3b0a51a97,resortu finansów RP
becf0bfb-3580-459e-af84-b6854ab21b5e,Science
becf0bfb-3580-459e-af84-b6854ab21b5e,New York Times
becf0bfb-3580-459e-af84-b6854ab21b5e,Washington Post
becf0bfb-3580-459e-af84-b6854ab21b5e,Guardian
becf0bfb-3580-459e-af84-b6854ab21b5e,Ogród
becf0bfb-3580-459e-af84-b6854ab21b5e,Uniwersytetu Wrocław
becf0bfb-3580-459e-af84-b6854ab21b5e,Muzeum Paleontologiczne
becf0bfb-3580-459e-af84-b6854ab21b5e,onto
beedd0b3-714f-48e7-9555-a7e34fbe6682,Tomaszowskie Forum Gospodarcze
beedd0b3-714f-48e7-9555-a7e34fbe6682,TermoSystemy Sp. z o.o.
beedd0b3-714f-48e7-9555-a7e34fbe6682,aleBAnk.pl
bf2e4eaf-6690-436e-9557-47b203887530,Kon
bf2e4eaf-6690-436e-9557-47b203887530,Nauki i Szkolnictwa Wyższego
bf2e4eaf-6690-436e-9557-47b203887530,Nauki
bf2e4eaf-6690-436e-9557-47b203887530,Szkolnictwa Wyż
bf2e4eaf-6690-436e-9557-47b203887530,uczelni
bf9c28db-9404-4f87-ad61-cee1db947caf,Podkomisja ds. układu odniesienia dla Europy
bf9c28db-9404-4f87-ad61-cee1db947caf,EF
c00dfec6-8b56-45dc-bd23-bd47cc60c75d,Uniwersytu w Gand
c00dfec6-8b56-45dc-bd23-bd47cc60c75d,Uniwersytetu Technicznego
c00dfec6-8b56-45dc-bd23-bd47cc60c75d,Uniwersytetu w
c04ca8ad-8c69-4be6-8f37-2ea6cd213626,W3C
c0546686-8b87-49d1-84e9-0f01c798957f,Sanktuarium Św. Jacka
c0546686-8b87-49d1-84e9-0f01c798957f,Instytut Naukowo-Badawczy Ks. Sebastiana Kneippa
c0546686-8b87-49d1-84e9-0f01c798957f,Zespół Rehabilitacyjno-Wypoczynkowy „Sebastianeum Silesiacum
c0546686-8b87-49d1-84e9-0f01c798957f,Instytut Naukowy Św. Jana Pawła II „Propter Mundi Creationem
c089dadd-9c73-433d-a499-3e896bbbfd50,„Radio Gdańsk
c089dadd-9c73-433d-a499-3e896bbbfd50,„
c089dadd-9c73-433d-a499-3e896bbbfd50,Polskim Radio Koszalin
c089dadd-9c73-433d-a499-3e896bbbfd50,O
c089dadd-9c73-433d-a499-3e896bbbfd50,rodku Kultury
c089dadd-9c73-433d-a499-3e896bbbfd50,G
c089dadd-9c73-433d-a499-3e896bbbfd50,Ośrodku Kultury
c08baf68-6a65-4fd4-bb76-383f1ed85a54,społu
c0cc2698-1ace-4abd-b175-8338b7027533,In
c0cc2698-1ace-4abd-b175-8338b7027533,Instytutem Wspomagania Rozwoju Dziecka
c0fab046-364e-4c81-a3db-37e9d2c09a6b,W
c2172c24-3c4c-41c8-b61d-948ccc41d52b,Europejskiego Urzędu ds. Bezpieczeństwa
c217eb93-ae7a-4526-9e23-712819bdbbf5,D
c217eb93-ae7a-4526-9e23-712819bdbbf5,U
c2344209-ef1c-4a30-b015-9f625ebfa680,u Matematyki i Informatyki
c2344209-ef1c-4a30-b015-9f625ebfa680,In
c2344209-ef1c-4a30-b015-9f625ebfa680,stytucie Informatyku
c2882998-5ff6-45e5-956b-165c3d556023,Kancelarii Prezes
c2882998-5ff6-45e5-956b-165c3d556023,Ministr
c2882998-5ff6-45e5-956b-165c3d556023,Sie
c2882998-5ff6-45e5-956b-165c3d556023,Zachodniopomorskim Uniwersytetem Ludowym
c2882998-5ff6-45e5-956b-165c3d556023,Kaszubskim Uniwersytetem Ludowym
c2882998-5ff6-45e5-956b-165c3d556023,m Ekologiczno-Kulturalnym „Ziarno”
c2882998-5ff6-45e5-956b-165c3d556023,Ekologicznym Uniwersytetem Ludowym
c2882998-5ff6-45e5-956b-165c3d556023,EUL
c29340e5-054f-41d8-a4a8-3f7444571e6a,PGE Dystrybucja S.A. Oddział Białystok
c29340e5-054f-41d8-a4a8-3f7444571e6a,Kopalnia Wiedzy
c29340e5-054f-41d8-a4a8-3f7444571e6a,Łom
c29340e5-054f-41d8-a4a8-3f7444571e6a,u
c29340e5-054f-41d8-a4a8-3f7444571e6a,pl
c2f00818-b577-493f-85b9-b309ca5ea3fa,Wochenblatt
c2f00818-b577-493f-85b9-b309ca5ea3fa,“
c2f00818-b577-493f-85b9-b309ca5ea3fa,Ene due Rabe”
c2f00818-b577-493f-85b9-b309ca5ea3fa,Świetlica nie
c32022a2-9374-41f0-b31c-22d8dd206d69,Państwo
c32022a2-9374-41f0-b31c-22d8dd206d69,wej Inspekcji Sanitarnej
c334f609-179d-4a2b-9acc-016fd5166d65,Akademii Muzycznej im. Karola Lipińskiego
c334f609-179d-4a2b-9acc-016fd5166d65,U
c3412116-943b-4b15-a5cf-94fddcbe122a,Circulation
c3412116-943b-4b15-a5cf-94fddcbe122a,M
c3412116-943b-4b15-a5cf-94fddcbe122a,iguel Hernandez University
c3445c33-a846-4baf-8af1-68e35a2e8ed4,U4 Anti-Corruption research center
c3445c33-a846-4baf-8af1-68e35a2e8ed4,Quality and Quantity journal
c355339b-cd17-4d8c-bd9c-54fd2a3e0e72,Zarządem Woj. Lub
c355339b-cd17-4d8c-bd9c-54fd2a3e0e72,skiego
c355339b-cd17-4d8c-bd9c-54fd2a3e0e72,Dyr. Departamentu Innowacji i Przedsiębiorczości
c355339b-cd17-4d8c-bd9c-54fd2a3e0e72,Woj. Lubuskiego
c355339b-cd17-4d8c-bd9c-54fd2a3e0e72,Gaz. Wyborczej
c355339b-cd17-4d8c-bd9c-54fd2a3e0e72,Perceptus Sp. z o.o
c39d05b4-a69a-4cd3-a503-b406337b0258,Państwowa Galeria Sztuki
c39d05b4-a69a-4cd3-a503-b406337b0258,Międzynarodowe Centrum Kultury
c39d05b4-a69a-4cd3-a503-b406337b0258,Narodowa Galeria
c39d05b4-a69a-4cd3-a503-b406337b0258,Johan
c39d05b4-a69a-4cd3-a503-b406337b0258,nes Gutenberg-Universität
c3f35c05-3148-43aa-9c38-e3e0480a6919,Amictus
c3fa7ec6-bf18-45f1-8035-269900c10ad9,Zarząd Morskich Portów Szczecin i Świnoujście
c3fa7ec6-bf18-45f1-8035-269900c10ad9,Ś
c42f6676-33b1-4d09-837b-07e053a50243,Filharmonii Pomorskiej
c42f6676-33b1-4d09-837b-07e053a50243,Oper
c42f6676-33b1-4d09-837b-07e053a50243,Akademi
c42f6676-33b1-4d09-837b-07e053a50243,ę Muzyczną im. Feliksa Nowowiejskiego
c440207a-91ab-4f61-8f3b-124c622ceb52,Nature
c45a9231-b694-44fe-8491-df9c91341cae,Ministra Infrastruktury
c47db113-7356-4730-9ab6-06c496d59c7e,stat.
c48547b3-f86f-44ee-bc26-0f0a0a7bfefa,QSAR Lab sp. z o.o
c48547b3-f86f-44ee-bc26-0f0a0a7bfefa,qsarlab.com
c48547b3-f86f-44ee-bc26-0f0a0a7bfefa,THETA Consulting Sp. z o.o
c4c9634c-2c6b-46a8-92b0-0ab2a00dbb9a,Now
c4c9634c-2c6b-46a8-92b0-0ab2a00dbb9a,Era
c4e98d4c-bcc8-43c7-abda-cb42abc9839e,Akademi
c4e98d4c-bcc8-43c7-abda-cb42abc9839e,ckim Inkubatorze Przedsiębiorczości i Wybranych Nowych Technologii PB
c4e98d4c-bcc8-43c7-abda-cb42abc9839e,Photo
c4e98d4c-bcc8-43c7-abda-cb42abc9839e,i
c509dfe6-aae6-47e4-a0ad-6a3cb47cd00e,org
c50ba0f8-acad-4a64-9c18-f8ea51156c69,Obszaru Archeologicznego
c50ba0f8-acad-4a64-9c18-f8ea51156c69,Sektor Zabytków E
c50ba0f8-acad-4a64-9c18-f8ea51156c69,skich
c5274879-0396-48f6-9ee4-d80392500019,Muzeum Sztuki w
c53b6e8f-f79d-4682-b1cf-7df9b0ea720d,Uniwersytecie Mikołaja Kopernika
c53b6e8f-f79d-4682-b1cf-7df9b0ea720d,In
c53b6e8f-f79d-4682-b1cf-7df9b0ea720d,sty
c53b6e8f-f79d-4682-b1cf-7df9b0ea720d,tut Językoznawstwa
c53b6e8f-f79d-4682-b1cf-7df9b0ea720d,W
c53b6e8f-f79d-4682-b1cf-7df9b0ea720d,KL
c544d56a-9891-463c-80e5-4d19f6d0d557,Tech
c544d56a-9891-463c-80e5-4d19f6d0d557,nical University of Harbour-Hamburg
c544d56a-9891-463c-80e5-4d19f6d0d557,Development and Assessment Institute in Waste Water Technology
c556b635-82db-4ab8-bfe0-14c66fe47501,Wydziale Humanistycznym UWM
c556b635-82db-4ab8-bfe0-14c66fe47501,Muzeum Warmii i Mazur
c56e26a5-4215-4ddb-8b68-3ae6ac1bff3f,u Nauk Medycznych Uniwersytetu Opolskiego
c5b3e788-9187-4fb8-8b06-94fa9fed118e,Kraj
c5b3e788-9187-4fb8-8b06-94fa9fed118e,ową Spółką Cukrową S.A.
c5b495a4-7caf-4c76-8c38-e62d15ecf4c0,A „
c5b495a4-7caf-4c76-8c38-e62d15ecf4c0,11
c5b495a4-7caf-4c76-8c38-e62d15ecf4c0,Galeria
c629afe9-2e82-425b-b4f1-9a99178406f3,Ministra Zdrowia
c629afe9-2e82-425b-b4f1-9a99178406f3,gov
c6517d48-2a6a-4daa-81bc-ec3a1a767fa7,Uniwersytet Islandzki
c6539c5b-6e24-47e5-9118-69d998ba8b9c,Krajowy Komitet Organizacyjny Międzynarodowego Konkursu Mate
c6539c5b-6e24-47e5-9118-69d998ba8b9c,tyka Bez Granic
c689d2f5-bd2c-4f0a-9f5e-0667e459eee9,Europejską Siecią Badań nad Nowotworami Wątroby
c689d2f5-bd2c-4f0a-9f5e-0667e459eee9,Dzieci
c689d2f5-bd2c-4f0a-9f5e-0667e459eee9,C
c689d2f5-bd2c-4f0a-9f5e-0667e459eee9,hildren’s Liver Tumour European Research Network
c689d2f5-bd2c-4f0a-9f5e-0667e459eee9,ITT
c689d2f5-bd2c-4f0a-9f5e-0667e459eee9,BL
c689d2f5-bd2c-4f0a-9f5e-0667e459eee9,H
c6a63d0f-2664-4727-8e72-a5074f537f25,Ministr
c6a63d0f-2664-4727-8e72-a5074f537f25,J
c6ae2079-5d84-46d3-b024-2997933283f4,inspekcji sanitarnej
c6b1dc68-e909-4951-a200-09fdb9d685a1,Stypendium im. Leopolda Unge
c6babc0a-49cb-4d6f-b9ef-232b2db0446e,Hopi
c6babc0a-49cb-4d6f-b9ef-232b2db0446e,Zuni
c6babc0a-49cb-4d6f-b9ef-232b2db0446e,Je
c6babc0a-49cb-4d6f-b9ef-232b2db0446e,mez Pueblo
c6babc0a-49cb-4d6f-b9ef-232b2db0446e,Pueblo
c6babc0a-49cb-4d6f-b9ef-232b2db0446e,Ute
c6bc10f6-38fa-47cf-91e8-41c3318cd2c0,TVP 1
c6ee0b86-99e1-4243-aa41-5e1eccecd2d1,Regional
c6ee0b86-99e1-4243-aa41-5e1eccecd2d1,nego Związku Hodowców Owiec i Kóz
c723ea0b-6709-4f9c-9ec7-17e6868bc9f7,W
c73e0aa2-a623-45e9-b490-82b7c2ee88dc,SPOZ 1
c73e0aa2-a623-45e9-b490-82b7c2ee88dc,Domu Opieki
c73e0aa2-a623-45e9-b490-82b7c2ee88dc,Szpitalu MSWiA
c73e0aa2-a623-45e9-b490-82b7c2ee88dc,Centrum Onkologii Ziemi Lu
c73e0aa2-a623-45e9-b490-82b7c2ee88dc,Szpitalu Tworkowski
c77e4486-dc83-4af7-a188-e75b0e77c884,Rzecznik Praw Obywatelskich
c77e4486-dc83-4af7-a188-e75b0e77c884,Rzecznika Praw Obywatel
c7d37fa5-f48f-4e74-a786-1bf519c659f2,ier
c7d37fa5-f48f-4e74-a786-1bf519c659f2,cyjski
c7d37fa5-f48f-4e74-a786-1bf519c659f2,Гуцульський календар
c7d37fa5-f48f-4e74-a786-1bf519c659f2,Piotrków Tryb.
c7d37fa5-f48f-4e74-a786-1bf519c659f2,Łó
c7ec96c3-5900-4721-a66b-14a0efba2b7b,wroc
c83cb3e9-5d9b-4d30-9cff-46ee1268b743,WoS
c83cb3e9-5d9b-4d30-9cff-46ee1268b743,In
c83cb3e9-5d9b-4d30-9cff-46ee1268b743,tu
c8560c5f-e8b6-47d7-9268-e9abc8fa7c9d,H
c8560c5f-e8b6-47d7-9268-e9abc8fa7c9d,sema4
c85d561c-c7ef-4148-956b-375868c088cb,Jury
c8ade9fe-c256-4e24-9b4a-e7061145be0b,Collegium Medicum
c9006f0f-b961-4018-85c9-acdae41725a5,Uniwersytetu Zachodnioczeskiego
c9006f0f-b961-4018-85c9-acdae41725a5,Jurze Krakow
c90e547e-3ccb-41fe-80bd-6f83134dcb78,SEA
c922b4ec-b00b-4736-a57b-fdecf78479ce,Ośrodku Promocji Kultury „Gaude Mater
c922b4ec-b00b-4736-a57b-fdecf78479ce,Historia
c93b61fc-0d5e-4e90-9360-0678267ec0b0,Archiwum Archidiecezjalnego
c93b61fc-0d5e-4e90-9360-0678267ec0b0,Biblioteki Wyższego Seminarium Duchownego Metropolii Warmińskiej „
c93b61fc-0d5e-4e90-9360-0678267ec0b0,Hosianum”
c93b61fc-0d5e-4e90-9360-0678267ec0b0,Bibliotek
c93b61fc-0d5e-4e90-9360-0678267ec0b0,i Diecezjalnej
c94d0094-314c-4791-8c86-76f6fa11fe3f,Ze
c94d0094-314c-4791-8c86-76f6fa11fe3f,ZCh ”Silikony Polskie”
c94fa3b3-ee04-43b3-a459-3f622a40cff3,Biuro Prasowe Jasnej
c94fa3b3-ee04-43b3-a459-3f622a40cff3,y
c94fa3b3-ee04-43b3-a459-3f622a40cff3,gora
c981ec75-e5bc-4e50-9e59-3ce5b963ecc8,LPP
c981ec75-e5bc-4e50-9e59-3ce5b963ecc8,Budimex
c981ec75-e5bc-4e50-9e59-3ce5b963ecc8,Vodeno
c981ec75-e5bc-4e50-9e59-3ce5b963ecc8,T-Mobile
c981ec75-e5bc-4e50-9e59-3ce5b963ecc8,Ra
c981ec75-e5bc-4e50-9e59-3ce5b963ecc8,iffeisen
c981ec75-e5bc-4e50-9e59-3ce5b963ecc8,cze
c981ec75-e5bc-4e50-9e59-3ce5b963ecc8,Klienta
c981ec75-e5bc-4e50-9e59-3ce5b963ecc8,Accenture
c981ec75-e5bc-4e50-9e59-3ce5b963ecc8,Arvato
c981ec75-e5bc-4e50-9e59-3ce5b963ecc8,Capgemini
c981ec75-e5bc-4e50-9e59-3ce5b963ecc8,Carlsberg
c981ec75-e5bc-4e50-9e59-3ce5b963ecc8,Goldman Sachs
c981ec75-e5bc-4e50-9e59-3ce5b963ecc8,He
c981ec75-e5bc-4e50-9e59-3ce5b963ecc8,w
c981ec75-e5bc-4e50-9e59-3ce5b963ecc8,lett Packard Enterprise
c981ec75-e5bc-4e50-9e59-3ce5b963ecc8,Infosys
c981ec75-e5bc-4e50-9e59-3ce5b963ecc8,JLL
c981ec75-e5bc-4e50-9e59-3ce5b963ecc8,Kimberly Clark
c981ec75-e5bc-4e50-9e59-3ce5b963ecc8,Luxoft
c981ec75-e5bc-4e50-9e59-3ce5b963ecc8,MAN
c981ec75-e5bc-4e50-9e59-3ce5b963ecc8,Procter&Gamble
c981ec75-e5bc-4e50-9e59-3ce5b963ecc8,PwC
c981ec75-e5bc-4e50-9e59-3ce5b963ecc8,Shell
c981ec75-e5bc-4e50-9e59-3ce5b963ecc8,UBS
c9a289fa-546d-41fb-b53d-cc66aa866839,os
c9a289fa-546d-41fb-b53d-cc66aa866839,+
c9ad6653-ed80-453b-853d-3e1420e4631c,Województwa Małopolskiego
c9ad6653-ed80-453b-853d-3e1420e4631c,Katedr
ca1221a8-30c1-4c4a-85e8-ca96bccd09b7,Diagnostyki Wirusów
ca1221a8-30c1-4c4a-85e8-ca96bccd09b7,Centralnym Szpitalu Klinicznym UMed
ca1221a8-30c1-4c4a-85e8-ca96bccd09b7,Laboratorium PDWO
ca55c81b-9170-486e-a9e2-ffee5b9a7cc0,Międzylaboratoryjnej Grupy ds. Porównań Krajowych Wzorców
ca55c81b-9170-486e-a9e2-ffee5b9a7cc0,u
ca55c81b-9170-486e-a9e2-ffee5b9a7cc0,G
ca55c81b-9170-486e-a9e2-ffee5b9a7cc0,łówny Urząd Miar
ca6aafd9-0516-483a-a606-bb887c36c0f5,MO
ca6aafd9-0516-483a-a606-bb887c36c0f5,Working Group on the Quality of Child
ca6aafd9-0516-483a-a606-bb887c36c0f5,Alliance for childhood
ca6aafd9-0516-483a-a606-bb887c36c0f5,Uniwersytetu Medycznego
caa970d2-afd6-43e4-806f-9073675f2d5e,Dział
caa970d2-afd6-43e4-806f-9073675f2d5e,Współpracy Międzynarodowej
caa970d2-afd6-43e4-806f-9073675f2d5e,laboratorium
cac05b43-5889-4676-bafe-a42f8ddc0e0d,Polskiej Stacji Antarktycznej im.
cac05b43-5889-4676-bafe-a42f8ddc0e0d,AT
cad11886-0da7-4b43-81a7-4671fc38f729,Towarzystwo Miłośników Dziedzictwa Kultury Polskiej „Zabytek
cae258a2-22db-458e-ade2-4ba88fdb12d6,Podzespołu ds. programowych
cae258a2-22db-458e-ade2-4ba88fdb12d6,WUF
cae258a2-22db-458e-ade2-4ba88fdb12d6,Dy
cae258a2-22db-458e-ade2-4ba88fdb12d6,"Departamentu Edukacji, Nauki i Współpracy z Młodzieżą"
cae258a2-22db-458e-ade2-4ba88fdb12d6,iego
cae258a2-22db-458e-ade2-4ba88fdb12d6,Metropolię
cae258a2-22db-458e-ade2-4ba88fdb12d6,EUROPE DIRECT
cb36f727-2f61-457c-8005-d6091eceade7,Związk
cb36f727-2f61-457c-8005-d6091eceade7,iem Banków Polskich
cb72740f-69d6-47d2-a6b5-f94a859f3621,Biura Strategii i Projektów ds
cb7ff639-f328-4ec3-9d71-dcf734f29150,Europe
cb7ff639-f328-4ec3-9d71-dcf734f29150,Drog
cb7ff639-f328-4ec3-9d71-dcf734f29150,Distant Reading
cb7ff639-f328-4ec3-9d71-dcf734f29150,Nexus Linguarum
cb819855-3da6-42f8-be2c-30a33e98ad8f,Lead-free Solder Materials
cb8ccaf2-128b-4863-a517-e32c23f48d5e,w
cc0f04f2-7a2f-4a14-b44a-6eb865b1b4d2,Przegląd Prawosławny
cc0f04f2-7a2f-4a14-b44a-6eb865b1b4d2,Kompozytor
cc2c671e-ca9e-4cdd-a152-0b2f46425a14,SIWZ
cc5c4611-22a9-4735-8eb8-461fdab27b69,Szkoły Głównej Gospodarstwa Wiejskiego
cc5c4611-22a9-4735-8eb8-461fdab27b69,Szkole Głównej Gospodarstwa Wiejskiego
cc5c4611-22a9-4735-8eb8-461fdab27b69,GOSPODARSTWA WIEJSKIEGO
cc5c4611-22a9-4735-8eb8-461fdab27b69,POWER
cc5c4611-22a9-4735-8eb8-461fdab27b69,Tom
cc6d007b-7091-4ca9-b3c0-9e233d41c3ca,D
cc6d007b-7091-4ca9-b3c0-9e233d41c3ca,Atri
ccbbda8a-ec5e-4031-9df1-0ab6cec2bdd7,. k
ccc49991-c799-4821-b414-80ef762938ba,"Beta-Bio Technology, Sp. z o.o."
ccc850a2-801c-485d-aa96-ee690c444e50,Imper
cceeecd9-8f86-4226-b726-af1a9f1e8a33,OzN wzroku
cceeecd9-8f86-4226-b726-af1a9f1e8a33,szko
cceeecd9-8f86-4226-b726-af1a9f1e8a33,"Integracyjne Stowarzyszenie Aktywności Fizycznej Niewidomych, Słabowidzących i Przewodników"
cceeecd9-8f86-4226-b726-af1a9f1e8a33,”
cceeecd9-8f86-4226-b726-af1a9f1e8a33,GUIDE”
cceeecd9-8f86-4226-b726-af1a9f1e8a33,Stowarzyszenie Janików nad Smortawą
cd567856-2afa-4b9e-bcad-43c72f122c10,Państwowym Uniwersytetem Rolniczym
cd6f279d-31fd-4756-8ef7-e8b8449dc962,Trauma z Hopital Beaujon
cd84a916-092a-40f4-8f24-935e05470811,Parlamentu Europejskiego i
cd84a916-092a-40f4-8f24-935e05470811,European Commission
cda11329-751d-4458-b3bf-1a7f7de71444,Urzędu Marszałkowskiego woj
cda11329-751d-4458-b3bf-1a7f7de71444,mazowie
cde496f2-0d72-42a9-9ca6-c6c30f9118f7,Kolegium Europy Wschodniej im.
cde496f2-0d72-42a9-9ca6-c6c30f9118f7,Instutut Polityki Energetycznej im.
cde496f2-0d72-42a9-9ca6-c6c30f9118f7,ukas
cde496f2-0d72-42a9-9ca6-c6c30f9118f7,Kobiet
cde496f2-0d72-42a9-9ca6-c6c30f9118f7,y w polityce międzynarodowej
cde496f2-0d72-42a9-9ca6-c6c30f9118f7,tv
cde496f2-0d72-42a9-9ca6-c6c30f9118f7,n24.pl
cdfd160f-f4ce-4229-91ae-326f1ec08e86,Pracowni Diagnostyki Mikrobiologicznej Zakładu Mikrobiologii i Immunologii Klinicznej
cdfd160f-f4ce-4229-91ae-326f1ec08e86,"""Pomnik-Centrum Zdrowia Dziecka"
cdfd160f-f4ce-4229-91ae-326f1ec08e86,European Committee on Antimicrobial Susceptibility Testing
ce58d5b6-9cd6-411c-87d2-48965dee1276,Zespole ds. Rozwoju Obszarów Wiejskich i Rolnictwa
ce60e461-652e-4f56-9d4d-d12744b61ecf,M
ce60e461-652e-4f56-9d4d-d12744b61ecf,ŚP
cec332bd-80cf-4f01-8a41-efd4920aeb8e,Nauk
cec6f83b-a716-4b31-908f-fd8526c0c3c5,Sekretariat Techniczny ds. OEFSR sektora miedzi
cec6f83b-a716-4b31-908f-fd8526c0c3c5,O
cec6f83b-a716-4b31-908f-fd8526c0c3c5,SR
cecff663-056c-4a71-88c6-73273b5ee3d2,WORLD METEOROLOGICAL ORGANIZATION
cecff663-056c-4a71-88c6-73273b5ee3d2,OST
ceda93d4-92f6-40ad-a12b-b5371b24d34d,Fundacji Friedricha Eberta
cf01f90d-87cb-48ba-8c44-be2434f36ead,Komitetu Nauk o Sztuce
cf17c410-4ede-4a05-89cd-e694681911b6,Wydziale Matematyki i Informatyki
cf17c410-4ede-4a05-89cd-e694681911b6,C
cf17c410-4ede-4a05-89cd-e694681911b6,Wydział Matematyki i Informatyki
cfe6d221-9ceb-4970-a428-08e84334b560,ZURAD sp.
cff99106-00da-4b2d-a4ed-1826cde195d8,Wy
cff99106-00da-4b2d-a4ed-1826cde195d8,ziale Farmaceutycznym
cff99106-00da-4b2d-a4ed-1826cde195d8,mypac.pl
d028a01f-29c8-4562-a940-1167e1b45af2,Wydziałem Monitoringu Środowiska WIOŚ
d028a01f-29c8-4562-a940-1167e1b45af2,uni
d028a01f-29c8-4562-a940-1167e1b45af2,roc
d047f2c5-a6ab-4b9b-bb7b-3e88e487bc4e,National Geografic
d0c12e46-8d48-4ffc-aa3a-d30796564be2,Sale
d0c12e46-8d48-4ffc-aa3a-d30796564be2,Uniwersytetu Rolniczego im. Hugona Kołłątaja
d0c315d7-5b3f-49e3-bf55-020e16cf4b64,Dział
d0c315d7-5b3f-49e3-bf55-020e16cf4b64,Spraw Studenckich
d0e24d91-b9af-40d8-8f9a-a064c8d0e149,„
d0e24d91-b9af-40d8-8f9a-a064c8d0e149,Polityka
d0e24d91-b9af-40d8-8f9a-a064c8d0e149,Polityki
d0e24d91-b9af-40d8-8f9a-a064c8d0e149,„Polityka
d0e24d91-b9af-40d8-8f9a-a064c8d0e149,„Polityki
d11457fb-32e9-4df4-8682-388513b67d2c,Danych Lokalnych
d13b331f-c356-41a4-8b6e-5746b13a365d,Dy
d13b331f-c356-41a4-8b6e-5746b13a365d,Generalnej ds. Poli
d13b331f-c356-41a4-8b6e-5746b13a365d,Regional
d13b331f-c356-41a4-8b6e-5746b13a365d,Komisji Europejskiej UE
d1535fd1-b40a-42b1-88ff-fa15ca0e6555,Generalnej i Regionalnych Dyrekcji Ochrony Środowiska
d1535fd1-b40a-42b1-88ff-fa15ca0e6555,Narodowego
d1a79267-d400-4506-9142-bbc9486a972c,Akademia Pomorska
d1a79267-d400-4506-9142-bbc9486a972c,ci
d1a79267-d400-4506-9142-bbc9486a972c,Akademii Pomorskiej w S
d1a79267-d400-4506-9142-bbc9486a972c,p
d1ca9a39-fd0d-4586-902a-7b0973bd30e8,IBPRS - PIB
d1ca9a39-fd0d-4586-902a-7b0973bd30e8,IBPRS -PIB
d222f394-3439-4aeb-b977-e54d953c4cc1,Niemieckiego Instytutu Historycznego
d222f394-3439-4aeb-b977-e54d953c4cc1,Muzeum Zachodniokaszubskie
d222f394-3439-4aeb-b977-e54d953c4cc1,Akademia Pomorska
d222f394-3439-4aeb-b977-e54d953c4cc1,Muzeum Piśmiennictwa i Muz
d2501523-58c0-4e2e-ba61-fe136719e39e,f
d2501523-58c0-4e2e-ba61-fe136719e39e,blekitny
d2501523-58c0-4e2e-ba61-fe136719e39e,patrol
d2e65cd7-616f-4840-9303-8ed6b3cd09ed,International Union for Conservation of Nature’
d2e65cd7-616f-4840-9303-8ed6b3cd09ed,IUCN
d2f3b85d-55c3-4727-9530-86c7c3d8d134,Lu
d2f3b85d-55c3-4727-9530-86c7c3d8d134,belski Park Technologiczny
d332daf8-5d71-4c6f-b8da-aca3881ad119,Muzyki Dawnej
d353482d-0538-43d5-9582-5ebf69277ea1,CheckMate
d353482d-0538-43d5-9582-5ebf69277ea1,Food and Drug Administration
d378da97-8cda-4ee5-92ac-6e23c5a7424e,Instytucie Filozofii Uniwersytetu Warmińsko-Mazurskiego
d378da97-8cda-4ee5-92ac-6e23c5a7424e,Instytut Filozofii UWM
d39a0a98-6300-4281-9796-e5d469412eeb,PIE-ED
d3a06354-3a77-471b-adfd-b8f71626a930,Global
d3a06354-3a77-471b-adfd-b8f71626a930,Planu Konserwacji
d3a06354-3a77-471b-adfd-b8f71626a930,KL
d3a584db-2725-4d48-bc46-02ec0fc7cf00,Academy
d3a584db-2725-4d48-bc46-02ec0fc7cf00,ISPAD-Juvenile Diabetes Research Foundation
d3a584db-2725-4d48-bc46-02ec0fc7cf00,HARMONIA
d3a584db-2725-4d48-bc46-02ec0fc7cf00,SONATA
d3a584db-2725-4d48-bc46-02ec0fc7cf00,MNi
d3a584db-2725-4d48-bc46-02ec0fc7cf00,N
d3a584db-2725-4d48-bc46-02ec0fc7cf00,EURO-WABB
d3ca89bb-dc17-4ad1-9174-e1e4f7d31783,Akademię Sztuk Pięknych
d3ca89bb-dc17-4ad1-9174-e1e4f7d31783,Instytutu Mody Południowej Flor
d3ed0276-5a65-4996-946e-e69d6dce9164,cover
d406e1d3-5750-4fa0-b875-d64def027475,Politechnice Rzeszowskiej im. I. Łukasi
d4249065-81ab-4c0e-8402-13cc4841dac0,Pianohooligan
d431fae3-c3ea-459e-8e18-d70b9b4936aa,„Europa przyszłości
d431fae3-c3ea-459e-8e18-d70b9b4936aa,D
d431fae3-c3ea-459e-8e18-d70b9b4936aa,ziennik. Gazeta Prawna
d431fae3-c3ea-459e-8e18-d70b9b4936aa,tvp
d431fae3-c3ea-459e-8e18-d70b9b4936aa,euroislam
d49c29e2-3124-4176-8ca2-27fd7042fca4,fz
d4cc740e-1556-4ceb-b98e-8b297d039bc8,European Alliance of Associations for Rheumatology
d4cc740e-1556-4ceb-b98e-8b297d039bc8,Ann Rheum
d4cc740e-1556-4ceb-b98e-8b297d039bc8,European Society of Musculoskeletal Radiology
d4cc740e-1556-4ceb-b98e-8b297d039bc8,Semin Musculoskelet Radiol.
d4cc740e-1556-4ceb-b98e-8b297d039bc8,European Federation of Societies for ULtrasound in Medicine and Biology
d4cc740e-1556-4ceb-b98e-8b297d039bc8,Ultraschall Med
d4dc3a03-46a3-4dc8-b62b-b8e22106fdd2,As
d4dc3a03-46a3-4dc8-b62b-b8e22106fdd2,soci
d4dc3a03-46a3-4dc8-b62b-b8e22106fdd2,"ação para a Formação, Investigação e Desenvolvimento Social dos Trabalhadores FIDESTRA"
d4dc3a03-46a3-4dc8-b62b-b8e22106fdd2,Confédération française des travailleurs chrétiens
d4dc3a03-46a3-4dc8-b62b-b8e22106fdd2,NSZZ
d4dc3a03-46a3-4dc8-b62b-b8e22106fdd2,„Solidarność
d5176772-b09e-483e-8b0a-817bd952262f,Parlamentu Europejskiego i Rady
d5176772-b09e-483e-8b0a-817bd952262f,(
d51aae8c-fb6e-49f1-b12b-c644f38854db,Wydawnictwa Uczelniane Uniwersytetu Technologiczno-Przyrodniczego
d51aae8c-fb6e-49f1-b12b-c644f38854db,Archives of Civil Engineering ACE
d51c08ba-c92e-439a-9a50-0e9a8a05785e,Centrum Kultury i Historii
d51c08ba-c92e-439a-9a50-0e9a8a05785e,Centralna Biblioteka Wojs
d524a977-79cc-4042-8b70-452ed5032c2e,Ministra Infrastruktury
d563d02f-878d-47ee-bcce-342517345da8,Gość Niedzielny
d563d02f-878d-47ee-bcce-342517345da8,REFA
d563d02f-878d-47ee-bcce-342517345da8,Wydział Turystyki i Rekreacji
d563d02f-878d-47ee-bcce-342517345da8,Ruch Ekologiczny św. Franciszka z Asy
d563d02f-878d-47ee-bcce-342517345da8,Towarzystw
d563d02f-878d-47ee-bcce-342517345da8,o Naukowe im. Franciszka Salezego
d58038fb-97ba-472b-9f45-9b3b3b075ba2,Institute for Jaques-Dalcroze Education
d58038fb-97ba-472b-9f45-9b3b3b075ba2,Teatr Rytmu Katalog
d58038fb-97ba-472b-9f45-9b3b3b075ba2,In
d58038fb-97ba-472b-9f45-9b3b3b075ba2,tu
d58038fb-97ba-472b-9f45-9b3b3b075ba2,W
d58038fb-97ba-472b-9f45-9b3b3b075ba2,ydział Artystyczny Uniwersytetu Śląskiego
d59d5a76-838e-4475-8378-8e27afe45977,Sz
d59d5a76-838e-4475-8378-8e27afe45977,pital Specjalistyczny
d59d5a76-838e-4475-8378-8e27afe45977,Wojewódzka Stacja Pogotowia Ratunkowego
d59d5a76-838e-4475-8378-8e27afe45977,Szpital MSWiA
d59d5a76-838e-4475-8378-8e27afe45977,Publiczny Specjalistyczny Zakład Opieki Zdrowotnej
d59d5a76-838e-4475-8378-8e27afe45977,Pogotowie Ratunkowe
d59d5a76-838e-4475-8378-8e27afe45977,Ku
d59d5a76-838e-4475-8378-8e27afe45977,jawsko - Pomorskie Centrum Pulmonologii
d59f8f34-afb8-41f3-ab3c-1e4cf7a24d77,Wojewódzki Szpital Specjalistyczny nr 5
d59f8f34-afb8-41f3-ab3c-1e4cf7a24d77,Sz
d59f8f34-afb8-41f3-ab3c-1e4cf7a24d77,pital Kolejowy
d59f8f34-afb8-41f3-ab3c-1e4cf7a24d77,Klinika Optegra
d59f8f34-afb8-41f3-ab3c-1e4cf7a24d77,Samodzielny Publiczny Szpital Kliniczny nr 1
d59f8f34-afb8-41f3-ab3c-1e4cf7a24d77,Śląski Uniwersytet Medyczny
d5af1d4b-65af-4774-a495-1d291afc04de,Śląsk
d5af1d4b-65af-4774-a495-1d291afc04de,i Związek Gmin i Powiatów
d5af1d4b-65af-4774-a495-1d291afc04de,Research and Innovation
d5af1d4b-65af-4774-a495-1d291afc04de,Directorate-General for mobility and transport
d5af1d4b-65af-4774-a495-1d291afc04de,Directorate B-Investment
d5af1d4b-65af-4774-a495-1d291afc04de,Innovative & Sustainable Transport
d5af1d4b-65af-4774-a495-1d291afc04de,.
d5af1d4b-65af-4774-a495-1d291afc04de,Innovation&Research
d5cb1dbe-ec26-486b-8c57-e32742c0c7a3,społu
d5cb1dbe-ec26-486b-8c57-e32742c0c7a3,IO
d5e19272-b5e2-4111-8128-da81cb4b1436,Innowac. Centrum Medycznym
d5e19272-b5e2-4111-8128-da81cb4b1436,PCDRegistry
d5e19272-b5e2-4111-8128-da81cb4b1436,ERN-LUNG
d5e19272-b5e2-4111-8128-da81cb4b1436,Polskiego
d5e19272-b5e2-4111-8128-da81cb4b1436,w. Dyskine
d5efdbd4-5b51-4a34-a590-403d91082603,Centrum Cyklotronowego Bronowice
d5efdbd4-5b51-4a34-a590-403d91082603,Oddziału Klinicznego Okulistyki i Onkologii Okulistycznej
d5efdbd4-5b51-4a34-a590-403d91082603,Narodowego Instytutu Onkologii
d6249170-fc80-4668-a9f0-134d36e6f8af,Nat. Geosci.
d67ccd7a-6c51-4e58-b691-632d725d9b10,Polityka
d6878b17-d781-469e-96eb-81c8ff2b3642,Unieszkodliwiania Odpadów
d6878b17-d781-469e-96eb-81c8ff2b3642,ZU
d697e0ab-660d-401c-8b9f-c910b5c8ca89,Wydział ekonomiczny
d697e0ab-660d-401c-8b9f-c910b5c8ca89,Akademii im. Jakuba z Paradyża
d697e0ab-660d-401c-8b9f-c910b5c8ca89,Zespołu Szkół Ekonomicznych
d697e0ab-660d-401c-8b9f-c910b5c8ca89,Narod
d697e0ab-660d-401c-8b9f-c910b5c8ca89,owego Banku Polskiego
d69a3a79-188f-4ecc-9941-067aa6126420,ASPI sp. z o.o
d6b3db07-daf5-4f6e-90ce-8af35787a40a,Uniwersytecie im. Adama Mickiewicza
d6b3db07-daf5-4f6e-90ce-8af35787a40a,Latech Bernard Latanowicz
d6b3db07-daf5-4f6e-90ce-8af35787a40a,Adamed sp. z o.o
d6b3db07-daf5-4f6e-90ce-8af35787a40a,Alba Thyment Sp. z o.o
d6b3db07-daf5-4f6e-90ce-8af35787a40a,Esthetic Solutions AT Andrzej Szymczak Tomasz Pawelczyk s.c.
d6b3db07-daf5-4f6e-90ce-8af35787a40a,Laboratorium Kosmetyczne AVA Larysa Dysput Goławska
d6b3db07-daf5-4f6e-90ce-8af35787a40a,Oceanic sp. akcyjna
d6b3db07-daf5-4f6e-90ce-8af35787a40a,Nowy Samochód S.A.
d72cb62d-8c07-4eea-ad66-aa6395f8c2d8,Makarony Polskie S.A
d72cb62d-8c07-4eea-ad66-aa6395f8c2d8,Lestello sp. z o.o.
d741215d-27fa-4cd3-8bcf-9b2091150af8,Breast Unit
d83ca7bf-e1da-41a2-9dc3-9ea54f60045e,Wyd. UŁ
d85452aa-f6a7-4b70-92c6-8560bd7e7ab9,Muzeum Harcerstwa ZHP
d85452aa-f6a7-4b70-92c6-8560bd7e7ab9,Chorągwi Męskiej/
d85452aa-f6a7-4b70-92c6-8560bd7e7ab9,cerzy
d85452aa-f6a7-4b70-92c6-8560bd7e7ab9,Chorągwi Har
d85452aa-f6a7-4b70-92c6-8560bd7e7ab9,Chorągwi
d85452aa-f6a7-4b70-92c6-8560bd7e7ab9,Krakow
d85452aa-f6a7-4b70-92c6-8560bd7e7ab9,Drużyna Harcerzy
d85452aa-f6a7-4b70-92c6-8560bd7e7ab9,wir
d88e65ff-1bdf-4a2e-92a9-a4b30248c23c,WoS-
d88e65ff-1bdf-4a2e-92a9-a4b30248c23c,C
d91111c0-05a8-49b3-a957-da6f5e2c1940,Europejskiej Grupy Regulatorów
d91111c0-05a8-49b3-a957-da6f5e2c1940,alnych usług medialnych
d91514a7-ae88-4962-8307-4a8491fa4e42,Stowarzyszenie Nauczycieli „Prowincja
d941211d-f1ca-4b4b-8d82-6f61ebb48950,Europejski trybunał obrachunkowy
d941211d-f1ca-4b4b-8d82-6f61ebb48950,Econwelfare
d941211d-f1ca-4b4b-8d82-6f61ebb48950,PARLAMENTU EUROPEJSKIEGO
d941211d-f1ca-4b4b-8d82-6f61ebb48950,RADY
d97a486e-ba20-4485-aa9b-d82856c47f22,Instytut Nauk Politycznych UWM
d97a486e-ba20-4485-aa9b-d82856c47f22,Uniwers
d9893993-8d65-4ab1-bd4b-9f8295557a47,Food and Drug Administration
d9893993-8d65-4ab1-bd4b-9f8295557a47,MIR-PI
d9b952b0-2677-4e32-9849-0b6c4653edad,Krajowego Rejestru Nowotworów
d9eb411d-b495-4e88-aca8-d95f2c751ea2,GENOM
d9eb411d-b495-4e88-aca8-d95f2c751ea2,Genomed
da2fb621-9be3-49fb-aaa6-7de21627d540,Pracownie Badań Społecznych SGGW
da3079bf-597c-4fa0-b0f8-bae278cd04c7,Komentarz
da3079bf-597c-4fa0-b0f8-bae278cd04c7,Praw Pac
da3079bf-597c-4fa0-b0f8-bae278cd04c7,Zdrowia
da68e3e5-2efa-4744-a69b-e0177136d98f,Wojewódzkim Ośrodku Metodycznym
da68e3e5-2efa-4744-a69b-e0177136d98f,Instytutu Goethego
da6fc61e-1495-4851-8aac-d866f35faadb,ctwa J
da6fc61e-1495-4851-8aac-d866f35faadb,zy
da6fc61e-1495-4851-8aac-d866f35faadb,pos
da720707-1e03-470b-baa0-f6c81a4d29fd,Muzeum M. Kajki
da720707-1e03-470b-baa0-f6c81a4d29fd,Starostwu Powiatowemu w
da720707-1e03-470b-baa0-f6c81a4d29fd,Urzędowi Marszałkowskiemu Województwa Warmińsko-Mazurskiego
da721604-9a33-43e3-95cb-226ac9ccd355,worldcat
da721604-9a33-43e3-95cb-226ac9ccd355,org
da78f704-90c1-4624-baab-7e00aa9738b3,ABC
da9d1ebf-1a77-4b6a-a71b-feecb1b3f305,PACY
db5d315c-078b-4876-95aa-974909193c11,Pre
db5d315c-078b-4876-95aa-974909193c11,dium PAN
dc0cf7fd-b286-4d1d-bdb1-37b55d728aae,NMP
dc0cf7fd-b286-4d1d-bdb1-37b55d728aae,Urząd Miasta Pozna
dc140dc0-c01c-4615-aae7-485076fd821e,Graw Sp. z o.o
dc140dc0-c01c-4615-aae7-485076fd821e,dSat
dc420e9e-e0c2-46b3-bc7b-931f5798d36f,PAK
dc4eda29-595f-4983-8f91-f52844813907,European Network of Female Fans
dc61f8e1-eed6-4447-890e-9d1011b5815b,Szpitalem Miejskim
dc61f8e1-eed6-4447-890e-9d1011b5815b,Sz
dc61f8e1-eed6-4447-890e-9d1011b5815b,al
dcc00fa0-9225-4ae5-b0fa-dcc580fd6ce5,INNOTECH
dcc00fa0-9225-4ae5-b0fa-dcc580fd6ce5,Tra
dcc00fa0-9225-4ae5-b0fa-dcc580fd6ce5,bl
dcc00fa0-9225-4ae5-b0fa-dcc580fd6ce5,MP
dcc00fa0-9225-4ae5-b0fa-dcc580fd6ce5,Mod
dcc00fa0-9225-4ae5-b0fa-dcc580fd6ce5,H.Cegielski-Fabryka Pojazdów Szynowych
dcc4640e-9d68-4122-87d3-1ba6b2c44ae3,Komisję Samorządu Terytorialnego
dcc4640e-9d68-4122-87d3-1ba6b2c44ae3,Administracji Państwowej Senatu RP
dcc4640e-9d68-4122-87d3-1ba6b2c44ae3,Wydziałem Prawa i Administracji
dcc4640e-9d68-4122-87d3-1ba6b2c44ae3,Wyższej Szkoły Finansów i Zarządzania
dcc4640e-9d68-4122-87d3-1ba6b2c44ae3,Akademi
dcc4640e-9d68-4122-87d3-1ba6b2c44ae3,i Ekonomiczno-Humanistycznej
dcc4640e-9d68-4122-87d3-1ba6b2c44ae3,D
dccdd05f-746d-4643-98e6-6d29b20b84e6,krea
dccdd05f-746d-4643-98e6-6d29b20b84e6,„Advanced Manufacturing
dcdcb7bf-ab26-4a50-8e58-2ba03c4a6a7e,Forum Ekonomiczne
dd11477c-ff5c-466e-bac8-5b164b0ba70e,Journal of Cleaner Production
dd336d66-3017-4518-b623-8ab2fab22b4d,iry
dd336d66-3017-4518-b623-8ab2fab22b4d,agri benchmark Beef and Sheep
dd336d66-3017-4518-b623-8ab2fab22b4d,benchmark
dd38c64d-b7e2-4c2c-8a6d-109769e85279,Zespo
dd38c64d-b7e2-4c2c-8a6d-109769e85279,Europejskiej Sieci Ośrodków Referencyjnych ds
dd38c64d-b7e2-4c2c-8a6d-109769e85279,Europejskiego Centrum Referencyjnego ds
dd63077f-76b2-403b-b453-7ea976bf9e76,Wydawnictwie „Świat Książki”
dd6cc065-03d0-4209-977b-5ac8d94bc677,ŚTNR
dd6cc065-03d0-4209-977b-5ac8d94bc677,Cri
dd6cc065-03d0-4209-977b-5ac8d94bc677,sis Management Innovation Network Europe
ddb0c814-75a8-49ce-a1c0-da07e14ebb2e,m
ddfe9350-11ab-40ff-8cbe-61288fb9a455,AHA/
ddfe9350-11ab-40ff-8cbe-61288fb9a455,European Stroke Organization
ddfe9350-11ab-40ff-8cbe-61288fb9a455,Eur
de16d986-bc10-4c5f-82d5-30678e59c23f,Sygizman
de16d986-bc10-4c5f-82d5-30678e59c23f,wizu
de96cfef-0732-4058-9e1e-23e53bb498ad,Centr
de96cfef-0732-4058-9e1e-23e53bb498ad,o
de96cfef-0732-4058-9e1e-23e53bb498ad,parlamentjakubowy
de96cfef-0732-4058-9e1e-23e53bb498ad,pl
debf29ef-e2b0-4842-aedd-270bb5df191d,Polityce
debff0e8-599e-4650-8a8b-6903fedadbce,Katedr
debff0e8-599e-4650-8a8b-6903fedadbce,Austria
df2ee72b-b70d-4c7e-ac90-a47b87ef794b,CHEMA-ELEKTROMET Rze
df42e18d-0306-4fcc-aa05-f2a45b9c7151,straż
df42e18d-0306-4fcc-aa05-f2a45b9c7151,pożarną
df42e18d-0306-4fcc-aa05-f2a45b9c7151,straży pożar
df579f82-b323-4e21-b375-8d52a833ef91,Si
df579f82-b323-4e21-b375-8d52a833ef91,ł Zbrojnych RP
df579f82-b323-4e21-b375-8d52a833ef91,Obrony Narodowej
df579f82-b323-4e21-b375-8d52a833ef91,OR
df579f82-b323-4e21-b375-8d52a833ef91,Woj
df579f82-b323-4e21-b375-8d52a833ef91,sk Lądowych
df6ce6c7-bf4f-4583-9e6c-b93743ab39bc,ujd
df6ce6c7-bf4f-4583-9e6c-b93743ab39bc,Polonia medyczna
df877334-5118-438a-9769-4157feb5f1b7,ZPD Panbah Marek Jankowski
df877334-5118-438a-9769-4157feb5f1b7,DAK-POL
e0171ae8-016e-46fd-b911-70a0bab90c61,Fund
e0171ae8-016e-46fd-b911-70a0bab90c61,Kobiety Nauki
e0171ae8-016e-46fd-b911-70a0bab90c61,ynauki
e07d2eb3-87e7-4f93-8bc2-bc3865884805,łużby
e07d2eb3-87e7-4f93-8bc2-bc3865884805,ziennej
e07d2eb3-87e7-4f93-8bc2-bc3865884805,R
e07d2eb3-87e7-4f93-8bc2-bc3865884805,ządowego Centrum Bezpieczeństwa
e07d2eb3-87e7-4f93-8bc2-bc3865884805,S
e07d2eb3-87e7-4f93-8bc2-bc3865884805,zkołą Wyższą Wymiaru Sprawiedliwości
e0c8a1f0-32f0-4d27-b5e7-f9d29fe1e576,Zespól Roboczy
e0c8a1f0-32f0-4d27-b5e7-f9d29fe1e576,Śląski Uniwersytet Medyczny
e0d03776-d9b4-4efc-9273-21eefa56eec4,Katedry Etyki Zawodu Psychologa
e0dad231-1b98-47b2-8659-5e34eb19358b,Uniwersytet O
e12f8995-d58d-4525-b6a2-d584ae7d75ba,Praw Dziecka
e12f8995-d58d-4525-b6a2-d584ae7d75ba,jm
e13273a6-d804-4cdd-8470-c3a7fe35ea5f,CAMD) KUL
e14d79aa-9719-4806-ae0e-c58fd566f71f,YouTube
e14d79aa-9719-4806-ae0e-c58fd566f71f,ZyXEL
e1690c77-42fa-41e9-91fd-f477aa29c580,Zespo
e1a509b7-716f-4e95-b28e-3eed85f31349,Minister
e1a509b7-716f-4e95-b28e-3eed85f31349,stwo Edukacji i Nauki
e1a509b7-716f-4e95-b28e-3eed85f31349,Polsko-Ukraińskiej Dwustronnej Komisji Ekspert
e1b566df-ac78-488f-b8e5-69357955528b,Instytutem Historii Najnowszej
e1b566df-ac78-488f-b8e5-69357955528b,Państwowym Uniwersytetem Humanistyczno-Technologicznym
e1b566df-ac78-488f-b8e5-69357955528b,Orchard Lake Schools
e1c3507d-c39a-4b01-923e-4250d8b4f279,Podlaskim Oddziałem Stowarzyszenia „Wspólnota Polska
e1c3507d-c39a-4b01-923e-4250d8b4f279,Związkiem Polaków na Biało
e1c3507d-c39a-4b01-923e-4250d8b4f279,Związkiem Polaków na
e1c3507d-c39a-4b01-923e-4250d8b4f279,Podlaski Oddział Stowarzyszenia „Wspólnota Polska
e1c3507d-c39a-4b01-923e-4250d8b4f279,Konsulatu RP
e1d44aee-1ace-4f13-b85a-234c878239c6,Texas A&M University
e1d44aee-1ace-4f13-b85a-234c878239c6,University Union Nikola Tesla
e1d44aee-1ace-4f13-b85a-234c878239c6,Sch
e1d44aee-1ace-4f13-b85a-234c878239c6,anghai Jiao Tong University
e1d44aee-1ace-4f13-b85a-234c878239c6,Algieria
e1d44aee-1ace-4f13-b85a-234c878239c6,Cad
e1d44aee-1ace-4f13-b85a-234c878239c6,i Ayyad University
e1d44aee-1ace-4f13-b85a-234c878239c6,AGH University of Science and Technology
e1e67bf7-eb54-4723-903b-267455757af4,Oddziałem Regionalnym Inicjatywy Firm Rodzinnych
e1e67d78-f35d-4212-8bbc-7e06b3e7520e,M
e1e67d78-f35d-4212-8bbc-7e06b3e7520e,MARIA
e2130d1c-e46b-4184-b671-88a0d1206ad3,pan
e2130d1c-e46b-4184-b671-88a0d1206ad3,Wikipedii
e2133f0c-d12a-42b0-ba7a-b167d7118adc,Lab. Bioprocesowym
e2133f0c-d12a-42b0-ba7a-b167d7118adc,Firma
e215e093-a381-42ca-89ad-8494ebce7561,Słabowidz
e215e093-a381-42ca-89ad-8494ebce7561,Publicznym Gimnazjum nr 3
e215e093-a381-42ca-89ad-8494ebce7561,Integra
e215e093-a381-42ca-89ad-8494ebce7561,YouTube
e215e093-a381-42ca-89ad-8494ebce7561,PLATMAT
e215e093-a381-42ca-89ad-8494ebce7561,OPTY
e219c4d7-d63e-473e-baa5-199dc40bb31d,ceneo.
e22e0a93-6044-4fcf-a25e-9eaa172ed663,Stowarzyszenie „Przedsiębiorczość dla Ekologii
e2566615-3418-4a55-93b3-5d26c88111ed,Prezes
e290c6c6-10da-48c4-be5a-143a2131234c,Uniwersytecie Palackiego
e2a8f837-c1bc-4d43-a7c7-2683170ca3d5,"Wydziale Fizyki, Astronomii i Informatyki Stosowanej"
e2ca1ad5-d784-4334-ac90-ba40d5e43a78,Nad
e2ca1ad5-d784-4334-ac90-ba40d5e43a78,O
e2ca1ad5-d784-4334-ac90-ba40d5e43a78,środka Techniki Leśnej
e2ca1ad5-d784-4334-ac90-ba40d5e43a78,Ośrodek Techniki Leśnej
e2ca1ad5-d784-4334-ac90-ba40d5e43a78,Nadleśnictwo Dąbrowa
e2d9cd4a-d2f1-490b-95a7-d254ef05be5d,ML System S.A
e2d9cd4a-d2f1-490b-95a7-d254ef05be5d,ML system S.A.
e2f41e3c-f776-4e72-9dfa-1a9370ad191f,bookauthority.org
e3229459-91bf-47b7-a040-e1b19724545b,SCOPUS
e322b7d3-3128-41e1-97ec-123055a1de6b,Katedry Prawa Pracy i Polityki Społecznej
e322b7d3-3128-41e1-97ec-123055a1de6b,Wydziału Prawa i Administracji
e3452663-3378-4320-82bb-9cc7769eec88,Towarzystw
e37e4937-e57c-41f4-8148-abc091f79bbe,P
e37e4937-e57c-41f4-8148-abc091f79bbe,IORIN
e37e4937-e57c-41f4-8148-abc091f79bbe,Oddział I
e3b5aa69-a2aa-4683-ac42-74736168ad73,Kultury
e3b5aa69-a2aa-4683-ac42-74736168ad73,Urzędu Gminy i Miasta
e3d71ff8-846c-471f-b530-a4d0ca2eab52,Journal of Clinical Medicine
e3d71ff8-846c-471f-b530-a4d0ca2eab52,Ophthalmic Pathol
e3d71ff8-846c-471f-b530-a4d0ca2eab52,31
e3e9cf38-13f5-44b5-bb4a-14ab1c3645d0,"AlgaeLabs, Sp z o.o."
e4010764-4d53-4460-84d7-508616079bee,Europe
e4010764-4d53-4460-84d7-508616079bee,jski Urząd Patentowy
e4459ab6-e365-447e-98b0-4f20a7d8853f,Rady Doradczej Akademii Europejskich
e4459ab6-e365-447e-98b0-4f20a7d8853f,EASAC
e503dfdf-37a5-48eb-945c-28a5a182b9a8,Miejsko-Gminnej Bibliotece Publicznej
e503dfdf-37a5-48eb-945c-28a5a182b9a8,Zwią
e527ab05-c608-46a0-95a9-0b8d40342759,Wojewódzki
e527ab05-c608-46a0-95a9-0b8d40342759,Konserwatorom Zabytków
e52a31fc-4386-4768-bad7-f15d4c917f53,Salon
e5358c4a-b192-4c76-a233-bd5aa3c48955,resort
e5358c4a-b192-4c76-a233-bd5aa3c48955,obrony narodowej
e5358c4a-b192-4c76-a233-bd5aa3c48955,Departament Kadr
e577812a-b213-423c-b023-33d06aa53a21,LAND
e581f81f-f1f2-49ab-ade6-a637ec2f6349,Państwowej Komisji (ds.) Poświadczania Znajomości Języka Polskiego jako Obcego
e59835cd-b01a-48c2-9886-3c9aba3dea67,In
e59835cd-b01a-48c2-9886-3c9aba3dea67,tu
e599e490-3f9b-414b-83c6-0be2f84b0f88,narodowej
e5afe989-789d-45d6-9294-1a15e7e02bb1,Jedność
e5d25731-23ed-42b7-8ae2-6906e82c7871,W
e67a7a52-09a7-43ee-8c63-d815027af4e8,Pozytywne Emocje
e67a7a52-09a7-43ee-8c63-d815027af4e8,pozytywneemocje.pl
e68ce44a-67cb-4bfb-981c-ab669621718c,EU O
e68ce44a-67cb-4bfb-981c-ab669621718c,Wyszehradzkiej grupy bojowej
e68ce44a-67cb-4bfb-981c-ab669621718c,COLąd - DKL
e68ce44a-67cb-4bfb-981c-ab669621718c,V
e6b40344-0103-4fdc-9d3a-2b4630e215df,„Sieć plus”
e6b40344-0103-4fdc-9d3a-2b4630e215df,„Dadu”
e6b40344-0103-4fdc-9d3a-2b4630e215df,ytetu Stanforda
e6e204bc-f743-4863-a631-62d631a7fa68,WH
e6eda213-82f6-4ece-aac1-3118a1c6a4e0,Państwowym Uniwersytecie
e6eda213-82f6-4ece-aac1-3118a1c6a4e0,„
e6eda213-82f6-4ece-aac1-3118a1c6a4e0,Polityka
e6eda213-82f6-4ece-aac1-3118a1c6a4e0,Nowe Książki
e6eda213-82f6-4ece-aac1-3118a1c6a4e0,Polskie Radio Program 2
e703d3f1-985c-4aa0-99b2-f5ec87e2b13e,U
e703d3f1-985c-4aa0-99b2-f5ec87e2b13e,NO
e703d3f1-985c-4aa0-99b2-f5ec87e2b13e,Publicator Sp. z o.o
e703d3f1-985c-4aa0-99b2-f5ec87e2b13e,Canal+ Domo
e710cf85-c461-4a1c-9368-34a48188e504,O
e7755cfb-0767-4015-9b12-a0c0a66ba076,colfi
e7755cfb-0767-4015-9b12-a0c0a66ba076,sio
e7755cfb-0767-4015-9b12-a0c0a66ba076,org
e7755cfb-0767-4015-9b12-a0c0a66ba076,kif.info.pl
e7c98a46-4c8d-4876-a0d9-e7b3ca64d2ab,YT „Kanon 21
e7c98a46-4c8d-4876-a0d9-e7b3ca64d2ab,TVP 3
e7dda497-fc13-4855-851f-aa562381fd21,bityl.pl
e7dda497-fc13-4855-851f-aa562381fd21,Uniwersytetu Powszechnego
e7dda497-fc13-4855-851f-aa562381fd21,Trialo
e7dda497-fc13-4855-851f-aa562381fd21,Białoruskiego
e7dda497-fc13-4855-851f-aa562381fd21,bit
e7dda497-fc13-4855-851f-aa562381fd21,Bi
e7dda497-fc13-4855-851f-aa562381fd21,ełsat
e7dda497-fc13-4855-851f-aa562381fd21,","
e7dda497-fc13-4855-851f-aa562381fd21,Niwa
e7dda497-fc13-4855-851f-aa562381fd21,oruskie Zeszyty
e8050010-b0bc-4e0b-9649-d27078197d0c,OmniWatch
e8050010-b0bc-4e0b-9649-d27078197d0c,SW Research
e81f4c14-4711-4226-9464-7102a406d5e0,Zakład Fizyki Medycznej Narodowego Instytutu Onkologii
e81f4c14-4711-4226-9464-7102a406d5e0,Narod
e83b1765-6e88-4337-af8c-1f448c0a7100,BRTP
e842023c-d08c-43f9-9076-4c97973f44ee,polskiego
e842023c-d08c-43f9-9076-4c97973f44ee,Towarzystw
e842023c-d08c-43f9-9076-4c97973f44ee,ie Kultury Polskiej Ziemi Lwowskiej
e874f8ca-9e0a-4b2e-b623-373c98de24f5,CSR.Expert
e89968a4-07cb-4bdd-9499-3ec3298717e9,Szkole Podstawowej nr 26
e8ba2314-1e3d-41f4-94aa-25fb2a94f3fc,FKT–Forschungskuratorium Textil
e8ba2314-1e3d-41f4-94aa-25fb2a94f3fc,Miejski
e8ba2314-1e3d-41f4-94aa-25fb2a94f3fc,m Zarządem Dróg
e8d71052-6273-47e9-8186-48babe26cadc,-PIB
e8dba97c-b99b-4e27-8a9c-53eb332bece7,ZT Kruszwica S.A. BUNGE COMPANY
e8e29d38-a8fc-4799-9fd0-d22d85d95beb,Integracyjne Prywatne Przedszkole Montessori
e8e29d38-a8fc-4799-9fd0-d22d85d95beb,Integracyjna Prywatna Szkoła Montessori
e8e29d38-a8fc-4799-9fd0-d22d85d95beb,Public
e8e29d38-a8fc-4799-9fd0-d22d85d95beb,zne Przedszkole nr 7
e8e29d38-a8fc-4799-9fd0-d22d85d95beb,Mareno di Piave
e905c0ba-77c9-4263-a483-0f8a0bd30148,ście
e905c0ba-77c9-4263-a483-0f8a0bd30148,katolickim
e905c0ba-77c9-4263-a483-0f8a0bd30148,Kościoła katoli
e93e114f-db03-4bbe-ad73-431be5f5dc6b,Ra
e9411581-2c36-44a7-850d-39dbe14f21ad,EMT Systems Sp. z o. o.
e9411581-2c36-44a7-850d-39dbe14f21ad,Pośredni
e94a4051-fa86-49b3-9265-e11802f18a28,Zespół Laboratorium Psychologii Języka i Dwujęzyczności „LangUsta
e94a4051-fa86-49b3-9265-e11802f18a28,Uniwersytecie
e9a96039-3d42-4a42-8702-9f9164d34869,SK-PIB
e9a96039-3d42-4a42-8702-9f9164d34869,Ogólnopolską Sieć Edukacyjną
e9a96039-3d42-4a42-8702-9f9164d34869,GOV.PL
e9ac6ce9-fc02-4f0d-8a7e-24b300fce9f5,In
e9ac6ce9-fc02-4f0d-8a7e-24b300fce9f5,stytucie Muzykologii UAM
e9f65ab4-a90e-4cec-a044-a42937a29631,gios
ea29556d-64d4-4b0a-acf6-068b5cbd52ca,Alberta Beekeepers Commission
ea3318ad-0146-4b63-8595-c49dab79d939,Państwo
ea3318ad-0146-4b63-8595-c49dab79d939,Auschwitz
ea80dd73-4fb3-4e6d-bf9a-02f551199379,Ekonomii
ea951da0-315b-49c0-b779-7e9fc6a6cbda,Forum Rozwoju Regionalnego
ea951da0-315b-49c0-b779-7e9fc6a6cbda,Forum
eaa2fa69-7095-4c59-9a03-8d9b919d2e0d,iO
eaa3e1a9-cb43-4b25-b00f-8baa78573971,W
eaa3e1a9-cb43-4b25-b00f-8baa78573971,ZBA IS-PIB
eaa3e1a9-cb43-4b25-b00f-8baa78573971,Reprezentacji Polski
eaa77237-9c7d-46bf-8efc-d1375a69f8e4,Rzecz o Innowacjach
eaa77237-9c7d-46bf-8efc-d1375a69f8e4,rzecz
eaa77237-9c7d-46bf-8efc-d1375a69f8e4,ir
eaa77237-9c7d-46bf-8efc-d1375a69f8e4,ipar.
eaa77237-9c7d-46bf-8efc-d1375a69f8e4,Magazynie Weterynaryjnym
eaa77237-9c7d-46bf-8efc-d1375a69f8e4,magwet
eab9a76d-d92f-4704-a317-510edb593f67,Partnerstwa Strategiczne na rzecz młodzieży
eab9a76d-d92f-4704-a317-510edb593f67,Organization for Social Innovation „
eab9a76d-d92f-4704-a317-510edb593f67,ARNO”
eab9a76d-d92f-4704-a317-510edb593f67,Desert Bloom for Training and Sustainable Development
eab9a76d-d92f-4704-a317-510edb593f67,Organization for Social Innovation „ARNO
eae3e8c0-5e4a-48cf-a096-e69314655470,Archiwami X
eae3e8c0-5e4a-48cf-a096-e69314655470,Kom
eae3e8c0-5e4a-48cf-a096-e69314655470,Wojewódzkich Policji
eae3e8c0-5e4a-48cf-a096-e69314655470,Wydziale Prawa i Administracji
eae3e8c0-5e4a-48cf-a096-e69314655470,Krakowski Wydział
eae3e8c0-5e4a-48cf-a096-e69314655470,atur
eb00b5ad-6637-49c1-b889-19f7084964cb,„Błękitnej Armii
eb00b5ad-6637-49c1-b889-19f7084964cb,Instytutu Francuskiego
eb00b5ad-6637-49c1-b889-19f7084964cb,Muzeum Wojska
eb52903a-c346-4e9a-b84a-8552c9d06382,U
eb52903a-c346-4e9a-b84a-8552c9d06382,czelni Łazarskiego
eb7acfd2-7f24-4dcd-aeec-52cdfc54f1a9,Zakładów
eb8218cc-be96-4a28-8a31-cab820f9db03,Jedno
ebc819ea-f00b-474e-bc8e-30748b71abfe,U
ebc819ea-f00b-474e-bc8e-30748b71abfe,cz
ebc819ea-f00b-474e-bc8e-30748b71abfe,S
ebc819ea-f00b-474e-bc8e-30748b71abfe,zkołą Wyższą Wymiaru Sprawiedliwości
ebc819ea-f00b-474e-bc8e-30748b71abfe,R
ebc819ea-f00b-474e-bc8e-30748b71abfe,ządowe Centrum Bezpieczeństwa
ebc819ea-f00b-474e-bc8e-30748b71abfe,Interwencyjnych Służby Więziennej
ebc819ea-f00b-474e-bc8e-30748b71abfe,Akademii Wojsk
ebdbfed4-280f-47ee-a699-6257986a888d,Astaldi
ebdbfed4-280f-47ee-a699-6257986a888d,PORR
ebdbfed4-280f-47ee-a699-6257986a888d,URANPRES spol.
ec00c774-59d7-4390-a3fb-40c9abb41a3f,Si
ec00c774-59d7-4390-a3fb-40c9abb41a3f,ł Zbrojnych RP
ec183953-c601-439d-8ce0-634e47a15a38,Pol
ec28b36c-3b68-406f-a3dc-7d7f998f3653,CeB
ec28b36c-3b68-406f-a3dc-7d7f998f3653,Międzynarodowe Jury
ec28b36c-3b68-406f-a3dc-7d7f998f3653,Plakatu
ec28b36c-3b68-406f-a3dc-7d7f998f3653,LA RAZON
ec28b36c-3b68-406f-a3dc-7d7f998f3653,Gazeta
ec28b36c-3b68-406f-a3dc-7d7f998f3653,Graphis
ec346385-74e3-4996-a120-c8445af67af2,Elektrociepłowni „Zielona Góra
ec58393f-cbd2-43b5-a5f1-b35eed89cd45,Kraj
ec58393f-cbd2-43b5-a5f1-b35eed89cd45,owej Komisji Etycznej do Spraw Doświadczeń na Zwierzętach
ec9b2e5f-2445-415a-87cd-2992894d609b,UN
eca7d27c-5ae7-42ea-823a-95b799ee4e21,In
eca7d27c-5ae7-42ea-823a-95b799ee4e21,tu
eca7d27c-5ae7-42ea-823a-95b799ee4e21,Instytucie badań
ed0b3bd4-4554-485b-a482-908cb036d702,ed
ed0b3bd4-4554-485b-a482-908cb036d702,pl
ed22bf62-4eef-4db8-8f24-4bf068cc5cd2,Web of Science
ed22bf62-4eef-4db8-8f24-4bf068cc5cd2,Working Group on
ed49265a-2cd9-406e-b196-be7f5f77d558,J
ed49265a-2cd9-406e-b196-be7f5f77d558,CR
ed49265a-2cd9-406e-b196-be7f5f77d558,TV SGGW
ed5eaf74-ea60-4106-b846-e2a428c94a5b,Experimental Centre for Furniture and Furnishings
ed5eaf74-ea60-4106-b846-e2a428c94a5b,OD&M
ed5eaf74-ea60-4106-b846-e2a428c94a5b,Zespołu Szkół Technicznych im. płk
ed5eaf74-ea60-4106-b846-e2a428c94a5b,E
edc59f2f-8851-4788-b735-f3c9bbb2fc0c,In
edc59f2f-8851-4788-b735-f3c9bbb2fc0c,sty
edc59f2f-8851-4788-b735-f3c9bbb2fc0c,tut Wysokich Ciśnień PAN
ede1f22f-399f-4aff-b376-1408d691b04f,FIBRE
ede1f22f-399f-4aff-b376-1408d691b04f,UBB
ede1f22f-399f-4aff-b376-1408d691b04f,UCU
edeb3418-8507-4145-adcb-4a54b803e545,Działem badań i innowacji
ee035d5e-ad49-4721-8453-b074d951381b,Akademi
ee035d5e-ad49-4721-8453-b074d951381b,i Morskiej
ee035d5e-ad49-4721-8453-b074d951381b,Straż pożarna
ee035d5e-ad49-4721-8453-b074d951381b,Urząd Morski
ee035d5e-ad49-4721-8453-b074d951381b,Kapitan Poinc
ee035d5e-ad49-4721-8453-b074d951381b,Czesław II
ee10c843-cb44-4112-b749-65464acf3fbc,Banku PeKaO S.A
ee7a1d84-4493-40dd-bc34-b280fdd2713f,Dom Rekolekcyjny Górka
ee7a1d84-4493-40dd-bc34-b280fdd2713f,Europejskie Centrum Komunikacji i Kultury
ee7a1d84-4493-40dd-bc34-b280fdd2713f,Dom Rekolekcyjny św. Józefa
ee7a1d84-4493-40dd-bc34-b280fdd2713f,Rehabilita
ee7a1d84-4493-40dd-bc34-b280fdd2713f,cyno-Uzdrowiskowe Centrum Dziecka
eee38c3e-96fa-49d8-b081-7f6b0187120b,archidiecezji katowickiej
ef1ccb63-f5d9-4080-a380-7b41cab3299d,Sekcji/Komisji Onomastycznej
ef1ccb63-f5d9-4080-a380-7b41cab3299d,Zespo
ef1ccb63-f5d9-4080-a380-7b41cab3299d,łu Ortograficzno-Onomastycznego Rady Języka Polskiego
ef1ccb63-f5d9-4080-a380-7b41cab3299d,Komite
ef1ccb63-f5d9-4080-a380-7b41cab3299d,Polskiego Towarzystwa Onomastycznego Onoma
ef1ccb63-f5d9-4080-a380-7b41cab3299d,Ministr
ef1ccb63-f5d9-4080-a380-7b41cab3299d,Spraw Wewnętrznych i Administracji
ef1ccb63-f5d9-4080-a380-7b41cab3299d,Komisji Standaryzacji Nazw Geograficznych poza
ef1ccb63-f5d9-4080-a380-7b41cab3299d,Komisji Nazw Miejscowości i Obi
ef35b0c3-784d-455d-b7a8-cd2f063e76c4,Europejski Kongres Małych i Średnich Przedsiębiorstw
ef389261-7a55-46ec-a4cf-a6f1983e85a7,"Coastal, Estuarine and Dredging department"
ef389261-7a55-46ec-a4cf-a6f1983e85a7,Nawiga
ef389261-7a55-46ec-a4cf-a6f1983e85a7,Enamor Sp. z.o.o.
ef5a2768-4ff4-4fd8-aaa0-b5dbcfda6589,uwb
ef5a2768-4ff4-4fd8-aaa0-b5dbcfda6589,Młodego Odkrywcy
ef8b20d8-ccd4-42c6-879a-894fc5822957,Zespo
ef8b20d8-ccd4-42c6-879a-894fc5822957,łu Katedry Transportu i Informatyki
ef8b20d8-ccd4-42c6-879a-894fc5822957,W
ef8b20d8-ccd4-42c6-879a-894fc5822957,U
efa719da-7c7e-45a4-845b-593958d64687,ATROM Sp. z o. o.
efa719da-7c7e-45a4-845b-593958d64687,INTERMEKO EUROPE sp. z o. o
efdb091d-ca72-49cf-ab46-5aef199eda13,Sinthome – Grupa Psychoanalizy Lacanowskiej
efdb091d-ca72-49cf-ab46-5aef199eda13,DW-1)
efdb091d-ca72-49cf-ab46-5aef199eda13,Polskiego Towarzystwa Psychoterapii Psychoanalitycznej
efdb091d-ca72-49cf-ab46-5aef199eda13,DW-2
efdb091d-ca72-49cf-ab46-5aef199eda13,Sinthome
efdb091d-ca72-49cf-ab46-5aef199eda13,PTPP
efdb091d-ca72-49cf-ab46-5aef199eda13,Gazecie Wyborczej
efdb091d-ca72-49cf-ab46-5aef199eda13,Wolna Sobota
f0322110-2048-49de-96f2-4f37270e7481,Urzędu Marszałkowskiego Województwa
f03902a6-d30b-4be3-abe6-a65279be9816,ki Morskiej
f03902a6-d30b-4be3-abe6-a65279be9816,Żeglugi Śródlądowej
f0453b43-9726-410f-8e0f-f699bfdcdc43,Katedrze Chemii Organicznej i Chemii Fizycznej
f0453b43-9726-410f-8e0f-f699bfdcdc43,Instytutu Chemii i Podstaw Ochrony Środowiska
f0453b43-9726-410f-8e0f-f699bfdcdc43,Politechniki Szczecińskiej
f0453b43-9726-410f-8e0f-f699bfdcdc43,Inspektoratu Ochrony Środowiska Urzędu Morskiego
f04cfdcd-f377-4076-b3a2-e88bcfeea0b4,You tube
f04cfdcd-f377-4076-b3a2-e88bcfeea0b4,Polityka
f0a3d364-4281-4510-a650-fed3a07425a6,Las
f0a3d364-4281-4510-a650-fed3a07425a6,Państwowymi
f0a3d364-4281-4510-a650-fed3a07425a6,Lasy Państwowe
f0a3d364-4281-4510-a650-fed3a07425a6,4
f0f5765a-5c8f-4872-abae-ae24312e56cc,Spraw Zagranicznych
f0f5765a-5c8f-4872-abae-ae24312e56cc,Kultury i Dziedzictwa Narodowego
f0f5765a-5c8f-4872-abae-ae24312e56cc,uw
f0f5765a-5c8f-4872-abae-ae24312e56cc,Rady Ochrony Pamięci Walk i M
f0f5765a-5c8f-4872-abae-ae24312e56cc,czeństwa
f0ffeefd-b37b-4011-ac18-ef28cf554f25,Sie
f0ffeefd-b37b-4011-ac18-ef28cf554f25,Sieci UNITWIN
f10b9f02-a416-4305-9ef4-62d46d007757,Szkoły Podstawowej nr 28
f10b9f02-a416-4305-9ef4-62d46d007757,SP 28
f12457d7-10df-475a-9e78-5689c7e4453f,Okno na Wschód
f12457d7-10df-475a-9e78-5689c7e4453f,Centrum Aktywności Społecznej
f1316376-fd47-4702-968a-a4af0659ddd3,Muzeum Narodowego
f1316376-fd47-4702-968a-a4af0659ddd3,Zapałczarnia
f1430a44-7f54-4218-a457-fb67e678eaa9,uw
f1512371-6124-4957-ad0c-97304e8ea31e,Zespołu ds. COVID-19
f1832eac-f1b6-4f6c-b5ce-42f35c980eb0,kościoła NMP
f1832eac-f1b6-4f6c-b5ce-42f35c980eb0,Wydawnictwo Akademii Muzycznej im. Stanisława Moniuszki
f18b34be-19f5-47a9-8d1a-98379aa0c8cf,Radę Miasta Sop
f190a615-a0c4-4704-b2b6-ca41112d5825,Polskiego Muzeum w
f190a615-a0c4-4704-b2b6-ca41112d5825,y
f190a615-a0c4-4704-b2b6-ca41112d5825,Muzeum Katyńskim
f190a615-a0c4-4704-b2b6-ca41112d5825,Muzeum Plakatu
f190a615-a0c4-4704-b2b6-ca41112d5825,Minister
f190a615-a0c4-4704-b2b6-ca41112d5825,stwa Kultury i Dziedzictwa Narodowego
f190a615-a0c4-4704-b2b6-ca41112d5825,Konsula Generalnego RP
f190a615-a0c4-4704-b2b6-ca41112d5825,Wojewódzka Biblioteka Publiczna
f190a615-a0c4-4704-b2b6-ca41112d5825,Książnica Kopernikańska
f1a4bf93-d39e-4345-9352-8ff6cfe65cda,MK
f1a4bf93-d39e-4345-9352-8ff6cfe65cda,DN
f1c9f90e-a35d-42eb-aa45-a808cdf562ab,H
f20d5b67-e18e-4b0f-b8f2-4281e82892a5,SanP
f213e523-4b18-412f-a34c-aa986ba7e244,Konwencji Berneńskiej
f213e523-4b18-412f-a34c-aa986ba7e244,Forum Naukowego ds.
f213e523-4b18-412f-a34c-aa986ba7e244,Forum
f213e523-4b18-412f-a34c-aa986ba7e244,W. Solarz
f2244ccf-a79a-46f9-bf32-0bb10f2340a7,Science
f2447b65-7418-4c6d-bdcd-5455987f6092,„Herbapol
f25c5a94-a41c-477d-9d02-2ae9aa1c1959,Departament Polityki Przestrzennej
f25c5a94-a41c-477d-9d02-2ae9aa1c1959,tvp
f27bcaa1-95a1-4995-8eed-7cae13d2c82d,"Przedsiębiorstwu Wielobranżowemu ""OMEGA"""
f27bcaa1-95a1-4995-8eed-7cae13d2c82d,Sp. J.
f2898bd8-dc80-481e-941a-3869b9d84546,Wojskową Akademią Medyczną
f28a1316-d165-47c2-b3aa-9440b157b97d,Departamentu Leśnego
f28a1316-d165-47c2-b3aa-9440b157b97d,Organ
f28a1316-d165-47c2-b3aa-9440b157b97d,izacja Narodów Zjednoczonych do spraw Wyżywienia i Rolnictwa
f2b5cee3-b796-447a-9b56-dd1f89c4d61f,Expert Group on Environmental Risks of Hazardous Submerged Objects
f2b5cee3-b796-447a-9b56-dd1f89c4d61f,NATO STO AVT 330 Group On
f2b5cee3-b796-447a-9b56-dd1f89c4d61f,ped
f2b5cee3-b796-447a-9b56-dd1f89c4d61f,tion Safety
f2c73334-bb71-41f5-845e-383493c99883,Kwartalniku Filmowym
f2c73334-bb71-41f5-845e-383493c99883,Po
f2c73334-bb71-41f5-845e-383493c99883,nin
f2c73334-bb71-41f5-845e-383493c99883,kina
f2ef14cd-d2db-448f-9200-0874278ab88f,Wydawnictwo
f2f9cb9d-6eba-477d-bf3c-bef7fadccb60,Miejski Ośrodek Pomocy Rodzinie
f35db773-c4f9-4226-b6f0-1d2b263c796e,Uniwersytet Morski
f3abd47b-4b69-48c9-a17d-5dde4c8d2dc7,Journal of Symbolic Logic
f3c59219-75d2-4131-a351-29d04ec783e6,Komisji „Functional Food Science in Europe
f3c59219-75d2-4131-a351-29d04ec783e6,FL
f43b235b-6053-465c-8e83-14f76804fb98,Scientific American
f43b235b-6053-465c-8e83-14f76804fb98,YouTube
f43b235b-6053-465c-8e83-14f76804fb98,Tygod
f46cd185-fd00-44e3-bfe5-de894fbd2d2b,u Sterującego Strategicznego Programu Badań Naukowych i Prac Rozwojowych
f46cd185-fd00-44e3-bfe5-de894fbd2d2b,Państwa
f46cd185-fd00-44e3-bfe5-de894fbd2d2b,GOSPOSTRATEG
f46cd185-fd00-44e3-bfe5-de894fbd2d2b,"Ministra Rozwoju, Pracy i Technologii RP"
f46cd185-fd00-44e3-bfe5-de894fbd2d2b,Ministra Spraw Zagranicznych RP
f4de9641-64ed-4421-80b5-772a20c62362,Instytutu Archeografii
f4de9641-64ed-4421-80b5-772a20c62362,Źródłoznawstwa im. M. Hruszewskiego
f4de9641-64ed-4421-80b5-772a20c62362,Ukraińskiej Akademii Nauk
f4de9641-64ed-4421-80b5-772a20c62362,P
f4de9641-64ed-4421-80b5-772a20c62362,rzegląd Nauk Historycznych
f5052f3d-4854-413b-a850-9a321c949fde,Kliniką Onkologii i Hematologii Dziecięcej Uniwersytetu Medycznego
f5052f3d-4854-413b-a850-9a321c949fde,Instytutem Matki i Dziecka
f5052f3d-4854-413b-a850-9a321c949fde,Centrum Onkologii
f5052f3d-4854-413b-a850-9a321c949fde,Centrum Nowotworów Dziedzicznych
f58f697a-c79d-4760-81ea-727ab9006eba,Podkarpackie Centrum Usług Dydaktycznych
f596be7e-f43a-492c-bfc2-c47d99f9ee36,Ze
f596be7e-f43a-492c-bfc2-c47d99f9ee36,spole Eksperckim do Spraw Wspierania Uniwersytetów Ludowych
f596be7e-f43a-492c-bfc2-c47d99f9ee36,NIW
f596be7e-f43a-492c-bfc2-c47d99f9ee36,Uniwersytet Ludowy
f596be7e-f43a-492c-bfc2-c47d99f9ee36,Ekologiczny Uniwersytet Ludowy
f596be7e-f43a-492c-bfc2-c47d99f9ee36,Nadgoplański Uniwersytet Ludowy
f596be7e-f43a-492c-bfc2-c47d99f9ee36,Za
f596be7e-f43a-492c-bfc2-c47d99f9ee36,chodniopomorski Uniwersytet Ludowy
f596be7e-f43a-492c-bfc2-c47d99f9ee36,Kaszubski Uniwersy
f5c46f70-2bd1-4603-ae3c-edd2258202e4,NB
f5f637dd-e991-470b-a5ce-be869686185d,Rodzić po Ludzku
f602bd5e-b5e6-411f-9dd6-f561d28e2187,Autorskich Liceów Artystycznych i Akademickich ALA
f602bd5e-b5e6-411f-9dd6-f561d28e2187,Uniwersytecie
f602bd5e-b5e6-411f-9dd6-f561d28e2187,M
f602bd5e-b5e6-411f-9dd6-f561d28e2187,OW
f61eedf7-0336-4def-94aa-d47677cd281f,KL
f61eedf7-0336-4def-94aa-d47677cd281f,Instytucie Nauk Chemicznych UPH
f625714a-3f1e-493e-ad1c-114124ecdd13,um
f625714a-3f1e-493e-ad1c-114124ecdd13,Biblioteka Publiczna w
f625714a-3f1e-493e-ad1c-114124ecdd13,Miejska Biblioteka Publiczna im. Papuszy
f625714a-3f1e-493e-ad1c-114124ecdd13,Biblioteka w
f625714a-3f1e-493e-ad1c-114124ecdd13,my
f625714a-3f1e-493e-ad1c-114124ecdd13,Miejskiej Biblioteki Publicznej im. Adama As
f674f94d-44ac-4657-a3c1-2c339da0c6aa,Kapitułą Nagrody
f67774d0-9a89-4b6e-b51c-9ea586aedab6,Katedr
f67774d0-9a89-4b6e-b51c-9ea586aedab6,y Drobiarstwa i Pszczelnictwa
f6994e93-aa26-4a92-8c82-46458161ece5,Wyborczą
f6994e93-aa26-4a92-8c82-46458161ece5,Nieder Schleschsischer Kurier
f6994e93-aa26-4a92-8c82-46458161ece5,Bauwelt
f6994e93-aa26-4a92-8c82-46458161ece5,S
f6994e93-aa26-4a92-8c82-46458161ece5,tiftung für Deutsch-Polnische Zusammenarbeit
f6994e93-aa26-4a92-8c82-46458161ece5,Blickwechsel
f6adaf73-f77d-4c34-98d5-e1c090c83d1c,Polskiego Radi
f6bf9f82-11f4-4885-9ca4-0e27f167d89e,BiMarco Sp. z o.o
f6fa28fd-4bcb-4111-9af5-d093b165e995,D
f6fa28fd-4bcb-4111-9af5-d093b165e995,16 RIO
f71e7b55-529a-4d16-94f1-94553445e1c8,Grupa Azoty Compounding Sp. z o. o
f73600ed-31fc-46cc-a09b-04e2c34e45cd,W
f73600ed-31fc-46cc-a09b-04e2c34e45cd,pólnego Zdrowia
f73600ed-31fc-46cc-a09b-04e2c34e45cd,ŚP Bioatlantis Ltd.
f73600ed-31fc-46cc-a09b-04e2c34e45cd,P Drobex-Agro
f73600ed-31fc-46cc-a09b-04e2c34e45cd,Drobex-Agro- Vetdiagnostica Sp. z o.
f73812cc-2c80-4006-a847-64af10811b36,Temple University
f78d1ea8-aff0-411e-8ea0-83cf22f6f542,Uniwersytetu Medycznego we
f79794a8-f98d-4f0f-aae4-024501b25071,Komisji Wspólnej Rządu
f79794a8-f98d-4f0f-aae4-024501b25071,Samorządu Terytorialnego
f7bab6be-6222-407d-8780-415552aabf4a,WTC)
f7bfc071-174e-4035-836b-cf1322fcdd33,GizerS
f7bfc071-174e-4035-836b-cf1322fcdd33,W
f7bfc071-174e-4035-836b-cf1322fcdd33,iOŚ
f7bfc071-174e-4035-836b-cf1322fcdd33,agh
f7bfc071-174e-4035-836b-cf1322fcdd33,dębice
f7cf1e54-76d6-4d91-850f-1006fa1eb988,Zakład Prawa Administracyjnego i Nauk o Administracji UJK
f87c773b-db51-4e78-9b2e-c72a98142cb0,Ekonomii Społecznej
f87d09b9-8834-4d60-9534-f0133de8b78c,Centrum Żydowskiego
f88451c2-a338-44b2-86f3-6a5f9f8f7bc9,In
f8bc421b-7c8f-4fc7-a9d7-7ee8270bf706,Pi
f8bc421b-7c8f-4fc7-a9d7-7ee8270bf706,onart
f8bc421b-7c8f-4fc7-a9d7-7ee8270bf706,.
f8bd9472-e8d3-475d-a82e-6f545fc187ad,Laboratorium Zastosowań Nanotechnologii
f8bd9472-e8d3-475d-a82e-6f545fc187ad,"Inżynierii Materiałowej, Energetyce i Medycynie Narodowego Uniwersytetu Przykarpackiego"
f8f28f61-e40d-4115-8308-f5bee2902f02,Portal gospodarczy wnp.pl
f8f28f61-e40d-4115-8308-f5bee2902f02,onet.pl
f8f28f61-e40d-4115-8308-f5bee2902f02,forsal.pl
f8f28f61-e40d-4115-8308-f5bee2902f02,silesia24.pl
f8f43bec-fb8c-45be-9844-fd0ff984e861,Ośrodek Kształcenia Podyplomowego Pielęgniarek i Położnych
f8f43bec-fb8c-45be-9844-fd0ff984e861,Web of Science
f900c8c1-3c83-4407-990c-695b92612483,Zdrowia
f900c8c1-3c83-4407-990c-695b92612483,D 3)
f90c9611-eaab-4d00-9307-5a1bf2c77ab5,Celma Indukta S.A. Cantoni Group
f9baf328-2b57-4f91-b350-6d4f5ec0446f,O
f9ec9759-6af4-41c1-af26-7ccafb0d8ae0,u Muzyki Zielonogórskiego Stowarzyszenia Jazzowego
f9ec9759-6af4-41c1-af26-7ccafb0d8ae0,In
f9ec9759-6af4-41c1-af26-7ccafb0d8ae0,stytucie Muzyki
f9ec9759-6af4-41c1-af26-7ccafb0d8ae0,Przyjaciele
fa01c57a-4fe1-40c7-be91-7ead200af374,Akademie Sankelmark
fa01c57a-4fe1-40c7-be91-7ead200af374,Europäische Akademie Sankelmark
fa01c57a-4fe1-40c7-be91-7ead200af374,Akademi
fa01c57a-4fe1-40c7-be91-7ead200af374,e Baltica
fa3842c6-56b8-457a-a327-9877143ebc6a,Katedrze
fa3842c6-56b8-457a-a327-9877143ebc6a,Zakładzie Genetyki Medycznej Uniwersytetu Medycznego
fa3842c6-56b8-457a-a327-9877143ebc6a,Sensenbrenner
fa47a76d-4123-4440-82b6-3c951fcde28a,Polskiego Radi
fa47a76d-4123-4440-82b6-3c951fcde28a,Radi
fa5724e2-4cb6-4650-9eec-790c7446046d,WDIB UW
fa5724e2-4cb6-4650-9eec-790c7446046d,Katedrze Książki i Historii Mediów
fa5724e2-4cb6-4650-9eec-790c7446046d,WDIB
fa5724e2-4cb6-4650-9eec-790c7446046d,Minister
fa5724e2-4cb6-4650-9eec-790c7446046d,stwo Edukacji i Nauki
fa6818b5-2280-41f4-a395-034cdb7ee59f,REGENT V
fa8e982f-fa98-4a32-9b56-47eaffb3a751,Max-Planck-Institut für extraterrestrische Physik
fa8e982f-fa98-4a32-9b56-47eaffb3a751,Gar
fa8e982f-fa98-4a32-9b56-47eaffb3a751,ching
fa8e982f-fa98-4a32-9b56-47eaffb3a751,YouTube
fac54780-56a4-4bde-b5b9-f348a0d231b1,A
fac54780-56a4-4bde-b5b9-f348a0d231b1,mal Health and Welfare Panel
fb375a81-379a-42a1-bbaf-509e3dba78fc,u Informatyki UP
fb375a81-379a-42a1-bbaf-509e3dba78fc,CYFRONET
fb9cdd76-dca8-4246-8ef9-665dedfaf695,Akademią Muzyczną
fb9cdd76-dca8-4246-8ef9-665dedfaf695,S
fbbf5678-c4da-44ac-a9a1-d0de6f00675d,„
fbbf5678-c4da-44ac-a9a1-d0de6f00675d,Nature
fbbf5678-c4da-44ac-a9a1-d0de6f00675d,Urzęd
fbbf5678-c4da-44ac-a9a1-d0de6f00675d,em Marszałkowskim Województwa Podlaskiego
fbbf5678-c4da-44ac-a9a1-d0de6f00675d,Państwo
fbbf5678-c4da-44ac-a9a1-d0de6f00675d,wym Instytutem Badawczym
fbdd8089-2a2b-40f9-8c29-0e682270f6f6,Sekret Mumio Sp. z o.o.
fbdd8089-2a2b-40f9-8c29-0e682270f6f6,Copernico Health
fbdd8089-2a2b-40f9-8c29-0e682270f6f6,Football Masters
fc08fc35-c1ae-4e7b-b478-0947e926b4c5,Komitet Inżynierii Środowiska
fc178b58-426b-4bb2-a4f5-0cc7a060b8db,Dolnośląskie Centrum Onkologii
fc178b58-426b-4bb2-a4f5-0cc7a060b8db,AC
fc51d278-70a3-4724-887e-f78aa6250407,Aresztem Śledczym w
fc51d278-70a3-4724-887e-f78aa6250407,„Nie
fc89659a-5765-468b-b04f-b0cafab2cb6a,Galeri
fc89659a-5765-468b-b04f-b0cafab2cb6a,Sztuki Średniowiecznej
fc89659a-5765-468b-b04f-b0cafab2cb6a,Galerii Sztuki Dawnej
fc89659a-5765-468b-b04f-b0cafab2cb6a,Muzeum Narodowego
fc92e675-22b6-421c-bbea-20c9572d7cd0,i
fc92e675-22b6-421c-bbea-20c9572d7cd0,Infrastruktury i Rozwoju
fc9755d4-529b-440f-9159-8b72e857e059,Nat Rev Drug
fc9755d4-529b-440f-9159-8b72e857e059,JAMA
fc9755d4-529b-440f-9159-8b72e857e059,P
fc9755d4-529b-440f-9159-8b72e857e059,fi
fcb76816-6ae4-4d9e-921f-3eb8102873a2,Wydziału Sportu
fcb76816-6ae4-4d9e-921f-3eb8102873a2,Urzędu Miasta Poznania
fcb76816-6ae4-4d9e-921f-3eb8102873a2,Stra
fcb76816-6ae4-4d9e-921f-3eb8102873a2,Miasta Poznania
fcb76816-6ae4-4d9e-921f-3eb8102873a2,Sportowy Poznań
fd36ba14-1d1c-42d6-a194-3809bcc1b8ba,Wyższa Szkoła Teologiczna
fdb77b76-0dde-479e-8f9a-d83ce2fbc527,MK
fdc5917a-9984-46be-94fa-bd3f0cad3e2b,Biblioteka Kraków
fddd9e87-93b8-4bec-b9ca-64771c377cd2,JPR
fddd9e87-93b8-4bec-b9ca-64771c377cd2,IJODS
fddd9e87-93b8-4bec-b9ca-64771c377cd2,IJSME
fddd9e87-93b8-4bec-b9ca-64771c377cd2,ed
fddd9e87-93b8-4bec-b9ca-64771c377cd2,matical Transgressions
fddd9e87-93b8-4bec-b9ca-64771c377cd2,European Society for Research in Mathematics Education ERME
fdfa6043-63e4-4b85-a0ec-736d092274b0,C
fdfa6043-63e4-4b85-a0ec-736d092274b0,alifornia Institute of Technology
fe27a111-7636-4f82-b0f1-32a7d714c085,F
fe27a111-7636-4f82-b0f1-32a7d714c085,undacja Salony
fe27a111-7636-4f82-b0f1-32a7d714c085,Instytutem Sztuk Wizualnych
ff086efd-fce7-42fe-8e82-89a5b24a6eef,Katedrze Fizjologii Człowieka
ff086efd-fce7-42fe-8e82-89a5b24a6eef,CM UMK
ff26c1aa-25ca-4765-870a-0c933dcab62e,In
ff26c1aa-25ca-4765-870a-0c933dcab62e,stytucie Fizyki UJK
ff57f7b4-6a4d-4a42-8229-63732e2f83ec,Lin
ff57f7b4-6a4d-4a42-8229-63732e2f83ec,SAMtools utili
ff57f7b4-6a4d-4a42-8229-63732e2f83ec,Dropbox
ff725e09-d0d2-4eda-952a-dbf095274a72,Roztoczański Park Narodowy
ff725e09-d0d2-4eda-952a-dbf095274a72,TRB”R”.
ff725e09-d0d2-4eda-952a-dbf095274a72,B
ff725e09-d0d2-4eda-952a-dbf095274a72,R
ff9cee9c-b03b-49ca-b1f9-daa2baa05964,"Wydział Nauk Prawnych, Społecznych i Humanistycznych KPSW"
ff9cee9c-b03b-49ca-b1f9-daa2baa05964,U
ff9cee9c-b03b-49ca-b1f9-daa2baa05964,rząd Unii Europejskiej ds Własności Intelektualnej
ffaaed8e-1361-4293-bb11-c9e47f98e8d0,Na
ffaaed8e-1361-4293-bb11-c9e47f98e8d0,rodowe Centrum Badań i Rozwoju
ffabf1ae-d31f-43db-93ea-df8e7f5c9456,Tripadvisor
ffafd7f0-5d95-4e80-9ce8-cd164d68c3e2,IUCN
ffafd7f0-5d95-4e80-9ce8-cd164d68c3e2,Lasów
ffc4c9a0-1c54-4a02-9ad5-5a7b3746da9b,Urzędu Że
ffe0c3a8-94f9-4bd0-b71b-ed143e2ec7f1,Science
ffe0c3a8-94f9-4bd0-b71b-ed143e2ec7f1,„ScienceDaily
ffe0c3a8-94f9-4bd0-b71b-ed143e2ec7f1,Discover Magazine
ffe0c3a8-94f9-4bd0-b71b-ed143e2ec7f1,Ocean Acidification International Coordination Center
ffe0c3a8-94f9-4bd0-b71b-ed143e2ec7f1,Climatechange.ie
ffe0c3a8-94f9-4bd0-b71b-ed143e2ec7f1,École polytechnique fédérale de Lausanne
ffe0c3a8-94f9-4bd0-b71b-ed143e2ec7f1,University
fffc2b97-1238-4ab5-acaa-1baa2417f64b,iung
