ICS_ID,ORG_Entity,Cleaned_Entity,entity_lower,Is_Academic,Lemma_Entity,Lemma_Cleaned,Matched_Category
00153fbd-82f7-48c4-b5bd-e830bc390244,Med,Med,med,False,med,med,Other / Unclear
00153fbd-82f7-48c4-b5bd-e830bc390244,NATURE,NATURE,nature,False,nature,nature,Other / Unclear
00901439-d91a-48e0-903a-26a4253c3a0c,Inter,Inter,inter,False,inter,inter,Other / Unclear
00a8ec3d-d9ed-4754-8ec0-0e1835125d89,śródląd,śródląd,śródląd,False,śródląd,śródląd,Other / Unclear
00be555b-d946-4277-9aa3-974fbdf4a04b,Maxa,Maxa,maxa,False,Max,Max,Other / Unclear
00be555b-d946-4277-9aa3-974fbdf4a04b,INFARMA,INFARMA,infarma,False,infarma,infarma,Other / Unclear
0115f663-3b9a-4ff0-a84c-b0ceffb894d7,Biuletynu Historii Pogranicza,Biuletynu Historii Pogranicza,biuletynu historii pogranicza,False,biuletyn historia pogranicza,biuletyn historia pogranicza,Other / Unclear
0115f663-3b9a-4ff0-a84c-b0ceffb894d7,Sybir,Sybir,sybir,False,sybir,sybir,Other / Unclear
0115f663-3b9a-4ff0-a84c-b0ceffb894d7,„Zesłaniec,Zesłaniec,zesłaniec,False,zesłaniec,zesłaniec,Other / Unclear
014e7d4e-524b-4ed6-9bbf-37a69ac17746,Dz.U,Dz.U,dz.u,False,Dz . u,Dz . u,Other / Unclear
014e7d4e-524b-4ed6-9bbf-37a69ac17746,5 Wileńskiej Brygady,5 Wileńskiej Brygady,5 wileńskiej brygady,False,5 wileńsko brygada,5 wileńsko brygada,Other / Unclear
0150c37c-4b67-4a47-8e28-048cbe837e67,sty,sty,sty,False,sty,sty,Other / Unclear
0150c37c-4b67-4a47-8e28-048cbe837e67,tut Ogrodnictwa w,tut Ogrodnictwa w,tut ogrodnictwa w,False,tut ogrodnictwo w,tut ogrodnictwo w,Other / Unclear
0150c37c-4b67-4a47-8e28-048cbe837e67,erniewic,erniewic,erniewic,False,erniewic,erniewic,Other / Unclear
0150c37c-4b67-4a47-8e28-048cbe837e67,za Żaden Poland Sp. z.o.o.,za Żaden Poland Sp. z.o.o.,za żaden poland sp. z.o.o.,False,za żaden poland Sp . z.o.o .,za żaden poland Sp . z.o.o. .,Other / Unclear
0150c37c-4b67-4a47-8e28-048cbe837e67,rupa Producencka VegaPOL,rupa Producencka VegaPOL,rupa producencka vegapol,False,rupa producencka vegapol,rupa producencka vegapol,Other / Unclear
0150c37c-4b67-4a47-8e28-048cbe837e67,G.O. Budyta,G.O. Budyta,g.o. budyta,False,G. o . budyta,G. o . budyta,Other / Unclear
0150c37c-4b67-4a47-8e28-048cbe837e67,G.O. Kociszewski,G.O. Kociszewski,g.o. kociszewski,False,G . o . kociszewski,G . o . kociszewski,Other / Unclear
0150c37c-4b67-4a47-8e28-048cbe837e67,Citronex,Citronex,citronex,False,citronex,citronex,Other / Unclear
0150c37c-4b67-4a47-8e28-048cbe837e67,G.O.Łotwa,G.O.Łotwa,g.o.łotwa,False,gio . łotwa,gio . łotwa,Other / Unclear
0150c37c-4b67-4a47-8e28-048cbe837e67,G.O. Kazach,G.O. Kazach,g.o. kazach,False,G. o . kaza,G. o . kaza,Other / Unclear
0188586e-eb3c-4959-aade-cf1a5602786f,Manufaktury,Manufaktury,manufaktury,False,manufaktura,manufaktura,Other / Unclear
0188586e-eb3c-4959-aade-cf1a5602786f,Cyfry +,Cyfry,cyfry,False,cyfry,cyfry,Other / Unclear
0188586e-eb3c-4959-aade-cf1a5602786f,Plebiscy,Plebiscy,plebiscy,False,plebiscy,plebiscy,Other / Unclear
01fb40a7-674a-44a7-8e0d-06324491ff6c,Centralnej Kapituły,Centralnej Kapituły,centralnej kapituły,False,centralny kapituły,centralny kapituły,Other / Unclear
02296ce6-c6f7-48cf-9179-68a865c9db2d,Biuletyn Polonistyczny,Biuletyn Polonistyczny,biuletyn polonistyczny,False,biuletyn polonistyczny,biuletyn polonistyczny,Other / Unclear
02296ce6-c6f7-48cf-9179-68a865c9db2d,OpenEdition,OpenEdition,openedition,False,openedition,openedition,Other / Unclear
02296ce6-c6f7-48cf-9179-68a865c9db2d,CIN,CIN,cin,False,cją,cją,Other / Unclear
02b3f0f1-1f26-416a-bf34-b23da0637c74,Dbam o Mój Z@sięg,Dbam o Mój Z@sięg,dbam o mój z@sięg,False,dbam o mój z@sięg,dbam o mój z@sięg,Other / Unclear
02c005d3-2291-4cea-bfd5-f5cf9e555d98,Order,Order,order,False,order,order,Other / Unclear
02ccc353-72f3-4e48-b9a1-a7688835d32b,TechTrends,TechTrends,techtrends,False,techtrends,techtrends,Other / Unclear
030911a4-6da1-418c-9abd-875109a804e4,interia.pl,interia.pl,interia.pl,False,interia.pl,interia.pl,Other / Unclear
030911a4-6da1-418c-9abd-875109a804e4,gość.pl,gość.pl,gość.pl,False,gość .pl,gość .pl,Other / Unclear
030911a4-6da1-418c-9abd-875109a804e4,natemat.pl,natemat.pl,natemat.pl,False,natemat.pl,natemat.pl,Other / Unclear
030911a4-6da1-418c-9abd-875109a804e4,niedziela.pl,niedziela.pl,niedziela.pl,False,niedziela.pl,niedziela.pl,Other / Unclear
0333ac8f-0dec-4502-b723-bb2ebd27e77f,Ann Transpl,Ann Transpl,ann transpl,False,ann transpl,ann transpl,Other / Unclear
0333ac8f-0dec-4502-b723-bb2ebd27e77f,World J,World J,world j,False,World J,World J,Other / Unclear
0333ac8f-0dec-4502-b723-bb2ebd27e77f,Ann Surg Onc,Ann Surg Onc,ann surg onc,False,ann surg onc,ann surg onc,Other / Unclear
0333ac8f-0dec-4502-b723-bb2ebd27e77f,Ann Surg,Ann Surg,ann surg,False,ann surg,ann surg,Other / Unclear
0333ac8f-0dec-4502-b723-bb2ebd27e77f,Sci Rep,Sci Rep,sci rep,False,sto rep,sto rep,Other / Unclear
03821e3d-73e7-41d3-a2b0-7cf96b6a1236,World Meteorological Organization,World Meteorological Organization,world meteorological organization,False,World meteorological organization,World meteorological organization,Other / Unclear
03821e3d-73e7-41d3-a2b0-7cf96b6a1236,UNF,UNF,unf,False,UNF,UNF,Other / Unclear
03c05ae8-25f0-4b27-ae9e-8f7e203246a8,zkołę,zkołę,zkołę,False,zkołę,zkołę,Other / Unclear
044f160a-e4a0-46e0-88c6-02cc0859ee0d,Zespo,Zespo,zespo,False,zespo,zespo,Other / Unclear
044f160a-e4a0-46e0-88c6-02cc0859ee0d,ACCREA Bartłomiej Stanczyk,ACCREA Bartłomiej Stanczyk,accrea bartłomiej stanczyk,False,accrea bartłomie stanczyk,accrea bartłomie stanczyk,Other / Unclear
044f160a-e4a0-46e0-88c6-02cc0859ee0d,YouTube,YouTube,youtube,False,YouTube,YouTube,Other / Unclear
04a35915-91e4-499b-8e37-c53ce6948919,RADWAR SA.,RADWAR SA.,radwar sa.,False,radwar SA .,radwar SA .,Other / Unclear
04a35915-91e4-499b-8e37-c53ce6948919,RONTEX,RONTEX,rontex,False,rontex,rontex,Other / Unclear
04a6d3cb-93f0-4535-b923-4515cb01d780,YSMEL,YSMEL,ysmel,False,ysmel,ysmel,Other / Unclear
04e099a7-5c21-4129-a623-091886cc113d,Uniwersytecie Witolda Wielkiego,Uniwersytecie Witolda Wielkiego,uniwersytecie witolda wielkiego,False,uniwersytet Witold wielki,uniwersytet Witold wielki,Other / Unclear
04e099a7-5c21-4129-a623-091886cc113d,Uniwersytecie,Uniwersytecie,uniwersytecie,False,uniwersytet,uniwersytet,Other / Unclear
04e099a7-5c21-4129-a623-091886cc113d,Długos,Długos,długos,False,długos,długos,Other / Unclear
04f6836e-0f80-48d3-b64d-37bd4949ffa3,owi,owi,owi,False,ów,ów,Other / Unclear
04f6836e-0f80-48d3-b64d-37bd4949ffa3,zor,zor,zor,False,zora,zora,Other / Unclear
04f6836e-0f80-48d3-b64d-37bd4949ffa3,Badawczy,Badawczy,badawczy,False,badawczy,badawczy,Other / Unclear
05412fa3-afb4-4791-b227-cb8dcc762465,Film,Film,film,False,film,film,Other / Unclear
05412fa3-afb4-4791-b227-cb8dcc762465,Łódź Film School,Łódź Film School,łódź film school,False,łódź film school,łódź film school,Other / Unclear
054916cc-5ec3-482c-8bde-0b61ccbac164,RICA,RICA,rica,False,rica,rica,Other / Unclear
0578fef8-5270-4ddb-b2bc-55df038dc5f7,Zakładach Górniczych KGHM Polska Miedź S.A,Zakładach Górniczych KGHM Polska Miedź S.A,zakładach górniczych kghm polska miedź s.a,False,zakład górnicze KGHM Polska miedź S . a,zakład górnicze KGHM Polska miedź S . a,Other / Unclear
05889807-e21b-4efe-8ec1-ba1ee3c79fe6,KrioSystem - Polska,KrioSystem - Polska,kriosystem - polska,False,KrioSystem - Polska,KrioSystem - Polska,Other / Unclear
05cfce2d-3eb8-4f5b-a50d-1403186f06b0,iDN,iDN,idn,False,idny_pocincy,idny_pocincy,Other / Unclear
05cfce2d-3eb8-4f5b-a50d-1403186f06b0,Min. Rozwoju,Min. Rozwoju,min. rozwoju,False,min . rozwój,min . rozwój,Other / Unclear
05de10ff-f49a-4ae9-a488-855f9273d25c,Nie,Nie,nie,False,nie,nie,Other / Unclear
05de10ff-f49a-4ae9-a488-855f9273d25c,Galilea,Galilea,galilea,False,galilea,galilea,Other / Unclear
05de10ff-f49a-4ae9-a488-855f9273d25c,Don Bosco,Don Bosco,don bosco,False,don bosco,don bosco,Other / Unclear
05de10ff-f49a-4ae9-a488-855f9273d25c,Brac,Brac,brac,False,brac,brac,Other / Unclear
05de10ff-f49a-4ae9-a488-855f9273d25c,Słowa Bożego,Słowa Bożego,słowa bożego,False,słowo boży,słowo boży,Other / Unclear
05de10ff-f49a-4ae9-a488-855f9273d25c,ekai.,ekai.,ekai.,False,ekai .,ekai .,Other / Unclear
05de10ff-f49a-4ae9-a488-855f9273d25c,Pastores,Pastores,pastores,False,pastores,pastores,Other / Unclear
05de10ff-f49a-4ae9-a488-855f9273d25c,Now,Now,now,False,nowa,nowa,Other / Unclear
060ee746-fc27-4dac-84dd-0e4205a18009,Forbes Women,Forbes Women,forbes women,False,Forbes women,Forbes women,Other / Unclear
06e27eda-694f-4b93-9365-a6edcc7eac1d,Mate,Mate,mate,False,mate,mate,Other / Unclear
06ecbbeb-a9a6-405f-94b3-a6fb0c9f7bc6,Gospodarki Mieszkaniowej TBS,Gospodarki Mieszkaniowej TBS,gospodarki mieszkaniowej tbs,False,gospodarka mieszkaniowy tos,gospodarka mieszkaniowy tos,Other / Unclear
06ecbbeb-a9a6-405f-94b3-a6fb0c9f7bc6,Miejski,Miejski,miejski,False,miejski,miejski,Other / Unclear
06ecbbeb-a9a6-405f-94b3-a6fb0c9f7bc6,Funda,Funda,funda,False,funda,funda,Other / Unclear
06ecbbeb-a9a6-405f-94b3-a6fb0c9f7bc6,dla Rozwoju,dla Rozwoju,dla rozwoju,False,dla rozwój,dla rozwój,Other / Unclear
06ecbbeb-a9a6-405f-94b3-a6fb0c9f7bc6,Nikosia,Nikosia,nikosia,False,nikosia,nikosia,Other / Unclear
07057f07-89f3-442c-9c1a-c0b8758b516e,Inżynierii produkcji,Inżynierii produkcji,inżynierii produkcji,False,inżynierii produkcja,inżynierii produkcja,Other / Unclear
074dbb57-9820-44b5-9c41-79ce7080f05e,Zakład Gospodarki Komunalnej,Zakład Gospodarki Komunalnej,zakład gospodarki komunalnej,False,zakład gospodarka komunalny,zakład gospodarka komunalny,Other / Unclear
07574562-5d88-4aa3-8db3-705f01b8d3fb,pienza,pienza,pienza,False,pienza,pienza,Other / Unclear
079cb2c5-85e8-48b6-a823-bb99e1ca925c,Seidel-Przywecki,Seidel-Przywecki,seidel-przywecki,False,seidel - przywecki,seidel - przywecki,Other / Unclear
079cb2c5-85e8-48b6-a823-bb99e1ca925c,AQUA PARTNER s.c,AQUA PARTNER s.c,aqua partner s.c,False,aqua partner s.c,aqua partner s.c,Other / Unclear
079cb2c5-85e8-48b6-a823-bb99e1ca925c,Oczyszczalni Ścieków WARTA SA.,Oczyszczalni Ścieków WARTA SA.,oczyszczalni ścieków warta sa.,False,oczyszczalnia Ścieków warta SA .,oczyszczalnia Ścieków warta SA .,Other / Unclear
089d3760-fa2c-454d-8026-fac1384aa98f,sensdx,sensdx,sensdx,False,sensdx,sensdx,Other / Unclear
08a3e25a-22a0-479e-9705-97baed9dbf3f,Zespołów Roboczych KE,Zespołów Roboczych KE,zespołów roboczych ke,False,zespołów robocze KE,zespołów robocze KE,Other / Unclear
08b381a0-b432-46b4-81fb-c87e3cc65850,cra,cra,cra,False,cra,cra,Other / Unclear
08b381a0-b432-46b4-81fb-c87e3cc65850,amovo,amovo,amovo,False,amovo,amovo,Other / Unclear
08b381a0-b432-46b4-81fb-c87e3cc65850,pelcra.pl,pelcra.pl,pelcra.pl,False,pelcra.pl,pelcra.pl,Other / Unclear
08f0dcc0-8c8b-4969-b498-6b10709a5f72,nto.pl,nto.pl,nto.pl,False,nto.pl,nto.pl,Other / Unclear
08ffeb27-7093-4dcd-8e09-e1cea1e11c20,Elsevier Ltd,Elsevier Ltd,elsevier ltd,False,elsevier Li_typtap,elsevier Li_typtap,Other / Unclear
08ffeb27-7093-4dcd-8e09-e1cea1e11c20,EPA-Environmental Protection Agency,EPA-Environmental Protection Agency,epa-environmental protection agency,False,epa - environmental protection agency,epa - environmental protection agency,Other / Unclear
093fe66e-5a4f-4e3a-b8bc-0b422fe35747,ChZZ,ChZZ,chzz,False,Cez,Cez,Other / Unclear
09e47b4f-37eb-4513-b2c1-1c18254dd50f,Park,Park,park,False,park,park,Other / Unclear
0a4018bd-5d24-459f-b5f2-512e7e9e1c3d,tok,tok,tok,False,tok,tok,Other / Unclear
0a4018bd-5d24-459f-b5f2-512e7e9e1c3d,wymiaru sprawiedliwości,wymiaru sprawiedliwości,wymiaru sprawiedliwości,False,wymiar sprawiedliwość,wymiar sprawiedliwość,Other / Unclear
0a88ad9c-4b17-4772-871a-bb16c557f127,Chor,Chor,chor,False,chor,chor,Other / Unclear
0a88ad9c-4b17-4772-871a-bb16c557f127,Pie,Pie,pie,False,pie,pie,Other / Unclear
0a88ad9c-4b17-4772-871a-bb16c557f127,gierskiego,gierskiego,gierskiego,False,gierski,gierski,Other / Unclear
0a88ad9c-4b17-4772-871a-bb16c557f127,wiatu Somogy,wiatu Somogy,wiatu somogy,False,wiat somogy,wiat somogy,Other / Unclear
0a9988d4-5f02-4953-af8d-ebc54032aef7,stytucie Psychologii UKSW,stytucie Psychologii UKSW,stytucie psychologii uksw,False,stytucie psychologie uksw,stytucie psychologie uksw,Other / Unclear
0a9988d4-5f02-4953-af8d-ebc54032aef7,Personality and Individual Differences,Personality and Individual Differences,personality and individual differences,False,personalit and individual differences,personalit and individual differences,Other / Unclear
0ab0b8b1-b211-42d2-94a1-2551a3188935,PI PIB,PI PIB,pi pib,False,PI PIB,PI PIB,Other / Unclear
0ac9e6a6-7808-4a79-9735-7b0545276c4a,SiGW,SiGW,sigw,False,sigw,sigw,Other / Unclear
0ace3dfd-4c81-4e06-80ae-de7b61744c39,Środowisko,Środowisko,środowisko,False,środowisko,środowisko,Other / Unclear
0acec45c-0350-4176-a88d-5990900d8d3e,„Bel Canto,Bel Canto,bel canto,False,bel canto,bel canto,Other / Unclear
0ade2835-230b-4879-8e64-56c8adbc0f50,Pielęgniarek i Położnych,Pielęgniarek i Położnych,pielęgniarek i położnych,False,pielęgniarka i położna,pielęgniarka i położna,Other / Unclear
0ade2835-230b-4879-8e64-56c8adbc0f50,Biulety,Biulety,biulety,False,biulety,biulety,Other / Unclear
0ade2835-230b-4879-8e64-56c8adbc0f50,Lekar,Lekar,lekar,False,lekar,lekar,Other / Unclear
0b3740ce-6d69-4dd7-9602-03de82701a57,DIS,DIS,dis,False,dek,dek,Other / Unclear
0b98bc5f-95ca-4d89-a734-52b71652bd7f,„Echo Katolickie,Echo Katolickie,echo katolickie,False,echo katolickie,echo katolickie,Other / Unclear
0b9c852a-2f7d-40fa-b16e-417cc6e39958,"Beijing EDE Co, Ltd.","Beijing EDE Co, Ltd.","beijing ede co, ltd.",False,"beijing ed co , Li_typtap .","beijing ed co , Li_typtap .",Other / Unclear
0b9c852a-2f7d-40fa-b16e-417cc6e39958,GIG Katowice,GIG Katowice,gig katowice,False,gig katowice,gig katowice,Other / Unclear
0bb64487-2dc2-4bfb-a922-24b8a43bac80,Koordynację jednego,Koordynację jednego,koordynację jednego,False,koordynację jeden,koordynację jeden,Other / Unclear
0bcb718c-bb27-4918-9e7c-3065d068951e,jum EU SST,jum EU SST,jum eu sst,False,jum ey sst,jum ey sst,Other / Unclear
0bd25e4e-95cd-4980-b399-1c5777150ae4,lozo,lozo,lozo,False,lozo,lozo,Other / Unclear
0bd61b6d-8375-41cf-8ce8-fb7742df21fe,EEE,EEE,eee,False,eek,eek,Other / Unclear
0bd61b6d-8375-41cf-8ce8-fb7742df21fe,siemens,siemens,siemens,False,siemens,siemens,Other / Unclear
0bec481a-5281-4e15-8078-78eb94746eb2,opengranary.com,opengranary.com,opengranary.com,False,opengranary .com,opengranary .com,Other / Unclear
0bec481a-5281-4e15-8078-78eb94746eb2,MIT,MIT,mit,False,mit,mit,Other / Unclear
0c0809ca-b435-4e0d-9ba4-83c87f739df5,Jedno,Jedno,jedno,False,jedno,jedno,Other / Unclear
0c357f8c-b268-458d-8571-32c1ec9ed2d1,Covid,Covid,covid,False,covid,covid,Other / Unclear
0c54b7a8-5f21-4368-a864-645dfc444ea7,gran,gran,gran,False,gran,gran,Other / Unclear
0c54b7a8-5f21-4368-a864-645dfc444ea7,sza,sza,sza,False,sza,sza,Other / Unclear
0c54b7a8-5f21-4368-a864-645dfc444ea7,Funk,Funk,funk,False,funk,funk,Other / Unclear
0cc60539-3ca0-46e8-912c-53eaea70ea02,ürz,ürz,ürz,False,ürz,ürz,Other / Unclear
0cc60539-3ca0-46e8-912c-53eaea70ea02,nanoplus,nanoplus,nanoplus,False,nanoplus,nanoplus,Other / Unclear
0cc60539-3ca0-46e8-912c-53eaea70ea02,iCspec,iCspec,icspec,False,icspec,icspec,Other / Unclear
0ce13c68-fe79-4cd5-8171-14bd21e082b9,Harmonia Universalis,Harmonia Universalis,harmonia universalis,False,harmonia universalis,harmonia universalis,Other / Unclear
0ceb76c6-79a7-404b-bdcd-8c712d0cb473,Kancelarii,Kancelarii,kancelarii,False,kancelaria,kancelaria,Other / Unclear
0d03410b-e7a6-4935-a51b-7b6017cd1e00,szech,szech,szech,False,szecho,szecho,Other / Unclear
0d78ff8f-4c47-4edd-b281-3bbb47557851,Praw,Praw,praw,False,prawo,prawo,Other / Unclear
0d78ff8f-4c47-4edd-b281-3bbb47557851,Kanoni,Kanoni,kanoni,False,kanoni,kanoni,Other / Unclear
0daff08f-8b7c-4cd2-ac7a-94ec6cd7982d,Dobrysłownik.pl,Dobrysłownik.pl,dobrysłownik.pl,False,dobrysłownik.pl,dobrysłownik.pl,Other / Unclear
0e3160d2-6cac-4289-9b23-56aa29b4a788,Główne,Główne,główne,False,główny,główny,Other / Unclear
0e3160d2-6cac-4289-9b23-56aa29b4a788,Poli,Poli,poli,False,poli,poli,Other / Unclear
0e3160d2-6cac-4289-9b23-56aa29b4a788,Centralnego Pododdziału Kontrterrorystycznego „BOA,Centralnego Pododdziału Kontrterrorystycznego „BOA,centralnego pododdziału kontrterrorystycznego „boa,False,centralny pododdział kontrterrorystyczny „ boa,centralny pododdział kontrterrorystyczny „ boa,Other / Unclear
0e759be4-eb76-4edf-99af-ef97bc0688be,stwo Gospodarki Morskiej i Żeglugi Śródlądowej,stwo Gospodarki Morskiej i Żeglugi Śródlądowej,stwo gospodarki morskiej i żeglugi śródlądowej,False,stwo gospodarka morski i żeglugi śródlądowa,stwo gospodarka morski i żeglugi śródlądowa,Other / Unclear
0f1b6221-7fa6-42be-9b6f-0dbeafa020f2,BARR,BARR,barr,False,barr,barr,Other / Unclear
0f2a835b-f917-4ccc-a725-6b8e5f830489,Party Politics,Party Politics,party politics,False,party politics,party politics,Other / Unclear
0f2a835b-f917-4ccc-a725-6b8e5f830489,PI twitter,PI twitter,pi twitter,False,PI twitter,PI twitter,Other / Unclear
0f2a835b-f917-4ccc-a725-6b8e5f830489,YouTube,YouTube,youtube,False,YouTube,YouTube,Other / Unclear
0f39e9eb-e742-4906-9688-ddfcf50514a7,VEST,VEST,vest,False,vest,vest,Other / Unclear
0f6f87a3-45e0-4ba5-91b7-9c7382575886,Fabryka Makaronu Sp. z o. o.,Fabryka Makaronu Sp. z o. o.,fabryka makaronu sp. z o. o.,False,fabryka makaron Sp . z o . o .,fabryka makaron Sp . z o . o .,Other / Unclear
0f6f87a3-45e0-4ba5-91b7-9c7382575886,POL-FOODS Sp. z o. o.,POL-FOODS Sp. z o. o.,pol-foods sp. z o. o.,False,pol-foods Sp . z o . o .,pol-foods Sp . z o . o .,Other / Unclear
0f6f87a3-45e0-4ba5-91b7-9c7382575886,Fabryka Makaronu w,Fabryka Makaronu w,fabryka makaronu w,False,fabryka makaron w,fabryka makaron w,Other / Unclear
0fa1166b-eb3c-4f9a-ae42-ce5f3d39dc89,Klastra Klucz,Klastra Klucz,klastra klucz,False,klastra klucz,klastra klucz,Other / Unclear
0fd0e80f-47e6-4f1c-b23e-ebfb788a1a9c,ULTRAGEN,ULTRAGEN,ultragen,False,ultragen,ultragen,Other / Unclear
0ff436cb-6624-4c69-a2e5-a870612941fc,Deklar,Deklar,deklar,False,deklar,deklar,Other / Unclear
10867b4d-05b2-480a-ba4a-249037290946,Prof,Prof,prof,False,profesor,profesor,Other / Unclear
10867b4d-05b2-480a-ba4a-249037290946,Jesteśmy,Jesteśmy,jesteśmy,False,być,być,Other / Unclear
10c05390-ab35-40be-824a-7d6c5d20a2a9,LBG) Kostrzyca,LBG) Kostrzyca,lbg) kostrzyca,False,LBG ) kostrzyca,LBG ) kostrzyca,Other / Unclear
10c05390-ab35-40be-824a-7d6c5d20a2a9,a Kriogenicznego Przechowywania,a Kriogenicznego Przechowywania,a kriogenicznego przechowywania,False,a kriogeniczny przechowywanie,a kriogeniczny przechowywanie,Other / Unclear
10d33af4-f099-49fa-997b-ec92c552785d,Y.Kobayashi JP,Y.Kobayashi JP,y.kobayashi jp,False,” . kobayashi JP,” . kobayashi JP,Other / Unclear
10d33af4-f099-49fa-997b-ec92c552785d,W.Weiss US,W.Weiss US,w.weiss us,False,w . Weiss US,w . Weiss US,Other / Unclear
10d33af4-f099-49fa-997b-ec92c552785d,J.M.Guillen ES,J.M.Guillen ES,j.m.guillen es,False,J.M . guillen ES,J.M . guillen ES,Other / Unclear
10d33af4-f099-49fa-997b-ec92c552785d,M.B.Wood,M.B.Wood,m.b.wood,False,melemheta . wood,melemheta . wood,Other / Unclear
10d33af4-f099-49fa-997b-ec92c552785d,K.Vasiliunas,K.Vasiliunas,k.vasiliunas,False,K . vasiliunas,K . vasiliunas,Other / Unclear
10d33af4-f099-49fa-997b-ec92c552785d,A.Candiani AR,A.Candiani AR,a.candiani ar,False,a . candiani AR,a . candiani AR,Other / Unclear
10d33af4-f099-49fa-997b-ec92c552785d,R.Papista BA,R.Papista BA,r.papista ba,False,R. papista BA,R. papista BA,Other / Unclear
10d33af4-f099-49fa-997b-ec92c552785d,M.Oliver,M.Oliver,m.oliver,False,M. oliver,M. oliver,Other / Unclear
1109d499-0c17-44a0-90a7-e193975c0665,biur,biur,biur,False,biuro,biuro,Other / Unclear
1109d499-0c17-44a0-90a7-e193975c0665,IGi,IGi,igi,False,inię,inię,Other / Unclear
110a4882-5d30-4901-8754-c18aefc2e845,CZT,CZT,czt,False,cztok_pała,cztok_pała,Other / Unclear
110bf1f8-b6d4-4174-bc02-f4a34d2d7ea8,Strategic Advisor Board,Strategic Advisor Board,strategic advisor board,False,strategic advisor board,strategic advisor board,Other / Unclear
111929dd-ed02-4972-9d3f-e4da62207982,Biura Technik Rakietowych,Biura Technik Rakietowych,biura technik rakietowych,False,biuro technika rakietowy,biuro technika rakietowy,Other / Unclear
1153d7e7-1245-41a9-b9e7-3c38253ce159,Sie,Sie,sie,False,sie,sie,Other / Unclear
11890b7d-599e-4c12-9496-c47fa3e4ad31,u Głównego PKN Orlen,u Głównego PKN Orlen,u głównego pkn orlen,False,u główny PkN Orlen,u główny PkN Orlen,Other / Unclear
11921cc2-e280-46d5-96d2-c35c8cb12ed2,Kon,Kon,kon,False,kon,kon,Other / Unclear
11921cc2-e280-46d5-96d2-c35c8cb12ed2,sorcjum ITE-PIB,sorcjum ITE-PIB,sorcjum ite-pib,False,sorcjum It -PIB,sorcjum It -PIB,Other / Unclear
119261fc-2b2f-4a53-9329-8548c86e603d,półki,półki,półki,False,półka,półka,Other / Unclear
119261fc-2b2f-4a53-9329-8548c86e603d,PREVAC,PREVAC,prevac,False,prevac,prevac,Other / Unclear
11af6545-6e32-401b-bf86-6a9c5b2f604c,Budżetu,Budżetu,budżetu,False,budżet,budżet,Other / Unclear
11af6545-6e32-401b-bf86-6a9c5b2f604c,Kujawsko-Pomor,Kujawsko-Pomor,kujawsko-pomor,False,kujawski - pomor,kujawski - pomor,Other / Unclear
124df4e2-cd70-4854-b40e-6315c8b82e62,Pachura,Pachura,pachura,False,pachura,pachura,Other / Unclear
12a0a6a6-eaa7-41b0-9ad3-757b2b83d270,Giełdzie Papierów Wartościowych,Giełdzie Papierów Wartościowych,giełdzie papierów wartościowych,False,giełdzie papier wartościowy,giełdzie papier wartościowy,Other / Unclear
130fb863-2d13-470c-bbfc-e6b9b7de8579,Polskie Tow. Astronomiczne,Polskie Tow. Astronomiczne,polskie tow. astronomiczne,False,polski tow . astronomiczne,polski tow . astronomiczne,Other / Unclear
130fb863-2d13-470c-bbfc-e6b9b7de8579,Centrum Popularyzacji Kosmosu „Planetarium -Toruń,Centrum Popularyzacji Kosmosu „Planetarium -Toruń,centrum popularyzacji kosmosu „planetarium -toruń,False,centrum popularyzacji kosmos „ planetarium - Toruń,centrum popularyzacji kosmos „ planetarium - Toruń,Other / Unclear
130fb863-2d13-470c-bbfc-e6b9b7de8579,I LO im. M. Kopernika,I LO im. M. Kopernika,i lo im. m. kopernika,False,i LO on . M . kopernik,i LO on . M . kopernik,Other / Unclear
13418065-d08f-43c7-bfee-19ae1b581eaa,jskie Ugrupowanie Współpracy terytorialnej TRITIA,jskie Ugrupowanie Współpracy terytorialnej TRITIA,jskie ugrupowanie współpracy terytorialnej tritia,False,jskie ugrupowanie współpracy terytorialna tritia,jskie ugrupowanie współpracy terytorialna tritia,Other / Unclear
13418065-d08f-43c7-bfee-19ae1b581eaa,Partner,Partner,partner,False,partner,partner,Other / Unclear
13f8bfdc-47cb-4bf7-a291-42f0e1a64ab0,Grup,Grup,grup,False,grup,grup,Other / Unclear
13f8bfdc-47cb-4bf7-a291-42f0e1a64ab0,Koksowni Przyjaź,Koksowni Przyjaź,koksowni przyjaź,False,koksowni przyjaź,koksowni przyjaź,Other / Unclear
13f8bfdc-47cb-4bf7-a291-42f0e1a64ab0,Elektrowni Be,Elektrowni Be,elektrowni be,False,elektrowni Be,elektrowni Be,Other / Unclear
13f8bfdc-47cb-4bf7-a291-42f0e1a64ab0,Koksowni „Przyjaźń”,Koksowni „Przyjaźń,koksowni „przyjaźń,False,koksowni „ przyjaźń,koksowni „ przyjaźń,Other / Unclear
13f8bfdc-47cb-4bf7-a291-42f0e1a64ab0,PGE Elektro,PGE Elektro,pge elektro,False,PGE elektro,PGE elektro,Other / Unclear
13f8bfdc-47cb-4bf7-a291-42f0e1a64ab0,BAT,BAT,bat,False,bat_zycater,bat_zycater,Other / Unclear
14116e79-3a7b-40a6-8174-72ca549b962e,The Frederic Chopin Foundation in Taipei,The Frederic Chopin Foundation in Taipei,the frederic chopin foundation in taipei,False,The frederic Chopin foundation inny taipei,The frederic Chopin foundation inny taipei,Other / Unclear
14144ab6-1273-4a08-add5-0a40061a2ece,UWr.,UWr.,uwr.,False,uwo .,uwo .,Other / Unclear
148b0039-5059-4cf6-b5e7-2f604ec0c470,Operator,Operator,operator,False,operator,operator,Other / Unclear
148b0039-5059-4cf6-b5e7-2f604ec0c470,Sieci Przesyłowej,Sieci Przesyłowej,sieci przesyłowej,False,sieć przesyłowa,sieć przesyłowa,Other / Unclear
149071c8-b179-4b9d-925c-f496fcf94a55,Wsparcia Biznesu,Wsparcia Biznesu,wsparcia biznesu,False,wsparcia biznes,wsparcia biznes,Other / Unclear
14fd690e-f77c-43ce-b112-4bd79fdd54bb,Portal,Portal,portal,False,portal,portal,Other / Unclear
15385291-2453-41aa-b6e9-127acf84ca42,Min. Finansów,Min. Finansów,min. finansów,False,min . finanse,min . finanse,Other / Unclear
153c5e51-6fc8-4a9a-87b6-602af62ca567,MARIA,MARIA,maria,False,Maria,Maria,Other / Unclear
153c5e51-6fc8-4a9a-87b6-602af62ca567,SOP,SOP,sop,False,SOP,SOP,Other / Unclear
155b1a9a-978c-4453-811d-5f954b45db8e,ełda Papierów Wartościowych w Warszawie,ełda Papierów Wartościowych w Warszawie,ełda papierów wartościowych w warszawie,False,ełda papier wartościowy w Warszawa,ełda papier wartościowy w Warszawa,Other / Unclear
156b1971-b660-4a5a-9a06-dd25804d1db4,Pro,Pro,pro,False,pro,pro,Other / Unclear
156b1971-b660-4a5a-9a06-dd25804d1db4,kuraturze,kuraturze,kuraturze,False,kuraturze,kuraturze,Other / Unclear
158f989c-accb-4681-96f1-1f89d68a9395,Digital Core Design,Digital Core Design,digital core design,False,digital core designo,digital core designo,Other / Unclear
15a790e9-1b48-44e9-960b-cc6d0862a980,glu,glu,glu,False,glu,glu,Other / Unclear
15a790e9-1b48-44e9-960b-cc6d0862a980,dowej,dowej,dowej,False,dowa,dowa,Other / Unclear
160fd577-fc07-4eda-afba-f95d478cd69d,stytucie Informatyki UPH,stytucie Informatyki UPH,stytucie informatyki uph,False,stytucie informatyka goh,stytucie informatyka goh,Other / Unclear
160fd577-fc07-4eda-afba-f95d478cd69d,math,math,math,False,math,math,Other / Unclear
161645c8-784b-413c-b6bc-6215b20a25a2,Platform,Platform,platform,False,platform,platform,Other / Unclear
161645c8-784b-413c-b6bc-6215b20a25a2,pzlow,pzlow,pzlow,False,pzlow,pzlow,Other / Unclear
167a760a-2b06-4046-b627-e8fbf670e768,S3D,S3D,s3d,False,S3d,S3d,Other / Unclear
167a760a-2b06-4046-b627-e8fbf670e768,Uniwers,Uniwers,uniwers,False,uniwers,uniwers,Other / Unclear
16b30a7c-87fe-4a1f-9909-608701b9d7e2,Opery,Opery,opery,False,opery,opery,Other / Unclear
16d47d5e-cf4c-4057-ba18-165647430ef3,Archeologia Żywa,Archeologia Żywa,archeologia żywa,False,archeologia żywa,archeologia żywa,Other / Unclear
1722c314-bdb5-4b70-ab28-971da356891a,Dr.Schneider Polska,Dr.Schneider Polska,dr.schneider polska,False,doktor . Schneider Polska,doktor . Schneider Polska,Other / Unclear
172ac364-ac61-406d-a0e1-fcdade9bf33e,dzict,dzict,dzict,False,dzict,dzict,Other / Unclear
17be57f3-3f51-486e-a149-4480d6a80484,Sojusznicze Dowództwo ds. Transformacji,Sojusznicze Dowództwo ds. Transformacji,sojusznicze dowództwo ds. transformacji,False,sojusznicze dowództwo do_spraw . transformacja,sojusznicze dowództwo ds. transformacja,Other / Unclear
18120af7-0dc3-4217-8f5a-7046b5d49b16,Mie,Mie,mie,False,mie,mie,Other / Unclear
185435c5-b3e1-42b0-ab17-8bfd66bb3d42,BWA Rzesz,BWA Rzesz,bwa rzesz,False,BWA rzesz,BWA rzesz,Other / Unclear
185435c5-b3e1-42b0-ab17-8bfd66bb3d42,SzymbART,SzymbART,szymbart,False,szymbart,szymbart,Other / Unclear
185435c5-b3e1-42b0-ab17-8bfd66bb3d42,Galleria r_z,Galleria r_z,galleria r_z,False,galleria r_z,galleria r_z,Other / Unclear
185435c5-b3e1-42b0-ab17-8bfd66bb3d42,Biuro Wystaw Artystycnych,Biuro Wystaw Artystycnych,biuro wystaw artystycnych,False,biuro wystaw artystycny,biuro wystaw artystycny,Other / Unclear
185435c5-b3e1-42b0-ab17-8bfd66bb3d42,Por,Por,por,False,por,por,Other / Unclear
18beea96-9411-4410-8808-9891f2759782,Google Analitics,Google Analitics,google analitics,False,Google analitics,Google analitics,Other / Unclear
18bf299f-8088-474c-ae00-e37b36e782a6,Dziennik Bałtycki,Dziennik Bałtycki,dziennik bałtycki,False,dziennik bałtycki,dziennik bałtycki,Other / Unclear
18d2a915-e65f-4a02-82b1-84d838717868,Wspólnicy,Wspólnicy,wspólnicy,False,wspólnica,wspólnica,Other / Unclear
18f5f46d-9d49-4627-bfdc-36cfa0d17d58,Pro,Pro,pro,False,pro,pro,Other / Unclear
18f5f46d-9d49-4627-bfdc-36cfa0d17d58,c. Soc. Behav. Sci.,c. Soc. Behav. Sci.,c. soc. behav. sci.,False,c . soc . behav . sto .,c . soc . behav . sto .,Other / Unclear
18f5f46d-9d49-4627-bfdc-36cfa0d17d58,ichf,ichf,ichf,False,ichfpytuma,ichfpytuma,Other / Unclear
18f5f46d-9d49-4627-bfdc-36cfa0d17d58,edu,edu,edu,False,edu,edu,Other / Unclear
18f5f46d-9d49-4627-bfdc-36cfa0d17d58,ScienceDaily,ScienceDaily,sciencedaily,False,scienceDaily,scienceDaily,Other / Unclear
1985f947-24a8-4cf4-b986-2c25ffcc1cb9,BMC Nursing,BMC Nursing,bmc nursing,False,bocent nursing,bocent nursing,Other / Unclear
19c5ba9c-5ba2-4d89-a457-41a79ddfe7ce,ERGO Plus Polska,ERGO Plus Polska,ergo plus polska,False,erzo Plus Polska,erzo Plus Polska,Other / Unclear
19c5ba9c-5ba2-4d89-a457-41a79ddfe7ce,Budownictwa,Budownictwa,budownictwa,False,budownictwo,budownictwo,Other / Unclear
19f5b24a-fb97-46bf-8ded-6a4569dd79d5,SIWZ,SIWZ,siwz,False,SIWZ,SIWZ,Other / Unclear
19f5b24a-fb97-46bf-8ded-6a4569dd79d5,IBS,IBS,ibs,False,IBS,IBS,Other / Unclear
19f71e9a-2243-4714-97d4-c7f5b0b28dfe,Warszawski,Warszawski,warszawski,False,warszawski,warszawski,Other / Unclear
19f71e9a-2243-4714-97d4-c7f5b0b28dfe,enex&co,enex&co,enex&co,False,enex &co,enex &co,Other / Unclear
1a1b1732-4006-493f-96ee-999c3bb5a10c,ds. Reformy Nadzoru Właścicielskiego,ds. Reformy Nadzoru Właścicielskiego,ds. reformy nadzoru właścicielskiego,False,do_spraw . reforma nadzór właścicielski,ds. reforma nadzór właścicielski,Other / Unclear
1a1b1732-4006-493f-96ee-999c3bb5a10c,Handlowego,Handlowego,handlowego,False,handlowego,handlowego,Other / Unclear
1a3146bd-083c-40e9-92ce-ccfa46464e76,YouTube,YouTube,youtube,False,YouTube,YouTube,Other / Unclear
1a35317d-30ea-4ef7-b68c-c073d5b8151f,EMC,EMC,emc,False,EMC,EMC,Other / Unclear
1a55d679-7153-43d5-a3ec-7a821abc098f,„Solidarności,Solidarności,solidarności,False,solidarność,solidarność,Other / Unclear
1a5a3b0a-7693-4e24-8df2-493172ea9841,Dziedzictwa Kulinarnego,Dziedzictwa Kulinarnego,dziedzictwa kulinarnego,False,dziedzictwo kulinarny,dziedzictwo kulinarny,Other / Unclear
1a5a3b0a-7693-4e24-8df2-493172ea9841,Piekarnia Delicja,Piekarnia Delicja,piekarnia delicja,False,piekarnia delicja,piekarnia delicja,Other / Unclear
1a8649fd-52e2-40e1-b395-fe26a20455b2,Zmodyfikowanych Mikroorganizmów,Zmodyfikowanych Mikroorganizmów,zmodyfikowanych mikroorganizmów,False,zmodyfikowany mikroorganizm,zmodyfikowany mikroorganizm,Other / Unclear
1a8b9be6-376b-4e91-b39a-ee3f7a22c81a,Gambero Rosso,Gambero Rosso,gambero rosso,False,gambero rosso,gambero rosso,Other / Unclear
1a8b9be6-376b-4e91-b39a-ee3f7a22c81a,Epoka,Epoka,epoka,False,epoka,epoka,Other / Unclear
1a8b9be6-376b-4e91-b39a-ee3f7a22c81a,Comp,Comp,comp,False,compycpyptorycpa,compycpyptorycpa,Other / Unclear
1a8b9be6-376b-4e91-b39a-ee3f7a22c81a,fercul,fercul,fercul,False,fercul,fercul,Other / Unclear
1a8b9be6-376b-4e91-b39a-ee3f7a22c81a,Instytucie Kulinarnym,Instytucie Kulinarnym,instytucie kulinarnym,False,instytut kulinarnym,instytut kulinarnym,Other / Unclear
1adcf12b-1c55-4ea3-941f-03b4cc93d14d,PLASTBUD,PLASTBUD,plastbud,False,plastbud,plastbud,Other / Unclear
1adcf12b-1c55-4ea3-941f-03b4cc93d14d,UNIBUD/,UNIBUD,unibud,False,unibud,unibud,Other / Unclear
1ae882bd-afc5-4f14-8a51-cb7578b01e5e,PHU SZARŁAT,PHU SZARŁAT,phu szarłat,False,peu szarłat,peu szarłat,Other / Unclear
1ae882bd-afc5-4f14-8a51-cb7578b01e5e,MNiSW/,MNiSW,mnisw,False,mlęsto,mlęsto,Other / Unclear
1af29db2-880f-45ec-a3b1-8887f3b30863,OROUN,OROUN,oroun,False,oroun,oroun,Other / Unclear
1b550b2c-f8b2-43d1-a063-316e0cd6f64b,Laboratori,Laboratori,laboratori,False,laboratori,laboratori,Other / Unclear
1b550b2c-f8b2-43d1-a063-316e0cd6f64b,ów Celnych,ów Celnych,ów celnych,False,ów celny,ów celny,Other / Unclear
1b550b2c-f8b2-43d1-a063-316e0cd6f64b,LEN,LEN,len,False,len,len,Other / Unclear
1b550b2c-f8b2-43d1-a063-316e0cd6f64b,Farmace,Farmace,farmace,False,farmace,farmace,Other / Unclear
1b550b2c-f8b2-43d1-a063-316e0cd6f64b,tycznego,tycznego,tycznego,False,tyczny,tyczny,Other / Unclear
1b550b2c-f8b2-43d1-a063-316e0cd6f64b,Sanitar,Sanitar,sanitar,False,sanitar,sanitar,Other / Unclear
1b550b2c-f8b2-43d1-a063-316e0cd6f64b,Biuro ds. Przeciwdziałania Narkomanii,Biuro ds. Przeciwdziałania Narkomanii,biuro ds. przeciwdziałania narkomanii,False,biuro do_spraw . przeciwdziałać narkomania,biuro ds. przeciwdziałać narkomania,Other / Unclear
1b9722c2-e1d5-47f1-97b9-01a6411be16e,YouTube,YouTube,youtube,False,YouTube,YouTube,Other / Unclear
1bb58762-fcca-4d52-ad9c-435b65191511,Zeszuta/Arida,Zeszuta/Arida,zeszuta/arida,False,zeszuta / arida,zeszuta / arida,Other / Unclear
1bb58762-fcca-4d52-ad9c-435b65191511,Jedno,Jedno,jedno,False,jedno,jedno,Other / Unclear
1bb58762-fcca-4d52-ad9c-435b65191511,Rejonowe,Rejonowe,rejonowe,False,rejonowe,rejonowe,Other / Unclear
1bb58762-fcca-4d52-ad9c-435b65191511,Apelacyjne,Apelacyjne,apelacyjne,False,apelacyjne,apelacyjne,Other / Unclear
1bee6182-ded9-437c-83fc-ef8546fa41af,erum,erum,erum,False,erum,erum,Other / Unclear
1bee6182-ded9-437c-83fc-ef8546fa41af,Engineering Transactions,Engineering Transactions,engineering transactions,False,engineering transactions,engineering transactions,Other / Unclear
1bf3bcaa-7935-491b-93e0-8b680b4a02ff,Echo,Echo,echo,False,echo,echo,Other / Unclear
1bf3bcaa-7935-491b-93e0-8b680b4a02ff,The Sixteen,The Sixteen,the sixteen,False,The sixteen,The sixteen,Other / Unclear
1c3376f9-77de-4ca8-9675-45b7dc0be215,tekach Zdrovita,tekach Zdrovita,tekach zdrovita,False,tek zdrovita,tek zdrovita,Other / Unclear
1c3376f9-77de-4ca8-9675-45b7dc0be215,Reg,Reg,reg,False,reg,reg,Other / Unclear
1c3376f9-77de-4ca8-9675-45b7dc0be215,ulatory Attorney & Consultant,ulatory Attorney & Consultant,ulatory attorney & consultant,False,ulatory attorney & consultant,ulatory attorney & consultant,Other / Unclear
1c3376f9-77de-4ca8-9675-45b7dc0be215,RAPS,RAPS,raps,False,RAPS,RAPS,Other / Unclear
1c4edffa-97a1-4cee-bf6c-9ea04a083687,Byd,Byd,byd,False,byd,byd,Other / Unclear
1c4edffa-97a1-4cee-bf6c-9ea04a083687,goskiego Węzła Wodnego,goskiego Węzła Wodnego,goskiego węzła wodnego,False,goski węzła wodny,goski węzła wodny,Other / Unclear
1c4edffa-97a1-4cee-bf6c-9ea04a083687,Nadzoru Wodnego,Nadzoru Wodnego,nadzoru wodnego,False,nadzór wodny,nadzór wodny,Other / Unclear
1c4f0409-1257-448e-90f8-d4817d82cd72,PLK,PLK,plk,False,PLK,PLK,Other / Unclear
1c74136f-e0aa-47d6-b74d-baa19685f2b2,undacja Rodacy,undacja Rodacy,undacja rodacy,False,undacja rodak,undacja rodak,Other / Unclear
1c74136f-e0aa-47d6-b74d-baa19685f2b2,Monitor Polski,Monitor Polski,monitor polski,False,monitor Polska,monitor Polska,Other / Unclear
1c74136f-e0aa-47d6-b74d-baa19685f2b2,Honorowy Komitet Budowy,Honorowy Komitet Budowy,honorowy komitet budowy,False,honorowy komitet budowa,honorowy komitet budowa,Other / Unclear
1c74136f-e0aa-47d6-b74d-baa19685f2b2,nika,nika,nika,False,nika,nika,Other / Unclear
1c7ba642-7e05-4b5e-9f51-da6be1fe354a,Grafik,Grafik,grafik,False,grafik,grafik,Other / Unclear
1c7ba642-7e05-4b5e-9f51-da6be1fe354a,NInA,NInA,nina,False,nina,nina,Other / Unclear
1c7ba642-7e05-4b5e-9f51-da6be1fe354a,Warszawa Centrum Targ,Warszawa Centrum Targ,warszawa centrum targ,False,Warszawa centrum Targ,Warszawa centrum Targ,Other / Unclear
1c861993-d47b-4d70-a755-cfae0f1cc291,Kancelaria Radców Prawnych T. Ogłódek & M. Czarnecka,Kancelaria Radców Prawnych T. Ogłódek & M. Czarnecka,kancelaria radców prawnych t. ogłódek & m. czarnecka,False,kancelaria radcyw prawny T . ogłódek & M . czarnecka,kancelaria radcyw prawny T . ogłódek & M . czarnecka,Other / Unclear
1ce719ae-3531-4fc6-b9e3-2e557588ef41,POLCOM Przemysław,POLCOM Przemysław,polcom przemysław,False,polcom przemysław,polcom przemysław,Other / Unclear
1ce719ae-3531-4fc6-b9e3-2e557588ef41,POLCOM Przemysław Kimla,POLCOM Przemysław Kimla,polcom przemysław kimla,False,polcom przemysław kimla,polcom przemysław kimla,Other / Unclear
1d9304d9-0ae5-48f0-b322-e24aa1b2af96,u Ochrony konkurencji i konsumentów,u Ochrony konkurencji i konsumentów,u ochrony konkurencji i konsumentów,False,u ochrona konkurencja i konsument,u ochrona konkurencja i konsument,Other / Unclear
1dd73750-c1d2-4b55-9824-2d473d6a78d7,Solar Energy Materials and Solar Cells,Solar Energy Materials and Solar Cells,solar energy materials and solar cells,False,solar energy materials and solar cells,solar energy materials and solar cells,Other / Unclear
1de06f31-9a0c-4d89-a55f-5b9edf27f2a9,Canal+,Canal,canal,False,canal,canal,Other / Unclear
1de0d3ec-94eb-436e-865a-9b69667c6321,wroc,wroc,wroc,False,wroc,wroc,Other / Unclear
1dfdcc7b-e21f-4bab-8042-0b97727ff112,iak,iak,iak,False,iak,iak,Other / Unclear
1e83b4d9-af17-40da-abf1-2ea0689eae2c,. Finansów,Finansów,finansów,False,finanse,finanse,Other / Unclear
1eb051e5-8934-4e37-9961-5b4167c3f0c7,edu,edu,edu,False,edu,edu,Other / Unclear
1f46db0e-6c89-4f64-ab6c-de44ce7ace38,Ochrony Środowiska,Ochrony Środowiska,ochrony środowiska,False,ochrona środowisko,ochrona środowisko,Other / Unclear
1f4b38d6-0565-4364-bd05-aaf8c1564e0f,elicko-augsburskiego,elicko-augsburskiego,elicko-augsburskiego,False,elicko - augsburski,elicko - augsburski,Other / Unclear
1f8a0dfb-9b1f-412d-90db-9c67102a37ec,Business Area Climate and Environment,Business Area Climate and Environment,business area climate and environment,False,business area climate and environment,business area climate and environment,Other / Unclear
1f8f9936-8731-452d-aad2-2e5d125ae1c6,NiSW,NiSW,nisw,False,nisto,nisto,Other / Unclear
1fb7da52-c342-44fd-8143-4e70a302d4e0,Chór i,Chór i,chór i,False,chór i,chór i,Other / Unclear
1fb7da52-c342-44fd-8143-4e70a302d4e0,Zespół instrumentalny,Zespół instrumentalny,zespół instrumentalny,False,zespół instrumentalny,zespół instrumentalny,Other / Unclear
1fd2e9ec-700c-4655-97f7-e61198abd1ae,Aspergera,Aspergera,aspergera,False,aspergera,aspergera,Other / Unclear
1fea1e0f-3e92-4642-9975-f4dadb437243,a Maz,a Maz,a maz,False,a maz,a maz,Other / Unclear
1ff69c74-7a37-4a6f-8800-61d8ed18c8a5,Facebook Contra Gentiles,Facebook Contra Gentiles,facebook contra gentiles,False,facebook contra gentiles,facebook contra gentiles,Other / Unclear
1ff69c74-7a37-4a6f-8800-61d8ed18c8a5,Przewodnik Katolicki,Przewodnik Katolicki,przewodnik katolicki,False,przewodnik katolicki,przewodnik katolicki,Other / Unclear
1ff69c74-7a37-4a6f-8800-61d8ed18c8a5,oli,oli,oli,False,ol,ol,Other / Unclear
1ffee5b6-5c50-4302-bbd2-f27fddc397ad,Zielonego Ładu,Zielonego Ładu,zielonego ładu,False,zielony ładu,zielony ładu,Other / Unclear
206fe578-03d2-42b9-a6ac-7cf87fd8d1da,EROSOL SERVICE Sp. Zo.o.,EROSOL SERVICE Sp. Zo.o.,erosol service sp. zo.o.,False,erosol sersice Sp . zo.o .,erosol sersice Sp . zo.o. .,Other / Unclear
208769f4-112f-4d43-ad6c-bbb549bf427f,rodków Doradztwa Rolniczego,rodków Doradztwa Rolniczego,rodków doradztwa rolniczego,False,rodk doradztwo rolniczy,rodk doradztwo rolniczy,Other / Unclear
208769f4-112f-4d43-ad6c-bbb549bf427f,owego Ośrodka Wsparcia Rolnictwa,owego Ośrodka Wsparcia Rolnictwa,owego ośrodka wsparcia rolnictwa,False,ów ośrodek wsparcia rolnictwo,ów ośrodek wsparcia rolnictwo,Other / Unclear
20ce39ca-9ffd-4df5-86da-bd6bab3cf654,stem Literatur,stem Literatur,stem literatur,False,stom literatur,stom literatur,Other / Unclear
20ce39ca-9ffd-4df5-86da-bd6bab3cf654,Tygodnika Powszechnego,Tygodnika Powszechnego,tygodnika powszechnego,False,tygodnik powszechny,tygodnik powszechny,Other / Unclear
214e83ac-9537-47e7-bc6b-28e7815d1802,acja „Centrum Cyfrowe,acja „Centrum Cyfrowe,acja „centrum cyfrowe,False,acja „ centrum cyfrowe,acja „ centrum cyfrowe,Other / Unclear
215617a2-d018-4a26-a858-e4e9f0f046ab,Central,Central,central,False,central,central,Other / Unclear
21d40250-7747-4699-874f-b49035e5a347,Prowincji,Prowincji,prowincji,False,prowincji,prowincji,Other / Unclear
21e651c4-7182-411d-8b45-c3a5cd1d56a0,gov.,gov.,gov.,False,gov .,gov .,Other / Unclear
21e651c4-7182-411d-8b45-c3a5cd1d56a0,Biura Delegata KEP,Biura Delegata KEP,biura delegata kep,False,biuro delegata Ke_,biuro delegata Ke_,Other / Unclear
21e651c4-7182-411d-8b45-c3a5cd1d56a0,s. Ochrony Dzieci i Młodzie,s. Ochrony Dzieci i Młodzie,s. ochrony dzieci i młodzie,False,strona . ochrona dziecko i młodzie,strona . ochrona dziecko i młodzie,Other / Unclear
21e651c4-7182-411d-8b45-c3a5cd1d56a0,AlJazeera,AlJazeera,aljazeera,False,alJazerer,alJazerer,Other / Unclear
222005e9-edc2-4e94-8dc2-29856ac12771,Deloitte Doradztwo Podatkowe Dąbrowski i Wspólnicy sp.k.,Deloitte Doradztwo Podatkowe Dąbrowski i Wspólnicy sp.k.,deloitte doradztwo podatkowe dąbrowski i wspólnicy sp.k.,False,deloitte doradztwo podatkowe Dąbrowski i wspólnica sp.k .,deloitte doradztwo podatkowe Dąbrowski i wspólnica sp.k .,Other / Unclear
22dd1b82-5a8e-4f77-8c97-f6d36794993d,DW 2,DW 2,dw 2,False,do 2,do 2,Other / Unclear
23aac8bb-d867-444b-853d-1a8ada8e272f,RECYK,RECYK,recyk,False,recyk,recyk,Other / Unclear
247d9aa9-b42b-4c64-b01f-90af37b2b156,pin,pin,pin,False,pin,pin,Other / Unclear
247d9aa9-b42b-4c64-b01f-90af37b2b156,der,der,der,False,der,der,Other / Unclear
2482de4f-0e32-4ed1-bc6e-854ddddd326e,Górniczych KGHM,Górniczych KGHM,górniczych kghm,False,górnicze KGHM,górnicze KGHM,Other / Unclear
24cd715b-7be3-42dd-846f-837873d708ab,Dyrektora Ochrony Środowiska,Dyrektora Ochrony Środowiska,dyrektora ochrony środowiska,False,dyrektor ochrona środowisko,dyrektor ochrona środowisko,Other / Unclear
24cf9b66-64cb-4fc1-bd30-2b72901a9b01,Central laboratory,Central laboratory,central laboratory,False,central laboratory,central laboratory,Other / Unclear
24cf9b66-64cb-4fc1-bd30-2b72901a9b01,Irland,Irland,irland,False,irland,irland,Other / Unclear
24cf9b66-64cb-4fc1-bd30-2b72901a9b01,Science and Advice for Scottish Agriculture,Science and Advice for Scottish Agriculture,science and advice for scottish agriculture,False,science and advice forówna Scottish agriculture,science and advice forówna Scottish agriculture,Other / Unclear
24cf9b66-64cb-4fc1-bd30-2b72901a9b01,All-Russian Plant Quarantine Center,All-Russian Plant Quarantine Center,all-russian plant quarantine center,False,all - russian planty Quarantine center,all - russian planty Quarantine center,Other / Unclear
24cf9b66-64cb-4fc1-bd30-2b72901a9b01,Central Laboratory for Plant Quarantine,Central Laboratory for Plant Quarantine,central laboratory for plant quarantine,False,central laboratory forówna planty Quarantine,central laboratory forówna planty Quarantine,Other / Unclear
24cf9b66-64cb-4fc1-bd30-2b72901a9b01,ology,ology,ology,False,ology,ology,Other / Unclear
24e45204-5199-43b6-82f4-aaef3d84b913,Hoper,Hoper,hoper,False,hoper,hoper,Other / Unclear
24e45204-5199-43b6-82f4-aaef3d84b913,Hope,Hope,hope,False,hope,hope,Other / Unclear
25123f17-fa96-4665-8c48-5050b8c3c9e2,jamir,jamir,jamir,False,jamir,jamir,Other / Unclear
25428506-36f9-4b5d-96e5-40d9979b0007,Sołectwo Maćkowice,Sołectwo Maćkowice,sołectwo maćkowice,False,sołectwo maćkowice,sołectwo maćkowice,Other / Unclear
25428506-36f9-4b5d-96e5-40d9979b0007,Sołectwo,Sołectwo,sołectwo,False,sołectwo,sołectwo,Other / Unclear
2568ff81-3818-4803-8daa-37f99198eb7e,Kanady,Kanady,kanady,False,Kanada,Kanada,Other / Unclear
25a6c7c2-8d96-41f4-adde-7387659adbce,Polski,Polski,polski,False,Polska,Polska,Other / Unclear
25a6c7c2-8d96-41f4-adde-7387659adbce,Studie,Studie,studie,False,studie,studie,Other / Unclear
25a6c7c2-8d96-41f4-adde-7387659adbce,Krakow,Krakow,krakow,False,krakow,krakow,Other / Unclear
25b75ce7-e16c-44e9-b375-5fb507a60193,IBnŚ,IBnŚ,ibnś,False,ibnś,ibnś,Other / Unclear
25ff4e2e-270c-4832-9ba8-393a06fb296e,Technisch - Mathematische Studiengesellschaft GmbH,Technisch - Mathematische Studiengesellschaft GmbH,technisch - mathematische studiengesellschaft gmbh,False,technisch - mathematische studiengesellschaft gmba,technisch - mathematische studiengesellschaft gmba,Other / Unclear
2602b833-7c95-4ef6-a072-4aa0ae8afc24,Polskie Drobiarstwo,Polskie Drobiarstwo,polskie drobiarstwo,False,polski drobiarstwo,polski drobiarstwo,Other / Unclear
266c7810-1a31-46e7-acea-ac960c13d03c,Departamentu Programów Rozwoju Obszarów Wiejskich,Departamentu Programów Rozwoju Obszarów Wiejskich,departamentu programów rozwoju obszarów wiejskich,False,departament program rozwój obszar wiejskich,departament program rozwój obszar wiejskich,Other / Unclear
266c7810-1a31-46e7-acea-ac960c13d03c,Lub,Lub,lub,False,lub,lub,Other / Unclear
266c7810-1a31-46e7-acea-ac960c13d03c,rol,rol,rol,False,rolacz,rolacz,Other / Unclear
266c7810-1a31-46e7-acea-ac960c13d03c,Gospodarstwie Rolnym Małgorzata Nowacka-Drosik,Gospodarstwie Rolnym Małgorzata Nowacka-Drosik,gospodarstwie rolnym małgorzata nowacka-drosik,False,gospodarstwo rolnym Małgorzata nowacka - drosik,gospodarstwo rolnym Małgorzata nowacka - drosik,Other / Unclear
26aa3dbd-2843-4aa9-905f-998d50c5d769,Zespo,Zespo,zespo,False,zespo,zespo,Other / Unclear
26aa3dbd-2843-4aa9-905f-998d50c5d769,łu zadaniowego ds. uzależnień,łu zadaniowego ds. uzależnień,łu zadaniowego ds. uzależnień,False,łu zadaniowego do_spraw . uzależnienie,łu zadaniowego ds. uzależnienie,Other / Unclear
26aa3dbd-2843-4aa9-905f-998d50c5d769,ania,ania,ania,False,ania,ania,Other / Unclear
277cef50-c488-474c-9939-df5aec369773,ppr.pl,ppr.pl,ppr.pl,False,ppr.pl,ppr.pl,Other / Unclear
277cef50-c488-474c-9939-df5aec369773,ipar.,ipar.,ipar.,False,ipar .,ipar .,Other / Unclear
277cef50-c488-474c-9939-df5aec369773,Visit Mrąg,Visit Mrąg,visit mrąg,False,visit mrąg,visit mrąg,Other / Unclear
278bb9a8-3873-4baf-9920-a7b23064fb3e,Ośrodek Przetwarzania Informacji,Ośrodek Przetwarzania Informacji,ośrodek przetwarzania informacji,False,ośrodek przetwarzanie informacja,ośrodek przetwarzanie informacja,Other / Unclear
27912039-171f-42fb-96e0-bacfe5e31324,Okręg,Okręg,okręg,False,okręg,okręg,Other / Unclear
27912039-171f-42fb-96e0-bacfe5e31324,Stacji Chemiczno-Rolniczych,Stacji Chemiczno-Rolniczych,stacji chemiczno-rolniczych,False,stacji chemiczno - rolniczy,stacji chemiczno - rolniczy,Other / Unclear
27912039-171f-42fb-96e0-bacfe5e31324,Sta,Sta,sta,False,sta,sta,Other / Unclear
27912039-171f-42fb-96e0-bacfe5e31324,Chemiczno-Rolnicze,Chemiczno-Rolnicze,chemiczno-rolnicze,False,chemiczno - rolniczy,chemiczno - rolniczy,Other / Unclear
279f79f3-61cf-451c-9815-aa7185aafcd4,Zespół Nijmegen,Zespół Nijmegen,zespół nijmegen,False,zespół nijmegen,zespół nijmegen,Other / Unclear
279f79f3-61cf-451c-9815-aa7185aafcd4,społem Nijmegen,społem Nijmegen,społem nijmegen,False,społo nijmegen,społo nijmegen,Other / Unclear
281e8ecc-9d96-419a-8311-a6f6e57a8985,YouTube,YouTube,youtube,False,YouTube,YouTube,Other / Unclear
28578eba-7893-404a-92ce-fc80b57f15f7,Dyrektor,Dyrektor,dyrektor,False,dyrektor,dyrektor,Other / Unclear
2857edcc-e9fc-4f48-8edd-68aa20819ab8,Usług Leśnych,Usług Leśnych,usług leśnych,False,usługa leśny,usługa leśny,Other / Unclear
285bd523-2e33-44ed-b969-36070d89f9eb,ELCONT Sp. J,ELCONT Sp. J,elcont sp. j,False,elcont Sp . J,elcont Sp . J,Other / Unclear
288ad0b9-62a0-41d1-b5e6-69a604c08996,RTD,RTD,rtd,False,rot,rot,Other / Unclear
288ad0b9-62a0-41d1-b5e6-69a604c08996,energetyczne,energetyczne,energetyczne,False,energetyczny,energetyczny,Other / Unclear
28fcc7ce-37a7-4070-81c9-5743e4db30fd,Cortria Co.,Cortria Co.,cortria co.,False,cortria co .,cortria co .,Other / Unclear
290c3160-9f01-4a45-8acd-11756ab2a234,Sakralne Dziedzictwo Małopolski,Sakralne Dziedzictwo Małopolski,sakralne dziedzictwo małopolski,False,sakralne dziedzictwo małopolski,sakralne dziedzictwo małopolski,Other / Unclear
290c3160-9f01-4a45-8acd-11756ab2a234,Google Analitics,Google Analitics,google analitics,False,Google analitics,Google analitics,Other / Unclear
293791df-26db-46f0-a9c3-9808eab49a97,WWR,WWR,wwr,False,Wury,Wury,Other / Unclear
293791df-26db-46f0-a9c3-9808eab49a97,Central,Central,central,False,central,central,Other / Unclear
293791df-26db-46f0-a9c3-9808eab49a97,Zespół PRWWR,Zespół PRWWR,zespół prwwr,False,zespół prwwr,zespół prwwr,Other / Unclear
29527b3e-786c-4d9f-8445-412e6d42d9cf,ZAK,ZAK,zak,False,zak,zak,Other / Unclear
298e8844-7308-440a-aac4-698c0863d3be,i Humanistyczno-Ekonomicznej,i Humanistyczno-Ekonomicznej,i humanistyczno-ekonomicznej,False,i humanistyczno - ekonomiczny,i humanistyczno - ekonomiczny,Other / Unclear
298e8844-7308-440a-aac4-698c0863d3be,lice,lice,lice,False,lice,lice,Other / Unclear
298e8844-7308-440a-aac4-698c0863d3be,Da Vinci,Da Vinci,da vinci,False,dek Vinci,dek Vinci,Other / Unclear
29f85dc9-1c74-4c74-bb30-ae339c409024,Robert Lorenc Pojazdy Specjalne,Robert Lorenc Pojazdy Specjalne,robert lorenc pojazdy specjalne,False,Robert lorenc pojazd specjalny,Robert lorenc pojazd specjalny,Other / Unclear
29f85dc9-1c74-4c74-bb30-ae339c409024,Newag S.A,Newag S.A,newag s.a,False,newag S . a,newag S . a,Other / Unclear
2a290d6d-8701-4eba-82b8-069c8bf36ff0,uksw,uksw,uksw,False,uks,uks,Other / Unclear
2a290d6d-8701-4eba-82b8-069c8bf36ff0,stytucie POLONIKA,stytucie POLONIKA,stytucie polonika,False,stytucie polonika,stytucie polonika,Other / Unclear
2a460781-b25e-4b4b-9f89-d6ab012ea39b,pital Uniwersytecki,pital Uniwersytecki,pital uniwersytecki,False,pital uniwersytecki,pital uniwersytecki,Other / Unclear
2a460781-b25e-4b4b-9f89-d6ab012ea39b,Ann Cardiol Angeiol,Ann Cardiol Angeiol,ann cardiol angeiol,False,ann cardiol angeiol,ann cardiol angeiol,Other / Unclear
2a9f8ff8-bf60-4b94-9b96-2798bb5333e7,Komuna Warszawa,Komuna Warszawa,komuna warszawa,False,komuna Warszawa,komuna Warszawa,Other / Unclear
2a9f8ff8-bf60-4b94-9b96-2798bb5333e7,Polityka,Polityka,polityka,False,polityka,polityka,Other / Unclear
2a9f8ff8-bf60-4b94-9b96-2798bb5333e7,ygodnik Powszechny,ygodnik Powszechny,ygodnik powszechny,False,ygodnik powszechny,ygodnik powszechny,Other / Unclear
2a9f8ff8-bf60-4b94-9b96-2798bb5333e7,Szum,Szum,szum,False,szum,szum,Other / Unclear
2a9f8ff8-bf60-4b94-9b96-2798bb5333e7,Dwutygodnik,Dwutygodnik,dwutygodnik,False,dwutygodnik,dwutygodnik,Other / Unclear
2ad85939-a047-47b3-a06c-f6b3ae46e327,SAILS,SAILS,sails,False,Sails,Sails,Other / Unclear
2ad85939-a047-47b3-a06c-f6b3ae46e327,ckie Centrum Kreatywności,ckie Centrum Kreatywności,ckie centrum kreatywności,False,cko centrum kreatywność,cko centrum kreatywność,Other / Unclear
2ad85939-a047-47b3-a06c-f6b3ae46e327,FAIS,FAIS,fais,False,FAIS,FAIS,Other / Unclear
2ae22aa7-0d46-4216-9684-11aaf7895917,System,System,system,False,system,system,Other / Unclear
2ae22aa7-0d46-4216-9684-11aaf7895917,pieki,pieki,pieki,False,piek,piek,Other / Unclear
2b4f5a36-c6fc-41aa-96a6-34c2eaa34386,Ptaki Polskie,Ptaki Polskie,ptaki polskie,False,ptak polski,ptak polski,Other / Unclear
2b52b4e6-6b89-44d8-9e44-e0a2b47c9ee1,Now,Now,now,False,nowa,nowa,Other / Unclear
2b752f97-1cee-48e8-9548-12831da6ca55,NAG,NAG,nag,False,nagś_pocać,nagś_pocać,Other / Unclear
2b752f97-1cee-48e8-9548-12831da6ca55,stwo Klimatu i Środowiska,stwo Klimatu i Środowiska,stwo klimatu i środowiska,False,stwo klimatu i środowisko,stwo klimatu i środowisko,Other / Unclear
2bbf32ab-6406-4fc4-a3b9-aca429c79bba,Fir,Fir,fir,False,fir,fir,Other / Unclear
2c295a66-9c25-4c0c-882d-b5181ef61179,dział,dział,dział,False,dział,dział,Other / Unclear
2c9fd898-afb8-4778-ae2f-2e520808a596,szczy,szczy,szczy,False,szczy,szczy,Other / Unclear
2caa19b2-4ab1-4407-adb9-516c2190b0c8,Instytucie Prawa,Instytucie Prawa,instytucie prawa,False,instytut prawo,instytut prawo,Other / Unclear
2caa19b2-4ab1-4407-adb9-516c2190b0c8,Środowiska,Środowiska,środowiska,False,środowisko,środowisko,Other / Unclear
2cda6bb3-278f-487f-b58e-656e241f775a,Twórcami patentu,Twórcami patentu,twórcami patentu,False,twórcęmi patent,twórcęmi patent,Other / Unclear
2cda6bb3-278f-487f-b58e-656e241f775a,Miranda,Miranda,miranda,False,miranda,miranda,Other / Unclear
2d04e2f9-6d86-4db3-b19e-0239669bbf6f,Zoom,Zoom,zoom,False,zoom,zoom,Other / Unclear
2d04e2f9-6d86-4db3-b19e-0239669bbf6f,Pädagogik - Adoption - Beratung & Somatic Experiencing,Pädagogik - Adoption - Beratung & Somatic Experiencing,pädagogik - adoption - beratung & somatic experiencing,False,pädagogik - adoption - beratung & somatic experiencing,pädagogik - adoption - beratung & somatic experiencing,Other / Unclear
2d04e2f9-6d86-4db3-b19e-0239669bbf6f,cja,cja,cja,False,cja,cja,Other / Unclear
2d04e2f9-6d86-4db3-b19e-0239669bbf6f,a & Somatic Experiencing,a & Somatic Experiencing,a & somatic experiencing,False,a & somatic experiencing,a & somatic experiencing,Other / Unclear
2d04e2f9-6d86-4db3-b19e-0239669bbf6f,PAB & SE,PAB & SE,pab & se,False,PAB & SE,PAB & SE,Other / Unclear
2d1a6495-f12b-4000-85ca-b420df4eef2a,The Cosmetic Ingredient Review,The Cosmetic Ingredient Review,the cosmetic ingredient review,False,The cosmetic ingredient review,The cosmetic ingredient review,Other / Unclear
2d1a6495-f12b-4000-85ca-b420df4eef2a,CIR,CIR,cir,False,CIR,CIR,Other / Unclear
2d1a6495-f12b-4000-85ca-b420df4eef2a,Organisation for Economic Co-operation and Development,Organisation for Economic Co-operation and Development,organisation for economic co-operation and development,False,organisation forówna economic co-operation and Development,organisation forówna economic co-operation and Development,Other / Unclear
2d4c459a-5c50-4920-aa69-61aabe077d72,RTA,RTA,rta,False,rta,rta,Other / Unclear
2dca816a-21fb-4157-bb0c-a38b7ad14fc8,High,High,high,False,high,high,Other / Unclear
2dca816a-21fb-4157-bb0c-a38b7ad14fc8,er Incubator Giving Growth & Sustainability,er Incubator Giving Growth & Sustainability,er incubator giving growth & sustainability,False,er incubator giving growth & sustainabilita,er incubator giving growth & sustainabilita,Other / Unclear
2dca816a-21fb-4157-bb0c-a38b7ad14fc8,Assosi,Assosi,assosi,False,assosi,assosi,Other / Unclear
2dca816a-21fb-4157-bb0c-a38b7ad14fc8,ation Pro Xpert,ation Pro Xpert,ation pro xpert,False,ation pro Xpert,ation pro Xpert,Other / Unclear
2e889a14-8c0a-4555-8a22-d068b5d56731,Czasopiśmiennictwem Pogranicza,Czasopiśmiennictwem Pogranicza,czasopiśmiennictwem pogranicza,False,czasopiśmiennectwo pogranicza,czasopiśmiennectwo pogranicza,Other / Unclear
2eb44912-04bd-460b-b271-c0c22bc14715,Nowych,Nowych,nowych,False,nowych,nowych,Other / Unclear
2eb44912-04bd-460b-b271-c0c22bc14715,Główne,Główne,główne,False,główny,główny,Other / Unclear
2eb44912-04bd-460b-b271-c0c22bc14715,nych,nych,nych,False,nych,nych,Other / Unclear
2ed1b24d-6625-4881-8950-20e64bc9d6d5,WMI,WMI,wmi,False,wmięd,wmięd,Other / Unclear
2ed1b24d-6625-4881-8950-20e64bc9d6d5,World Intellectual Property Organization,World Intellectual Property Organization,world intellectual property organization,False,World intellectual propert organization,World intellectual propert organization,Other / Unclear
2f4d8065-c3e2-43bf-9b81-f877073bb1de,Shandong,Shandong,shandong,False,shandong,shandong,Other / Unclear
2ff2f38a-86cf-4f4d-bd7d-c588252e5d6f,Mikołaja Kopernika,Mikołaja Kopernika,mikołaja kopernika,False,Mikołaj kopernik,Mikołaj kopernik,Other / Unclear
300410b6-ef19-4a26-ad26-f296b0c503a9,ESMO,ESMO,esmo,False,esmoniec,esmoniec,Other / Unclear
303dde48-5ff4-43e1-a943-634ce024e921,pital Specjalistyczny,pital Specjalistyczny,pital specjalistyczny,False,pital specjalistyczny,pital specjalistyczny,Other / Unclear
30e850fa-f7e5-4696-bc61-7ab421ca7da4,spo,spo,spo,False,spo,spo,Other / Unclear
30e850fa-f7e5-4696-bc61-7ab421ca7da4,łów Ochrony Lasu,łów Ochrony Lasu,łów ochrony lasu,False,łów ochrona lasu,łów ochrona lasu,Other / Unclear
310facaf-d3b5-4cca-922e-50d8fb853873,rzyszenie „Korzenie”,rzyszenie „Korzenie,rzyszenie „korzenie,False,rzyszenie „ korzenie,rzyszenie „ korzenie,Other / Unclear
31de0d74-96d5-4d3c-b359-abeaaadce589,Organiza,Organiza,organiza,False,organizo,organizo,Other / Unclear
31de0d74-96d5-4d3c-b359-abeaaadce589,Manewrów Ratowniczych,Manewrów Ratowniczych,manewrów ratowniczych,False,manewrów ratowniczy,manewrów ratowniczy,Other / Unclear
31de0d74-96d5-4d3c-b359-abeaaadce589,Manewrach Ratowniczych,Manewrach Ratowniczych,manewrach ratowniczych,False,manewr ratowniczy,manewr ratowniczy,Other / Unclear
31ec36dd-8b5b-40f9-8fdf-1458f9ed33eb,boo,boo,boo,False,boo,boo,Other / Unclear
31ec36dd-8b5b-40f9-8fdf-1458f9ed33eb,ity,ity,ity,False,iet,iet,Other / Unclear
31ec36dd-8b5b-40f9-8fdf-1458f9ed33eb,Bookauthority,Bookauthority,bookauthority,False,bookauthorita,bookauthorita,Other / Unclear
31ec36dd-8b5b-40f9-8fdf-1458f9ed33eb,org,org,org,False,osoha,osoha,Other / Unclear
32091611-31c2-4007-ae8e-332f906f5bf7,Grup,Grup,grup,False,grup,grup,Other / Unclear
32244273-0ca9-4edd-8a26-e37e04be88f4,Bookbird,Bookbird,bookbird,False,bookbird,bookbird,Other / Unclear
325360cf-df11-4452-a264-438d92d9bd60,Louvre Collection,Louvre Collection,louvre collection,False,louvre collection,louvre collection,Other / Unclear
325360cf-df11-4452-a264-438d92d9bd60,Centrum „Spycimierskie Boże Ciało,Centrum „Spycimierskie Boże Ciało,centrum „spycimierskie boże ciało,False,centrum „ spycimierskie Bóg ciało,centrum „ spycimierskie Bóg ciało,Other / Unclear
325d9919-6d71-4e8f-9b39-0835e40fc7c0,Pimot,Pimot,pimot,False,pimot,pimot,Other / Unclear
325d9919-6d71-4e8f-9b39-0835e40fc7c0,"""Faurecia Clean Mobility""",Faurecia Clean Mobility,faurecia clean mobility,False,faurecia clean mobilit,faurecia clean mobilit,Other / Unclear
325d9919-6d71-4e8f-9b39-0835e40fc7c0,ans Fr,ans Fr,ans fr,False,antym_podoba Fr,antym_podoba Fr,Other / Unclear
325d9919-6d71-4e8f-9b39-0835e40fc7c0,„Atrama”,Atrama,atrama,False,atrama,atrama,Other / Unclear
325d9919-6d71-4e8f-9b39-0835e40fc7c0,no LT,no LT,no lt,False,no Lt,no Lt,Other / Unclear
325d9919-6d71-4e8f-9b39-0835e40fc7c0,„Step Ltd. Sti”,Step Ltd. Sti,step ltd. sti,False,step Li_typtap . sti,step Li_typtap . sti,Other / Unclear
325d9919-6d71-4e8f-9b39-0835e40fc7c0,„Irene”,Irene,irene,False,Irene,Irene,Other / Unclear
325d9919-6d71-4e8f-9b39-0835e40fc7c0,Dąbrówka Czarna,Dąbrówka Czarna,dąbrówka czarna,False,dąbrówka czarny,dąbrówka czarny,Other / Unclear
325d9919-6d71-4e8f-9b39-0835e40fc7c0,Ostrava CZ,Ostrava CZ,ostrava cz,False,ostrava Ce,ostrava Ce,Other / Unclear
32725bf2-b55a-4852-8299-3205d10ba9ae,Sej,Sej,sej,False,sej,sej,Other / Unclear
328dbb66-c83b-443c-bf1e-2d5e7a59ab94,Komis,Komis,komis,False,komis,komis,Other / Unclear
3328ea44-0972-4873-9f73-4edd4189f625,europa,europa,europa,False,europa,europa,Other / Unclear
336301cd-abac-4132-adac-3f2a1062853c,EAACI,EAACI,eaaci,False,eażtia,eażtia,Other / Unclear
340c70ef-4775-4070-b089-b04005c6047e,Zwią,Zwią,zwią,False,zwią,zwią,Other / Unclear
340c70ef-4775-4070-b089-b04005c6047e,zek Pracodawców Branży Internetowej IAB Polska,zek Pracodawców Branży Internetowej IAB Polska,zek pracodawców branży internetowej iab polska,False,zek pracodawca branży internetowy IAB Polska,zek pracodawca branży internetowy IAB Polska,Other / Unclear
340c70ef-4775-4070-b089-b04005c6047e,Kompeten,Kompeten,kompeten,False,kompeten,kompeten,Other / Unclear
340c70ef-4775-4070-b089-b04005c6047e,Sektora Komunikacji Marketingowej,Sektora Komunikacji Marketingowej,sektora komunikacji marketingowej,False,sektor komunikacja marketingowej,sektor komunikacja marketingowej,Other / Unclear
340c70ef-4775-4070-b089-b04005c6047e,a Komunikacji Marketing,a Komunikacji Marketing,a komunikacji marketing,False,a komunikacja marketing,a komunikacja marketing,Other / Unclear
340c70ef-4775-4070-b089-b04005c6047e,Sektorowych Rad,Sektorowych Rad,sektorowych rad,False,sektorowy rad,sektorowy rad,Other / Unclear
340c70ef-4775-4070-b089-b04005c6047e,Inter,Inter,inter,False,inter,inter,Other / Unclear
340c70ef-4775-4070-b089-b04005c6047e,active Advertising Bureau,active Advertising Bureau,active advertising bureau,False,active advertising burea,active advertising burea,Other / Unclear
348e1bb2-7e77-435e-b995-608d9e338eb0,Podmiotu,Podmiotu,podmiotu,False,podmiot,podmiot,Other / Unclear
3491543f-f450-4a2a-a3ae-9fd27f3b2d3e,Wołońcie,Wołońcie,wołońcie,False,wołońcie,wołońcie,Other / Unclear
357375da-aa84-4cc9-b1ba-36b80e5eca47,Join,Join,join,False,join,join,Other / Unclear
357cd79e-2bb6-43dd-a48b-3eed750ce1f0,Uniwersytecie Przyrodniczym,Uniwersytecie Przyrodniczym,uniwersytecie przyrodniczym,False,uniwersytet przyrodniczy,uniwersytet przyrodniczy,Other / Unclear
357cd79e-2bb6-43dd-a48b-3eed750ce1f0,Dyrektor,Dyrektor,dyrektor,False,dyrektor,dyrektor,Other / Unclear
357cd79e-2bb6-43dd-a48b-3eed750ce1f0,General,General,general,False,General,General,Other / Unclear
357cecd2-83f0-4af2-9482-4c4141897cf7,ski,ski,ski,False,ski,ski,Other / Unclear
357cecd2-83f0-4af2-9482-4c4141897cf7,Centrum diagnostycznego materiałów,Centrum diagnostycznego materiałów,centrum diagnostycznego materiałów,False,centrum diagnostyczny materiał,centrum diagnostyczny materiał,Other / Unclear
35d7aab1-c688-44d7-8c8b-ef09e820dae7,ę Ekonomiczną Polska,ę Ekonomiczną Polska,ę ekonomiczną polska,False,” ekonomiczna Polska,” ekonomiczna Polska,Other / Unclear
35f4cb73-6622-461e-832d-fab9102e1dfa,kon,kon,kon,False,kon,kon,Other / Unclear
35f4cb73-6622-461e-832d-fab9102e1dfa,cjum,cjum,cjum,False,cjum,cjum,Other / Unclear
36f0dc34-bda2-4a27-a3f0-090d32caea40,opengranary.com,opengranary.com,opengranary.com,False,opengranary .com,opengranary .com,Other / Unclear
36feef70-7908-49a0-8bd9-3f6485fc1a04,NanoTechIP,NanoTechIP,nanotechip,False,nanoTechIP,nanoTechIP,Other / Unclear
371640f6-3a9e-42d9-840b-f45910fbf6bd,Organiza,Organiza,organiza,False,organizo,organizo,Other / Unclear
371640f6-3a9e-42d9-840b-f45910fbf6bd,cji Narodów Zjednoczonych,cji Narodów Zjednoczonych,cji narodów zjednoczonych,False,cjo naród Zjednoczony,cjo naród Zjednoczony,Other / Unclear
371640f6-3a9e-42d9-840b-f45910fbf6bd,Irlandzki,Irlandzki,irlandzki,False,irlandzki,irlandzki,Other / Unclear
371eec7b-17d4-4ae7-b345-c709b5751b3c,Books,Books,books,False,books,books,Other / Unclear
371eec7b-17d4-4ae7-b345-c709b5751b3c,The History Files,The History Files,the history files,False,The history files,The history files,Other / Unclear
371eec7b-17d4-4ae7-b345-c709b5751b3c,files,files,files,False,files,files,Other / Unclear
372e8e92-8424-48ef-a156-ff017e6252f4,uro Poszukiwań i Identyfikacji,uro Poszukiwań i Identyfikacji,uro poszukiwań i identyfikacji,False,uro poszukiwan i identyfikacja,uro poszukiwan i identyfikacja,Other / Unclear
3736099f-b155-4e2a-8601-fbf8c2663433,Liberte,Liberte,liberte,False,liberte,liberte,Other / Unclear
3736099f-b155-4e2a-8601-fbf8c2663433,Krytyce Politycznej,Krytyce Politycznej,krytyce politycznej,False,krytyce polityczna,krytyce polityczna,Other / Unclear
3736099f-b155-4e2a-8601-fbf8c2663433,Trybunie,Trybunie,trybunie,False,trybunie,trybunie,Other / Unclear
3736099f-b155-4e2a-8601-fbf8c2663433,Więzi,Więzi,więzi,False,więź,więź,Other / Unclear
3736099f-b155-4e2a-8601-fbf8c2663433,Tygodnikowi Powszechnemu,Tygodnikowi Powszechnemu,tygodnikowi powszechnemu,False,tygodnik powszechnia,tygodnik powszechnia,Other / Unclear
3736099f-b155-4e2a-8601-fbf8c2663433,Polityce,Polityce,polityce,False,polityka,polityka,Other / Unclear
3736099f-b155-4e2a-8601-fbf8c2663433,wic,wic,wic,False,wic,wic,Other / Unclear
3736099f-b155-4e2a-8601-fbf8c2663433,imm,imm,imm,False,immó,immó,Other / Unclear
3795b1c3-a8d3-4a44-8f08-a8022944d1ea,Polityka,Polityka,polityka,False,polityka,polityka,Other / Unclear
37ecbb72-0420-4f81-bb49-dd0be42b75b0,NSZZ,NSZZ,nszz,False,NSZZ,NSZZ,Other / Unclear
37ecbb72-0420-4f81-bb49-dd0be42b75b0,Solidarność,Solidarność,solidarność,False,solidarność,solidarność,Other / Unclear
37ecbb72-0420-4f81-bb49-dd0be42b75b0,Lonely Planet,Lonely Planet,lonely planet,False,lonely planet,lonely planet,Other / Unclear
37f55ede-51da-405a-a4f3-34ea7badd1a6,Shell,Shell,shell,False,shell,shell,Other / Unclear
37f55ede-51da-405a-a4f3-34ea7badd1a6,Zespołu do,Zespołu do,zespołu do,False,zespół do,zespół do,Other / Unclear
380312ad-dd3c-4bfe-8a78-40c033a9d011,Waste Klaster,Waste Klaster,waste klaster,False,waste klaster,waste klaster,Other / Unclear
381499ec-2752-41e0-b4da-30e56648718a,LCLS,LCLS,lcls,False,lcls,lcls,Other / Unclear
382b7415-17d0-4676-923c-7d3b921d4b08,Centrum Telemonitroingu,Centrum Telemonitroingu,centrum telemonitroingu,False,centrum telemonitroing,centrum telemonitroing,Other / Unclear
382b7415-17d0-4676-923c-7d3b921d4b08,Kardio,Kardio,kardio,False,kardio,kardio,Other / Unclear
382b7415-17d0-4676-923c-7d3b921d4b08,Med,Med,med,False,med,med,Other / Unclear
384d2176-1f41-422a-856b-e24605babf07,enumi,enumi,enumi,False,enumi,enumi,Other / Unclear
38b8e156-be32-4a13-8494-f8f044a560b6,stytucie Informatyki UWr,stytucie Informatyki UWr,stytucie informatyki uwr,False,stytucie informatyka uwo,stytucie informatyka uwo,Other / Unclear
38dbfefc-5ee5-452a-85cc-c245e27a47b9,IITD,IITD,iitd,False,iitd,iitd,Other / Unclear
38dfb638-9e29-4e68-ac46-f6e44d1cb6b9,yotam,yotam,yotam,False,yotam,yotam,Other / Unclear
38dfb638-9e29-4e68-ac46-f6e44d1cb6b9,Grup,Grup,grup,False,grup,grup,Other / Unclear
38dfb638-9e29-4e68-ac46-f6e44d1cb6b9,Cygan,Cygan,cygan,False,cygan,cygan,Other / Unclear
3955d193-6384-4d7c-a41e-1cea13ff3a27,Żeglugi Śródlądowej,Żeglugi Śródlądowej,żeglugi śródlądowej,False,żeglugi śródlądowa,żeglugi śródlądowa,Other / Unclear
3955d193-6384-4d7c-a41e-1cea13ff3a27,Morskich,Morskich,morskich,False,morski,morski,Other / Unclear
397b9ff1-c07f-4255-b7cf-0dfb3361d03f,Geotermia,Geotermia,geotermia,False,geotermia,geotermia,Other / Unclear
397b9ff1-c07f-4255-b7cf-0dfb3361d03f,szczonów,szczonów,szczonów,False,szczonów,szczonów,Other / Unclear
399d89e6-7ded-44f7-9018-9fa054e0580f,Zoom,Zoom,zoom,False,zoom,zoom,Other / Unclear
399d89e6-7ded-44f7-9018-9fa054e0580f,Utopian Studies Society,Utopian Studies Society,utopian studies society,False,utopian Studies society,utopian Studies society,Other / Unclear
399d89e6-7ded-44f7-9018-9fa054e0580f,H. G. Wells,H. G. Wells,h. g. wells,False,H . G . Wells,H . G . Wells,Other / Unclear
3a39a742-31c3-4cbb-9488-c1c80b88b4d2,Artur Küpper & GmbH Co. KG,Artur Küpper & GmbH Co. KG,artur küpper & gmbh co. kg,False,Artur küpper & gmba co . KG,Artur küpper & gmba co . KG,Other / Unclear
3a39a742-31c3-4cbb-9488-c1c80b88b4d2,Reg,Reg,reg,False,reg,reg,Other / Unclear
3a39a742-31c3-4cbb-9488-c1c80b88b4d2,sty,sty,sty,False,sty,sty,Other / Unclear
3a39a742-31c3-4cbb-9488-c1c80b88b4d2,tut Konkurencyjności Biznesu Kastylii i Leon,tut Konkurencyjności Biznesu Kastylii i Leon,tut konkurencyjności biznesu kastylii i leon,False,tut konkurencyjność biznes kastylii i Leon,tut konkurencyjność biznes kastylii i Leon,Other / Unclear
3a65b008-cdc9-4fc7-b328-9be68923e40a,CINDER,CINDER,cinder,False,cinder,cinder,Other / Unclear
3a9d0f51-1d56-4d64-ab86-7bd84230eb9c,SWIM,SWIM,swim,False,SWIM,SWIM,Other / Unclear
3a9d0f51-1d56-4d64-ab86-7bd84230eb9c,Morskimi,Morskimi,morskimi,False,morski,morski,Other / Unclear
3a9d0f51-1d56-4d64-ab86-7bd84230eb9c,IBŻ,IBŻ,ibż,False,iba,iba,Other / Unclear
3afdc817-273b-40b7-8292-f2751d64f6b3,ES-SO,ES-SO,es-so,False,es-so,es-so,Other / Unclear
3afdc817-273b-40b7-8292-f2751d64f6b3,uro SCIEX,uro SCIEX,uro sciex,False,uro sciex,uro sciex,Other / Unclear
3afdc817-273b-40b7-8292-f2751d64f6b3,MOs,MOs,mos,False,mos,mos,Other / Unclear
3b1fe4c5-92e7-4a34-9522-89c60826ccf3,Lawendowy Nantes,Lawendowy Nantes,lawendowy nantes,False,Lawendowy Nantes,Lawendowy Nantes,Other / Unclear
3c3a8bc3-b27d-4579-86ad-ff888c11ad77,wistyka,wistyka,wistyka,False,wistyka,wistyka,Other / Unclear
3c3c0be9-eb44-4cf5-8486-25cb7af95d66,Tha,Tha,tha,False,tha,tha,Other / Unclear
3c3c0be9-eb44-4cf5-8486-25cb7af95d66,les Alenia Space,les Alenia Space,les alenia space,False,les alenia space,les alenia space,Other / Unclear
3c72289b-772d-4a91-8d21-c1b7feb01ad7,Doskonalenia Zawodowego,Doskonalenia Zawodowego,doskonalenia zawodowego,False,doskonalenie zawodowy,doskonalenie zawodowy,Other / Unclear
3c72289b-772d-4a91-8d21-c1b7feb01ad7,YNTRA Vlaanderen,YNTRA Vlaanderen,yntra vlaanderen,False,yntra vlaanderen,yntra vlaanderen,Other / Unclear
3c79e25b-f72a-49d1-8c29-e3314fea1b3f,ASS,ASS,ass,False,ASS,ASS,Other / Unclear
3c79e25b-f72a-49d1-8c29-e3314fea1b3f,TICAS,TICAS,ticas,False,Ticas,Ticas,Other / Unclear
3c79e25b-f72a-49d1-8c29-e3314fea1b3f,TIC,TIC,tic,False,to,to,Other / Unclear
3ce1cd75-f118-4f6d-8fd5-6840073b56c4,Res Publica Nowa,Res Publica Nowa,res publica nowa,False,res publica nowy,res publica nowy,Other / Unclear
3ce1cd75-f118-4f6d-8fd5-6840073b56c4,Res Publiki,Res Publiki,res publiki,False,res publik,res publik,Other / Unclear
3ce1cd75-f118-4f6d-8fd5-6840073b56c4,Uniwersy,Uniwersy,uniwersy,False,uniwersy,uniwersy,Other / Unclear
3d15214e-db4f-4ca2-a5ce-95654b13f2c4,Austria,Austria,austria,False,Austria,Austria,Other / Unclear
3d15214e-db4f-4ca2-a5ce-95654b13f2c4,cki,cki,cki,False,cko,cko,Other / Unclear
3d15214e-db4f-4ca2-a5ce-95654b13f2c4,Brama Grodzka,Brama Grodzka,brama grodzka,False,brama grodzka,brama grodzka,Other / Unclear
3d490fe7-1e9a-4200-8f48-3d59edcaa0bf,rzeglądzie Politycznym,rzeglądzie Politycznym,rzeglądzie politycznym,False,rzeglądzie polityczny,rzeglądzie polityczny,Other / Unclear
3d490fe7-1e9a-4200-8f48-3d59edcaa0bf,Deutsch-Polnische,Deutsch-Polnische,deutsch-polnische,False,deutsch - polnische,deutsch - polnische,Other / Unclear
3da55da9-dd74-483e-88e6-9f79fc215e05,Oddziału Anestezjologii i Intensywnej Terapii Pulmonologicznej,Oddziału Anestezjologii i Intensywnej Terapii Pulmonologicznej,oddziału anestezjologii i intensywnej terapii pulmonologicznej,False,oddziału anestezjologia i intensywna terapia pulmologiczna,oddziału anestezjologia i intensywna terapia pulmologiczna,Other / Unclear
3e0a742f-fdfd-4a33-9f6f-d2c548169b6f,CUP,CUP,cup,False,CeP,CeP,Other / Unclear
3e0a742f-fdfd-4a33-9f6f-d2c548169b6f,tucie,tucie,tucie,False,tuć,tuć,Other / Unclear
3e33cfba-5d54-4c8b-b4d3-c08c77335d48,uksw.edu,uksw.edu,uksw.edu,False,uksw.ed,uksw.ed,Other / Unclear
3ec81abf-c4cd-42b9-8c26-9a14174d3ee2,Composites Today,Composites Today,composites today,False,composites today,composites today,Other / Unclear
3ec81abf-c4cd-42b9-8c26-9a14174d3ee2,Technicznego,Technicznego,technicznego,False,techniczny,techniczny,Other / Unclear
3f336ae5-404a-4314-b824-30663f9d7b4d,Polski,Polski,polski,False,Polska,Polska,Other / Unclear
3f336ae5-404a-4314-b824-30663f9d7b4d,DBB,DBB,dbb,False,dob,dob,Other / Unclear
4000a2af-26fe-4ef5-8970-6d0198798af0,u Spawalnictwa,u Spawalnictwa,u spawalnictwa,False,u Spawalnictwo,u Spawalnictwo,Other / Unclear
4030fbbb-4e63-408f-9357-7118d1bf072b,owi,owi,owi,False,ów,ów,Other / Unclear
411322d3-4093-4ad9-92de-f5b435c4fba1,MedTube,MedTube,medtube,False,medTube,medTube,Other / Unclear
411322d3-4093-4ad9-92de-f5b435c4fba1,medtube,medtube,medtube,False,medtube,medtube,Other / Unclear
411322d3-4093-4ad9-92de-f5b435c4fba1,WebSurg,WebSurg,websurg,False,websurg,websurg,Other / Unclear
411322d3-4093-4ad9-92de-f5b435c4fba1,surg,surg,surg,False,surgi,surgi,Other / Unclear
411322d3-4093-4ad9-92de-f5b435c4fba1,Autorów,Autorów,autorów,False,autor,autor,Other / Unclear
41155b40-7c53-49da-8f0f-5c3e7a6efb37,CORINE Land Cover,CORINE Land Cover,corine land cover,False,corine land cover,corine land cover,Other / Unclear
42b9e4ae-5706-4f97-8115-06d002f7c3f9,Google Scholar,Google Scholar,google scholar,False,Google scholar,Google scholar,Other / Unclear
42c2b16d-cf24-465e-af50-d3a73baa9f73,ack.edu,ack.edu,ack.edu,False,ack.edu,ack.edu,Other / Unclear
42c2b16d-cf24-465e-af50-d3a73baa9f73,nepl.edu,nepl.edu,nepl.edu,False,nepl.edu,nepl.edu,Other / Unclear
42c2b16d-cf24-465e-af50-d3a73baa9f73,ukw,ukw,ukw,False,ukwa,ukwa,Other / Unclear
42c2b16d-cf24-465e-af50-d3a73baa9f73,Vilniaus lopselis-darzelis Gintarelis in Vilnius,Vilniaus lopselis-darzelis Gintarelis in Vilnius,vilniaus lopselis-darzelis gintarelis in vilnius,False,vilniaus lopselis - darzelis gintarelis inny vilnius,vilniaus lopselis - darzelis gintarelis inny vilnius,Other / Unclear
42c2b16d-cf24-465e-af50-d3a73baa9f73,Šv. Juozapo mokyklos,Šv. Juozapo mokyklos,šv. juozapo mokyklos,False,Šentypcpa . juozapo mokyklos,Šentypcpa . juozapo mokyklos,Other / Unclear
42c2b16d-cf24-465e-af50-d3a73baa9f73,Pašilaičių bendruomenės darželio vadov,Pašilaičių bendruomenės darželio vadov,pašilaičių bendruomenės darželio vadov,False,pašilaičių bendruomenės darželio vadov,pašilaičių bendruomenės darželio vadov,Other / Unclear
43009a39-244b-4abf-bc16-0b994f5bb0b0,warzy,warzy,warzy,False,warzy,warzy,Other / Unclear
431e687d-c3c2-4eaa-a848-7ca3c665a5c3,NPR,NPR,npr,False,NPR,NPR,Other / Unclear
431ea001-77ef-44fc-ba36-f3204e708cd0,MOLAB,MOLAB,molab,False,mola,mola,Other / Unclear
431ea001-77ef-44fc-ba36-f3204e708cd0,e-rihs,e-rihs,e-rihs,False,e - rihs,e - rihs,Other / Unclear
4376f8d7-1da9-4273-a9e5-bba86bb7f80e,Frontiers in Genetics,Frontiers in Genetics,frontiers in genetics,False,frontiers inny genetics,frontiers inny genetics,Other / Unclear
4376f8d7-1da9-4273-a9e5-bba86bb7f80e,J. Cellular Biochemistry,J. Cellular Biochemistry,j. cellular biochemistry,False,J . cellular biochemistry,J . cellular biochemistry,Other / Unclear
4376f8d7-1da9-4273-a9e5-bba86bb7f80e,Frontiers in Genet,Frontiers in Genet,frontiers in genet,False,frontiers inny genet,frontiers inny genet,Other / Unclear
4376f8d7-1da9-4273-a9e5-bba86bb7f80e,Frontiers,Frontiers,frontiers,False,frontiers,frontiers,Other / Unclear
4376f8d7-1da9-4273-a9e5-bba86bb7f80e,Bio,Bio,bio,False,bio,bio,Other / Unclear
4376f8d7-1da9-4273-a9e5-bba86bb7f80e,nol,nol,nol,False,nol,nol,Other / Unclear
4376f8d7-1da9-4273-a9e5-bba86bb7f80e,Studies in Logic,Studies in Logic,studies in logic,False,Studies inny logic,Studies inny logic,Other / Unclear
4376f8d7-1da9-4273-a9e5-bba86bb7f80e,Grammar and Rhetorics,Grammar and Rhetorics,grammar and rhetorics,False,grammar and rhetorics,grammar and rhetorics,Other / Unclear
4376f8d7-1da9-4273-a9e5-bba86bb7f80e,Genes,Genes,genes,False,genes,genes,Other / Unclear
4376f8d7-1da9-4273-a9e5-bba86bb7f80e,L. Gene Therapy,L. Gene Therapy,l. gene therapy,False,L . Gene therapy,L . Gene therapy,Other / Unclear
4376f8d7-1da9-4273-a9e5-bba86bb7f80e,Frontiers Genet.,Frontiers Genet.,frontiers genet.,False,frontiers genet .,frontiers genet .,Other / Unclear
438c08dc-cf83-4d77-afd1-4f6cadeb4dfe,PWr.,PWr.,pwr.,False,porównac .,porównac .,Other / Unclear
44b5a482-cf75-4755-9a4b-caf6dc6e72d8,Główne,Główne,główne,False,główny,główny,Other / Unclear
453bba2d-47af-46d1-b5a4-2e66dd769fe4,COR,COR,cor,False,Cor,Cor,Other / Unclear
455ca5c8-1642-4f58-b19b-ec65c4233505,Івано-Франківська,Івано-Франківська,івано-франківська,False,"Івано - Франківськ ""","Івано - Франківськ """,Other / Unclear
455ca5c8-1642-4f58-b19b-ec65c4233505,«3-Студія,3-Студія,3-студія,False,3-Студія,3-Студія,Other / Unclear
4574a136-18c3-4d12-b2b4-976fe0b06127,Konwencję Berneńską,Konwencję Berneńską,konwencję berneńską,False,konwencja berneńska,konwencja berneńska,Other / Unclear
4577a3ef-dacb-4920-a2cb-586615696b11,Uniwer. Pontificia Salesiana,Uniwer. Pontificia Salesiana,uniwer. pontificia salesiana,False,uniwer . pontificia salesian,uniwer . pontificia salesian,Other / Unclear
4577a3ef-dacb-4920-a2cb-586615696b11,Uniwersytecie Papieskim Jana Pawła II,Uniwersytecie Papieskim Jana Pawła II,uniwersytecie papieskim jana pawła ii,False,uniwersytet papieski Jan Paweł II,uniwersytet papieski Jan Paweł II,Other / Unclear
4577a3ef-dacb-4920-a2cb-586615696b11,Uniwer. Zielo,Uniwer. Zielo,uniwer. zielo,False,uniwer . zielo,uniwer . zielo,Other / Unclear
4577a3ef-dacb-4920-a2cb-586615696b11,Uniwer. Mikołaja Kopernika,Uniwer. Mikołaja Kopernika,uniwer. mikołaja kopernika,False,uniwer . Mikołaj kopernik,uniwer . Mikołaj kopernik,Other / Unclear
4577a3ef-dacb-4920-a2cb-586615696b11,Hospic,Hospic,hospic,False,hospic,hospic,Other / Unclear
45fe0112-61fd-46b5-a004-8bc7b7487637,Komis,Komis,komis,False,komis,komis,Other / Unclear
45fe0112-61fd-46b5-a004-8bc7b7487637,ds.,ds.,ds.,False,do_spraw .,ds.,Other / Unclear
45fe0112-61fd-46b5-a004-8bc7b7487637,Centrum Interdyscyplinarnych Studiów o Polsce,Centrum Interdyscyplinarnych Studiów o Polsce,centrum interdyscyplinarnych studiów o polsce,False,centrum interdyscyplinarny studia o Polska,centrum interdyscyplinarny studia o Polska,Other / Unclear
45fe0112-61fd-46b5-a004-8bc7b7487637,europa,europa,europa,False,europa,europa,Other / Unclear
4667d480-9e0e-4198-9921-3c895dd9c9aa,Markets and Markets,Markets and Markets,markets and markets,False,markets and markets,markets and markets,Other / Unclear
4667d480-9e0e-4198-9921-3c895dd9c9aa,orafol,orafol,orafol,False,orafol,orafol,Other / Unclear
4667d480-9e0e-4198-9921-3c895dd9c9aa,com,com,com,False,com,com,Other / Unclear
4677235b-6ffe-4138-a9eb-cfad041318cf,Acta Chiropterol.,Acta Chiropterol.,acta chiropterol.,False,act chiropterol .,act chiropterol .,Other / Unclear
4677235b-6ffe-4138-a9eb-cfad041318cf,Central Europ. J. Biol.,Central Europ. J. Biol.,central europ. j. biol.,False,central europ . J . biol .,central europ . J . biol .,Other / Unclear
46a90e1b-ed7f-47cc-9f04-ee20024d561f,IQPharma Clinical Trials Assistant,IQPharma Clinical Trials Assistant,iqpharma clinical trials assistant,False,iqpharma clinical trials assistant,iqpharma clinical trials assistant,Other / Unclear
46a90e1b-ed7f-47cc-9f04-ee20024d561f,IVSolution,IVSolution,ivsolution,False,IVSolution,IVSolution,Other / Unclear
46a90e1b-ed7f-47cc-9f04-ee20024d561f,IQPharma,IQPharma,iqpharma,False,iqpharma,iqpharma,Other / Unclear
46a90e1b-ed7f-47cc-9f04-ee20024d561f,NUTPro,NUTPro,nutpro,False,nutpro,nutpro,Other / Unclear
46b87b5c-4675-4364-8a5b-fa94d46dbd99,MarketWatch,MarketWatch,marketwatch,False,marketWat,marketWat,Other / Unclear
46b87b5c-4675-4364-8a5b-fa94d46dbd99,UJ CM,UJ CM,uj cm,False,UJ CM,UJ CM,Other / Unclear
46cf4cc8-56fd-40d1-91e8-31e9280f37b3,Lodzi,Lodzi,lodzi,False,códź,códź,Other / Unclear
46cf4cc8-56fd-40d1-91e8-31e9280f37b3,standing Poland,standing Poland,standing poland,False,standing poland,standing poland,Other / Unclear
4736f6ce-4453-4846-8594-d2b9cc483530,Angus,Angus,angus,False,Angus,Angus,Other / Unclear
4736f6ce-4453-4846-8594-d2b9cc483530,Maine Anjou,Maine Anjou,maine anjou,False,maine anjou,maine anjou,Other / Unclear
4736f6ce-4453-4846-8594-d2b9cc483530,Senepol,Senepol,senepol,False,senepol,senepol,Other / Unclear
4736f6ce-4453-4846-8594-d2b9cc483530,American Wagyu,American Wagyu,american wagyu,False,american wagiu,american wagiu,Other / Unclear
47c7b593-f8d2-46d9-9e98-b3f3f9c2552e,Roboczej,Roboczej,roboczej,False,robocze,robocze,Other / Unclear
485a89f9-ce59-4621-88b6-ba5bf07ab4e5,Wysoka Komisarz ONZ,Wysoka Komisarz ONZ,wysoka komisarz onz,False,wysoki komisarz ONZ,wysoki komisarz ONZ,Other / Unclear
485a89f9-ce59-4621-88b6-ba5bf07ab4e5,Office of the High Commissioner for Human Rights,Office of the High Commissioner for Human Rights,office of the high commissioner for human rights,False,office of the high commissioner forówna human rights,office of the high commissioner forówna human rights,Other / Unclear
48783eaf-5088-4c3d-97a5-3c44ac6bf3fc,rzeszeniem Przewoźników Drogowych,rzeszeniem Przewoźników Drogowych,rzeszeniem przewoźników drogowych,False,rzeszenie przewoźnik drogowy,rzeszenie przewoźnik drogowy,Other / Unclear
48783eaf-5088-4c3d-97a5-3c44ac6bf3fc,Uczel,Uczel,uczel,False,uczel,uczel,Other / Unclear
48851797-ddde-4ed9-81ac-14170aef13b1,Wodociągi,Wodociągi,wodociągi,False,wodociąg,wodociąg,Other / Unclear
48851797-ddde-4ed9-81ac-14170aef13b1,Kanalizacja,Kanalizacja,kanalizacja,False,kanalizacja,kanalizacja,Other / Unclear
48851797-ddde-4ed9-81ac-14170aef13b1,"EMPLA, spol. s r.o.","EMPLA, spol. s r.o.","empla, spol. s r.o.",False,"emtla , spole . strona r.o .","emtla , spole . strona r.o .",Other / Unclear
48851797-ddde-4ed9-81ac-14170aef13b1,Královéhradecká provozni a.s,Královéhradecká provozni a.s,královéhradecká provozni a.s,False,královéhradecká provozni a.s,královéhradecká provozni a.s,Other / Unclear
48851797-ddde-4ed9-81ac-14170aef13b1,Zdravotní ústav,Zdravotní ústav,zdravotní ústav,False,zdravotní ústav,zdravotní ústav,Other / Unclear
48851797-ddde-4ed9-81ac-14170aef13b1,Centrum hygienickych laboratori,Centrum hygienickych laboratori,centrum hygienickych laboratori,False,centrum hygienicky laboratori,centrum hygienicky laboratori,Other / Unclear
48851797-ddde-4ed9-81ac-14170aef13b1,IDEA-ENVI s.r.o,IDEA-ENVI s.r.o,idea-envi s.r.o,False,idea-envi s.rc o,idea-envi s.rc o,Other / Unclear
48851797-ddde-4ed9-81ac-14170aef13b1,Elektrárna Chvaletice a.s,Elektrárna Chvaletice a.s,elektrárna chvaletice a.s,False,elektrárna chvaletice a.s,elektrárna chvaletice a.s,Other / Unclear
48851797-ddde-4ed9-81ac-14170aef13b1,valectice,valectice,valectice,False,valectice,valectice,Other / Unclear
48851797-ddde-4ed9-81ac-14170aef13b1,EMPLA AG spol,EMPLA AG spol,empla ag spol,False,emtla AG spole,emtla AG spole,Other / Unclear
48ad2d1e-1e10-4ca6-97e2-c38c6b869deb,Wars,Wars,wars,False,wars,wars,Other / Unclear
48ad2d1e-1e10-4ca6-97e2-c38c6b869deb,zawską Operę Kameralną,zawską Operę Kameralną,zawską operę kameralną,False,zawską opera kameralną,zawską opera kameralną,Other / Unclear
48ad2d1e-1e10-4ca6-97e2-c38c6b869deb,YouTube,YouTube,youtube,False,YouTube,YouTube,Other / Unclear
48b1250b-b2b3-47d2-8745-f72ccd67422e,Convention for the Conservation of Antarctic Marine Living Resources,Convention for the Conservation of Antarctic Marine Living Resources,convention for the conservation of antarctic marine living resources,False,convention forówna the conservation of antarctic marine living resources,convention forówna the conservation of antarctic marine living resources,Other / Unclear
48b1250b-b2b3-47d2-8745-f72ccd67422e,WoS,WoS,wos,False,WoS,WoS,Other / Unclear
48c21d15-07f2-4ab1-a80d-80cfa86b0b6c,ILAC,ILAC,ilac,False,ilak,ilak,Other / Unclear
49045dee-07ec-41ad-aed1-39c569eddda0,GL LP,GL LP,gl lp,False,GL LP,GL LP,Other / Unclear
499807e5-10a6-455a-a150-c58d2f16ccf3,cznego Oddziału Ginekologiczno-Położniczego,cznego Oddziału Ginekologiczno-Położniczego,cznego oddziału ginekologiczno-położniczego,False,czny oddziału ginekologiczny - położniczy,czny oddziału ginekologiczny - położniczy,Other / Unclear
4a362e7d-5144-4fb4-a441-a406ad6c5d2f,pitala Klinicznego im. dr.,pitala Klinicznego im. dr.,pitala klinicznego im. dr.,False,pital kliniczny on . doktor .,pital kliniczny on . doktor .,Other / Unclear
4a362e7d-5144-4fb4-a441-a406ad6c5d2f,. Babińskiego,Babińskiego,babińskiego,False,babiński,babiński,Other / Unclear
4a5a3630-4175-4131-8616-db61416cdc50,Program Drugi,Program Drugi,program drugi,False,program drugi,program drugi,Other / Unclear
4a5a3630-4175-4131-8616-db61416cdc50,YouTube,YouTube,youtube,False,YouTube,YouTube,Other / Unclear
4a5a3630-4175-4131-8616-db61416cdc50,Mini,Mini,mini,False,mini,mini,Other / Unclear
4a76c072-21d7-4f14-b26b-bc6b238a8649,wia,wia,wia,False,wia,wia,Other / Unclear
4a9b5572-196c-4385-b999-117891337b62,Baza Wiedzy,Baza Wiedzy,baza wiedzy,False,baza wiedzy,baza wiedzy,Other / Unclear
4a9b5572-196c-4385-b999-117891337b62,Krakowskiego Alarmu Smogowego,Krakowskiego Alarmu Smogowego,krakowskiego alarmu smogowego,False,krakowski alarmu smogowego,krakowski alarmu smogowego,Other / Unclear
4a9b5572-196c-4385-b999-117891337b62,Woj,Woj,woj,False,woj,woj,Other / Unclear
4ba6e31b-90f9-4e76-9570-0936c0f5b2aa,Fotowol,Fotowol,fotowol,False,fotowol,fotowol,Other / Unclear
4ba6e31b-90f9-4e76-9570-0936c0f5b2aa,ice Polskiej,ice Polskiej,ice polskiej,False,ice polski,ice polski,Other / Unclear
4bc42130-61eb-4fbb-860f-deb082ea1a8d,Warszawski,Warszawski,warszawski,False,warszawski,warszawski,Other / Unclear
4bc8a360-77bd-478e-b48f-d63dad4c44ad,Web of Science,Web of Science,web of science,False,web of science,web of science,Other / Unclear
4c8434d7-c6c4-45f3-a20e-173279a94a4e,Nowej Fal,Nowej Fal,nowej fal,False,Nowy fol,Nowy fol,Other / Unclear
4d7c8201-7780-4aa7-8f3e-becba34af793,Academia.edu,Academia.edu,academia.edu,False,academia.ed,academia.ed,Other / Unclear
4daaf82f-2258-48ed-a223-edad3326b8d4,IPP Greifs,IPP Greifs,ipp greifs,False,IPP greifs,IPP greifs,Other / Unclear
4de2ab82-a769-4bf4-8bc9-7ebbdb5305bc,WISS WAWRZASZEK Inżynieria Samochodów Specjalnych,WISS WAWRZASZEK Inżynieria Samochodów Specjalnych,wiss wawrzaszek inżynieria samochodów specjalnych,False,WISS wadrzeszeńce inżynieria samochodów specjalny,WISS wadrzeszeńce inżynieria samochodów specjalny,Other / Unclear
4de2ab82-a769-4bf4-8bc9-7ebbdb5305bc,"F.M. ""BUMAR – KOSZALIN"",","F.M. ""BUMAR – KOSZALIN","f.m. ""bumar – koszalin",False,"F . M . "" bumar – koszalin","F . M . "" bumar – koszalin",Other / Unclear
4e5c8c2c-637c-41f3-af2d-2b9975de9ec2,gerlach en koop,gerlach en koop,gerlach en koop,False,gerla en koop,gerla en koop,Other / Unclear
4e5c8c2c-637c-41f3-af2d-2b9975de9ec2,„Kra Kra Intelligence” Cooperative,Kra Kra Intelligence” Cooperative,kra kra intelligence” cooperative,False,kra kra intelligence ” cooperative,kra kra intelligence ” cooperative,Other / Unclear
4ea2df38-e5d6-4637-872f-bf317d6185a1,Konwencji Sztokholmskiej,Konwencji Sztokholmskiej,konwencji sztokholmskiej,False,konwencja sztokholmskiej,konwencja sztokholmskiej,Other / Unclear
4ea2df38-e5d6-4637-872f-bf317d6185a1,Środowisk,Środowisk,środowisk,False,środowisko,środowisko,Other / Unclear
4ea2df38-e5d6-4637-872f-bf317d6185a1,społu ZT UM,społu ZT UM,społu zt um,False,społo ZT UM,społo ZT UM,Other / Unclear
4ea2df38-e5d6-4637-872f-bf317d6185a1,UNE,UNE,une,False,UNE,UNE,Other / Unclear
4eb0e74a-70e5-4d45-83c6-395cdb2af049,Warszawy,Warszawy,warszawy,False,Warszawa,Warszawa,Other / Unclear
4eb0e74a-70e5-4d45-83c6-395cdb2af049,POLONICA,POLONICA,polonica,False,polonica,polonica,Other / Unclear
4eb0e74a-70e5-4d45-83c6-395cdb2af049,dzict,dzict,dzict,False,dzict,dzict,Other / Unclear
4eb0e74a-70e5-4d45-83c6-395cdb2af049,Helios,Helios,helios,False,helios,helios,Other / Unclear
4f8f99b6-0d4e-409a-b1a3-6e4a4bd2e4dd,Genom,Genom,genom,False,geno,geno,Other / Unclear
4fcbb7eb-0242-4358-95f8-ba856c28a52a,Parkiem,Parkiem,parkiem,False,parkiem,parkiem,Other / Unclear
500055df-a4c3-41b5-a777-54edd51ff8ba,Powietrznych,Powietrznych,powietrznych,False,powietrzny,powietrzny,Other / Unclear
5045e138-76a4-4f49-80b1-6451e12e98fc,Fab,Fab,fab,False,fab,fab,Other / Unclear
506004c1-8348-4c94-824a-e75bcd67e2fd,-Dmitruk,Dmitruk,dmitruk,False,dmitruk,dmitruk,Other / Unclear
506004c1-8348-4c94-824a-e75bcd67e2fd,MSiTJ Mang,MSiTJ Mang,msitj mang,False,msatjo mang,msatjo mang,Other / Unclear
50fc30fc-9962-4e68-809a-d6939025cf33,Man,Man,man,False,man,man,Other / Unclear
511b090b-fecf-4756-9afd-d6d923eac692,środku DELab,środku DELab,środku delab,False,środek delab,środek delab,Other / Unclear
51800c66-b400-433c-a838-f17f51346484,Aghemo,Aghemo,aghemo,False,aghemo,aghemo,Other / Unclear
51a01e6a-c2b2-4dac-b53c-66cbd8f012c7,Uniwersytecie,Uniwersytecie,uniwersytecie,False,uniwersytet,uniwersytet,Other / Unclear
51c4816c-3740-41df-98cc-b88c6814af03,Beiteddine Palace,Beiteddine Palace,beiteddine palace,False,beiteddine palace,beiteddine palace,Other / Unclear
51dcbd06-6255-4837-9169-3c8e7910b823,wu Inwestycji i Rozwoju,wu Inwestycji i Rozwoju,wu inwestycji i rozwoju,False,wu inwestycji i rozwój,wu inwestycji i rozwój,Other / Unclear
51dcbd06-6255-4837-9169-3c8e7910b823,Krakow,Krakow,krakow,False,krakow,krakow,Other / Unclear
51e0acf3-c9d8-4c6f-964b-39864c2c1243,Discovery Science,Discovery Science,discovery science,False,discover science,discover science,Other / Unclear
51e0acf3-c9d8-4c6f-964b-39864c2c1243,Science Channel USA,Science Channel USA,science channel usa,False,science channel USA,science channel USA,Other / Unclear
51e0acf3-c9d8-4c6f-964b-39864c2c1243,FB Science Channel,FB Science Channel,fb science channel,False,FB science channel,FB science channel,Other / Unclear
5237e862-3060-429b-a9a7-45a1994d5daa,HelicoComplex,HelicoComplex,helicocomplex,False,helicocomplex,helicocomplex,Other / Unclear
5237e862-3060-429b-a9a7-45a1994d5daa,Food,Food,food,False,food,food,Other / Unclear
5249de14-397d-4a83-a371-029426ff22e9,V4Sport,V4Sport,v4sport,False,v4sport,v4sport,Other / Unclear
524f75ee-30d1-4c0c-946c-a25ee523de09,atur,atur,atur,False,atur,atur,Other / Unclear
5254ddf2-3638-486c-801d-2ef4b4a69acd,Open Nexus,Open Nexus,open nexus,False,Open nexus,Open nexus,Other / Unclear
5254ddf2-3638-486c-801d-2ef4b4a69acd,Zakupowej,Zakupowej,zakupowej,False,zakupowa,zakupowa,Other / Unclear
5254ddf2-3638-486c-801d-2ef4b4a69acd,YouTube,YouTube,youtube,False,YouTube,YouTube,Other / Unclear
52c1b82b-3d19-44e8-ad70-ee2953ae4409,uksw,uksw,uksw,False,uks,uks,Other / Unclear
52da7826-9113-4fc3-9295-ef2748fd7263,ową,ową,ową,False,ów,ów,Other / Unclear
53323529-47f9-4893-bf74-02bb952f7ace,Nature,Nature,nature,False,nature,nature,Other / Unclear
53323529-47f9-4893-bf74-02bb952f7ace,PNAS USA,PNAS USA,pnas usa,False,pnas USA,pnas USA,Other / Unclear
53323529-47f9-4893-bf74-02bb952f7ace,Web of Science,Web of Science,web of science,False,web of science,web of science,Other / Unclear
5337dc87-0b9b-4eeb-bbb2-4512b372ac5c,musicalchairs.com,musicalchairs.com,musicalchairs.com,False,musicalchairsca,musicalchairsca,Other / Unclear
53793b05-facb-40ca-bba7-9fc5ffc9e1db,Spontime,Spontime,spontime,False,spontime,spontime,Other / Unclear
53793b05-facb-40ca-bba7-9fc5ffc9e1db,Macov,Macov,macov,False,macov,macov,Other / Unclear
53793b05-facb-40ca-bba7-9fc5ffc9e1db,Instise,Instise,instise,False,instise,instise,Other / Unclear
53793b05-facb-40ca-bba7-9fc5ffc9e1db,Mimmi,Mimmi,mimmi,False,mimmia,mimmia,Other / Unclear
53793b05-facb-40ca-bba7-9fc5ffc9e1db,Doxychain,Doxychain,doxychain,False,doxychain,doxychain,Other / Unclear
5389f159-f53d-4205-8c1b-c07d5c2dd332,"dziale Inżynierii Lądowej, Środowiska i Geodezji","dziale Inżynierii Lądowej, Środowiska i Geodezji","dziale inżynierii lądowej, środowiska i geodezji",False,"dział inżynierii lądowa , środowisko i geodezja","dział inżynierii lądowa , środowisko i geodezja",Other / Unclear
5389f159-f53d-4205-8c1b-c07d5c2dd332,Cmentarza Centralnego,Cmentarza Centralnego,cmentarza centralnego,False,cmentarz centralny,cmentarz centralny,Other / Unclear
53985cb1-c37f-4990-aaaf-1e10a9d9bd06,T. Powszechny,T. Powszechny,t. powszechny,False,T . powszechny,T . powszechny,Other / Unclear
53985cb1-c37f-4990-aaaf-1e10a9d9bd06,"Nowy,",Nowy,nowy,False,nowy,nowy,Other / Unclear
53985cb1-c37f-4990-aaaf-1e10a9d9bd06,Mały,Mały,mały,False,mały,mały,Other / Unclear
53985cb1-c37f-4990-aaaf-1e10a9d9bd06,Chorea,Chorea,chorea,False,chorea,chorea,Other / Unclear
54004c1f-d924-4a7e-a65e-08ff126db29f,ds. Pracy,ds. Pracy,ds. pracy,False,do_spraw . praca,ds. praca,Other / Unclear
54004c1f-d924-4a7e-a65e-08ff126db29f,REACH,REACH,reach,False,reach,reach,Other / Unclear
54d90df1-f3a0-4554-b739-4ac965ef5a91,pospolit,pospolit,pospolit,False,pospolit,pospolit,Other / Unclear
54de0bc6-19c1-49d9-ab3d-b9d5ea00abac,kąta Wie,kąta Wie,kąta wie,False,kąta wiedzieć,kąta wiedzieć,Other / Unclear
55b4703a-d19a-4dba-aaf8-01a2e8fabf32,Orkiestra,Orkiestra,orkiestra,False,orkiestra,orkiestra,Other / Unclear
55b4703a-d19a-4dba-aaf8-01a2e8fabf32,PSM I i II st.,PSM I i II st.,psm i i ii st.,False,PSM i i II stopień .,PSM i i II stopień .,Other / Unclear
55b55669-ba50-454a-8561-47160058e6db,EZRA,EZRA,ezra,False,ezra,ezra,Other / Unclear
55b55669-ba50-454a-8561-47160058e6db,CZP,CZP,czp,False,Cz,Cz,Other / Unclear
561f9d25-fba8-4606-9eb9-5f11bc4b2952,„Polityka,Polityka,polityka,False,polityka,polityka,Other / Unclear
561f9d25-fba8-4606-9eb9-5f11bc4b2952,„Przegląd,Przegląd,przegląd,False,przegląd,przegląd,Other / Unclear
561f9d25-fba8-4606-9eb9-5f11bc4b2952,„Przekrój,Przekrój,przekrój,False,przekrój,przekrój,Other / Unclear
561f9d25-fba8-4606-9eb9-5f11bc4b2952,Znak,Znak,znak,False,znak,znak,Other / Unclear
56a724f0-ee39-4282-978a-68169871428b,Główne,Główne,główne,False,główny,główny,Other / Unclear
56ce22ab-9efb-4bfb-8410-626a0208ed90,Kląt,Kląt,kląt,False,kląt,kląt,Other / Unclear
56ce22ab-9efb-4bfb-8410-626a0208ed90,Ondyny,Ondyny,ondyny,False,ondyna,ondyna,Other / Unclear
56ce22ab-9efb-4bfb-8410-626a0208ed90,„Zdejmij klątwę,Zdejmij klątwę,zdejmij klątwę,False,zdejmij klątwę,zdejmij klątwę,Other / Unclear
56dfcddc-5f7f-47ac-9af4-16c7ca2e56f0,Sch,Sch,sch,False,sch,sch,Other / Unclear
56f60f3c-206d-44e2-bc02-ff93ad6386d5,spole Chemii Kwantowej PŁ,spole Chemii Kwantowej PŁ,spole chemii kwantowej pł,False,spole chemia kwantowy PŁ,spole chemia kwantowy PŁ,Other / Unclear
56f60f3c-206d-44e2-bc02-ff93ad6386d5,EurekAlert!,EurekAlert,eurekalert,False,eurekalert,eurekalert,Other / Unclear
57b78afb-6d9a-4e96-a110-0b874f3b6f18,VARTCO,VARTCO,vartco,False,vartco,vartco,Other / Unclear
57b78afb-6d9a-4e96-a110-0b874f3b6f18,„AGAPLAST,AGAPLAST,agaplast,False,agaplast,agaplast,Other / Unclear
57ffacbf-7ce8-47e2-b3f0-ddde70af5174,Komitetu Technicznego 9_8,Komitetu Technicznego 9_8,komitetu technicznego 9_8,False,komitet techniczny 9_8,komitet techniczny 9_8,Other / Unclear
58627867-9c0f-4b5e-978b-a84d63536c75,Departament Rolnictwa i Rozwoju Wsi,Departament Rolnictwa i Rozwoju Wsi,departament rolnictwa i rozwoju wsi,False,departament rolnictwo i rozwój wieś,departament rolnictwo i rozwój wieś,Other / Unclear
590d9b7b-9b31-4924-a71a-facb6a38fe66,wiz,wiz,wiz,False,wiza,wiza,Other / Unclear
590d9b7b-9b31-4924-a71a-facb6a38fe66,amazon.de,amazon.de,amazon.de,False,amazon.de,amazon.de,Other / Unclear
592ca9c7-7fa3-4ab8-9731-0015d3427178,Krakow,Krakow,krakow,False,krakow,krakow,Other / Unclear
594553e1-6af5-405f-9530-2a8e9584e135,MEN(iN,MEN(iN,men(in,False,menerał ( iN,menerał ( iN,Other / Unclear
595a10f3-8114-4864-a4be-5b5465e1b5da,IMPiB,IMPiB,impib,False,impib,impib,Other / Unclear
59761769-0a08-4fdf-a295-abfcc66067f8,Verbum,Verbum,verbum,False,verbum,verbum,Other / Unclear
59761769-0a08-4fdf-a295-abfcc66067f8,Głos Katolicki,Głos Katolicki,głos katolicki,False,głos katolicki,głos katolicki,Other / Unclear
59761769-0a08-4fdf-a295-abfcc66067f8,UPJP II,UPJP II,upjp ii,False,gSbph II,gSbph II,Other / Unclear
59761769-0a08-4fdf-a295-abfcc66067f8,Uniwersyte,Uniwersyte,uniwersyte,False,uniwersyte,uniwersyte,Other / Unclear
59784be0-10d7-4f96-8047-6c0685140553,Intel,Intel,intel,False,Intel,Intel,Other / Unclear
59784be0-10d7-4f96-8047-6c0685140553,zaktion,zaktion,zaktion,False,zaktion,zaktion,Other / Unclear
598c72c3-87d4-40bc-ad8f-efca13f7f7ad,Peter Lang,Peter Lang,peter lang,False,Peter lang,Peter lang,Other / Unclear
59ec3331-a969-4736-b5fa-5817fab7d760,MTSU Center for Historic Preserva,MTSU Center for Historic Preserva,mtsu center for historic preserva,False,mtsu center forówna historic preserva,mtsu center forówna historic preserva,Other / Unclear
5aa9ef65-1718-4e40-a35c-e6d8bf746c4f,Zespołu UM,Zespołu UM,zespołu um,False,zespół UM,zespół UM,Other / Unclear
5b3261d0-1754-4d94-ad62-eb3c1ddb8c7a,przemysłem energetycznym,przemysłem energetycznym,przemysłem energetycznym,False,przemysł energetyczny,przemysł energetyczny,Other / Unclear
5b3261d0-1754-4d94-ad62-eb3c1ddb8c7a,ochroną środowiska,ochroną środowiska,ochroną środowiska,False,ochrona środowisko,ochrona środowisko,Other / Unclear
5b3261d0-1754-4d94-ad62-eb3c1ddb8c7a,zrównoważonym rolnic,zrównoważonym rolnic,zrównoważonym rolnic,False,zrównoważonym rolnic,zrównoważonym rolnic,Other / Unclear
5b3261d0-1754-4d94-ad62-eb3c1ddb8c7a,Laboratori,Laboratori,laboratori,False,laboratori,laboratori,Other / Unclear
5b3261d0-1754-4d94-ad62-eb3c1ddb8c7a,Odnawialnych Źródeł Energii,Odnawialnych Źródeł Energii,odnawialnych źródeł energii,False,odnawialny źródło energia,odnawialny źródło energia,Other / Unclear
5bb02821-757c-48c9-aafd-fdedf7e5855f,Nano-Tech Polska,Nano-Tech Polska,nano-tech polska,False,nano - tech Polska,nano - tech Polska,Other / Unclear
5bb02821-757c-48c9-aafd-fdedf7e5855f,Nano-Koloid Polska,Nano-Koloid Polska,nano-koloid polska,False,nano - koloid Polska,nano - koloid Polska,Other / Unclear
5bd6ec37-c44c-4921-9490-7103a03a547c,YouTube,YouTube,youtube,False,YouTube,YouTube,Other / Unclear
5bd7d6da-b1a1-4995-ab71-d951d71fd3c9,łaniec,łaniec,łaniec,False,łaniec,łaniec,Other / Unclear
5c213401-c554-4345-9c30-29c5ac614b06,"BayesFusion, LLC","BayesFusion, LLC","bayesfusion, llc",False,"bayesfusion , dol","bayesfusion , dol",Other / Unclear
5ce13125-ec23-4eab-ba85-767be21dcb7c,Zespo,Zespo,zespo,False,zespo,zespo,Other / Unclear
5ce13125-ec23-4eab-ba85-767be21dcb7c,łu Badawczego SUM,łu Badawczego SUM,łu badawczego sum,False,łu badawczego SUM,łu badawczego SUM,Other / Unclear
5cfac4e6-d708-4913-9c75-58407a7e40e2,zystorów UNITRA-TELPOD,zystorów UNITRA-TELPOD,zystorów unitra-telpod,False,zystor unitractel,zystor unitractel,Other / Unclear
5de3c50d-689d-4329-b3f5-71fff5bbccf5,Aluco,Aluco,aluco,False,aluco,aluco,Other / Unclear
5e04aa84-cbdd-481e-b11b-d11e0f43f851,SEN,SEN,sen,False,SEN,SEN,Other / Unclear
5e1f889a-d99a-49c8-b95c-2bb4901d3ef8,Departament Legislacyjny Prawa Karnego,Departament Legislacyjny Prawa Karnego,departament legislacyjny prawa karnego,False,departament legislacyjny prawo karny,departament legislacyjny prawo karny,Other / Unclear
5e7b6977-3a8c-4e53-80db-86fd49c49c70,ony,ony,ony,False,ono,ono,Other / Unclear
5e7b6977-3a8c-4e53-80db-86fd49c49c70,Zbroj,Zbroj,zbroj,False,zbroj,zbroj,Other / Unclear
5ea3666f-2894-440a-a56e-6a42204f7ac0,Pie,Pie,pie,False,pie,pie,Other / Unclear
5ea3666f-2894-440a-a56e-6a42204f7ac0,kar,kar,kar,False,kara,kara,Other / Unclear
5ea5463c-2b00-4499-9e58-90cda8bf48fd,Program Współpracy Interreg VA,Program Współpracy Interreg VA,program współpracy interreg va,False,program współpracy interreg VA,program współpracy interreg VA,Other / Unclear
5eac7a97-4e8b-4531-af34-de7f963ee3fe,Web of Science,Web of Science,web of science,False,web of science,web of science,Other / Unclear
5eb2c79f-5862-4881-8a66-7740a01b89b8,Strategi,Strategi,strategi,False,strategi,strategi,Other / Unclear
5eb2c79f-5862-4881-8a66-7740a01b89b8,Agendy Badawczej,Agendy Badawczej,agendy badawczej,False,agendy badawczy,agendy badawczy,Other / Unclear
5f00bd1e-b0f8-4a7b-abfd-02278fe7ec1c,strzę,strzę,strzę,False,strzę,strzę,Other / Unclear
5f00bd1e-b0f8-4a7b-abfd-02278fe7ec1c,Eurodyktando,Eurodyktando,eurodyktando,False,eurodyktando,eurodyktando,Other / Unclear
5f38237a-5195-426d-bdb8-f54a26a48038,Świętego Soboru Biskupów,Świętego Soboru Biskupów,świętego soboru biskupów,False,święty sobór biskup,święty sobór biskup,Other / Unclear
5f75fa91-3d18-4436-abd0-6531aac105c5,pollenaeva,pollenaeva,pollenaeva,False,pollenaeva,pollenaeva,Other / Unclear
5f75fa91-3d18-4436-abd0-6531aac105c5,com,com,com,False,com,com,Other / Unclear
5f75fa91-3d18-4436-abd0-6531aac105c5,Wirtualnej Polski,Wirtualnej Polski,wirtualnej polski,False,wirtualny Polska,wirtualny Polska,Other / Unclear
5f75fa91-3d18-4436-abd0-6531aac105c5,Bran,Bran,bran,False,bran,bran,Other / Unclear
5f75fa91-3d18-4436-abd0-6531aac105c5,„Kosmetyki”,Kosmetyki,kosmetyki,False,kosmetyki,kosmetyki,Other / Unclear
5f9084e5-5be8-495e-8609-42afd90eada0,Polska The Times,Polska The Times,polska the times,False,Polska The Times,Polska The Times,Other / Unclear
5f9084e5-5be8-495e-8609-42afd90eada0,„Sieci,Sieci,sieci,False,sieć,sieć,Other / Unclear
5f9084e5-5be8-495e-8609-42afd90eada0,Teologia Polityczna,Teologia Polityczna,teologia polityczna,False,teologia polityczna,teologia polityczna,Other / Unclear
5f9084e5-5be8-495e-8609-42afd90eada0,teologiapolityczna,teologiapolityczna,teologiapolityczna,False,teologiapolityczna,teologiapolityczna,Other / Unclear
5f9084e5-5be8-495e-8609-42afd90eada0,tyczna,tyczna,tyczna,False,tyczna,tyczna,Other / Unclear
5fff4ff9-8415-42da-a690-462fa42e1c11,AURON,AURON,auron,False,auron,auron,Other / Unclear
601371f5-dabf-4453-988b-bd659bc69b85,Zentrum,Zentrum,zentrum,False,zentrum,zentrum,Other / Unclear
601371f5-dabf-4453-988b-bd659bc69b85,Experimental Studio,Experimental Studio,experimental studio,False,experimental studio,experimental studio,Other / Unclear
601371f5-dabf-4453-988b-bd659bc69b85,The Wire,The Wire,the wire,False,The wire,The wire,Other / Unclear
60704bde-b59e-48a9-9ae8-3f187aab1d48,LWWPP,LWWPP,lwwpp,False,lwwpp,lwwpp,Other / Unclear
609d23a8-623c-4b07-b168-b95cad076b1b,Zakładu Translatoryki i Glottodydak,Zakładu Translatoryki i Glottodydak,zakładu translatoryki i glottodydak,False,zakład translatoryki i glottodydak,zakład translatoryki i glottodydak,Other / Unclear
60da2d6a-fe77-4954-8121-07f4d932d42a,Vic,Vic,vic,False,vic,vic,Other / Unclear
60da2d6a-fe77-4954-8121-07f4d932d42a,Victims of Communism Memorial,Victims of Communism Memorial,victims of communism memorial,False,victims of communism memorial,victims of communism memorial,Other / Unclear
6136e121-a777-4a43-919f-d61d48a263a0,IOR–PIB,IOR–PIB,ior–pib,False,IOR – PIB,IOR – PIB,Other / Unclear
61a1041d-797a-443f-9afa-446893bfd71e,YouTube,YouTube,youtube,False,YouTube,YouTube,Other / Unclear
61c59319-4cea-4515-a157-395733e7fa9e,dziale Humanistyczno-Społecznym ATH,dziale Humanistyczno-Społecznym ATH,dziale humanistyczno-społecznym ath,False,dział humanistyczno - społeczny At,dział humanistyczno - społeczny At,Other / Unclear
61c59319-4cea-4515-a157-395733e7fa9e,sbc.org.,sbc.org.,sbc.org.,False,sbc.org .,sbc.org .,Other / Unclear
6288721b-6385-4cd6-b92f-13ee500c48a9,Katalogu Zabytków,Katalogu Zabytków,katalogu zabytków,False,katalog zabytków,katalog zabytków,Other / Unclear
629fe20e-e3f5-4613-b18f-dda576026872,unideb,unideb,unideb,False,unideb,unideb,Other / Unclear
62fd918f-3c2a-4106-b706-50ede839ceb7,Biuro Programu „Niepodległa,Biuro Programu „Niepodległa,biuro programu „niepodległa,False,biuro program „ niepodległa,biuro program „ niepodległa,Other / Unclear
632ef876-50a8-4c91-b7f7-dbc04db88c89,ekspert,ekspert,ekspert,False,ekspert,ekspert,Other / Unclear
632ef876-50a8-4c91-b7f7-dbc04db88c89,Now,Now,now,False,nowa,nowa,Other / Unclear
632ef876-50a8-4c91-b7f7-dbc04db88c89,a Trybuna Opolska,a Trybuna Opolska,a trybuna opolska,False,a trybuna opolska,a trybuna opolska,Other / Unclear
63310186-8969-4b43-9c2c-d5246eb2c353,Klimat,Klimat,klimat,False,klimat,klimat,Other / Unclear
633463c5-9527-4431-8a16-970b795c4601,Uniwersytecie Warmińsko-Mazurskim,Uniwersytecie Warmińsko-Mazurskim,uniwersytecie warmińsko-mazurskim,False,uniwersytet warmiński - mazurski,uniwersytet warmiński - mazurski,Other / Unclear
633463c5-9527-4431-8a16-970b795c4601,Świat,Świat,świat,False,świat,świat,Other / Unclear
636526b3-708d-443f-8a32-45b0655c0a6e,cseb.,cseb.,cseb.,False,cseb .,cseb .,Other / Unclear
636526b3-708d-443f-8a32-45b0655c0a6e,roc,roc,roc,False,roced,roced,Other / Unclear
636526b3-708d-443f-8a32-45b0655c0a6e,Dol,Dol,dol,False,dol,dol,Other / Unclear
63c46efc-3775-414e-8d35-de4f06b55db7,Pomeranii,Pomeranii,pomeranii,False,pomeranie,pomeranie,Other / Unclear
63c46efc-3775-414e-8d35-de4f06b55db7,Cze,Cze,cze,False,cze,cze,Other / Unclear
63c46efc-3775-414e-8d35-de4f06b55db7,Region,Region,region,False,region,region,Other / Unclear
64243b3e-b1ff-4930-9a01-3c2ea2276c29,. Franki,Franki,franki,False,franki,franki,Other / Unclear
64243b3e-b1ff-4930-9a01-3c2ea2276c29,Oddział Polski „THE EXPLORERS CLUB,Oddział Polski „THE EXPLORERS CLUB,oddział polski „the explorers club,False,oddział Polska „ THE explorers CLUB,oddział Polska „ THE explorers CLUB,Other / Unclear
643f8330-a46b-48cd-8dc2-f5f81b4b0072,Ini,Ini,ini,False,inita,inita,Other / Unclear
645a028b-871b-48db-8204-61a05ca4d0db,em Przyrodników,em Przyrodników,em przyrodników,False,być przyrodnik,być przyrodnik,Other / Unclear
64641562-0ba2-4ea1-807c-3eb8e393c327,The Conversation,The Conversation,the conversation,False,The conversation,The conversation,Other / Unclear
64641562-0ba2-4ea1-807c-3eb8e393c327,Daily Science,Daily Science,daily science,False,daily science,daily science,Other / Unclear
64c2119a-4808-461f-a99f-7bdea7deb827,strąg,strąg,strąg,False,strąg,strąg,Other / Unclear
64c89226-0646-44d4-be0c-44ec7b129d90,IŚGiE PŚ,IŚGiE PŚ,iśgie pś,False,istek PŚ,istek PŚ,Other / Unclear
64ce389b-2bb9-4a20-890b-e242c48ceb76,Ryszard Król PPHiUT,Ryszard Król PPHiUT,ryszard król pphiut,False,Ryszard król pphiut,Ryszard król pphiut,Other / Unclear
64ce389b-2bb9-4a20-890b-e242c48ceb76,RÓŻA,RÓŻA,róża,False,róża,róża,Other / Unclear
64e47327-d7a0-47ac-a904-acece8a8aac3,eDialog Sp. z o. o.,eDialog Sp. z o. o.,edialog sp. z o. o.,False,edialog Sp . z o . o .,edialog Sp . z o . o .,Other / Unclear
64e47327-d7a0-47ac-a904-acece8a8aac3,edialog.pl,edialog.pl,edialog.pl,False,edialog.pl,edialog.pl,Other / Unclear
64e47327-d7a0-47ac-a904-acece8a8aac3,elni,elni,elni,False,elni,elni,Other / Unclear
6540819e-ac32-4872-b018-d4ebaa4cd600,ściele,ściele,ściele,False,ściele,ściele,Other / Unclear
65c09280-468f-4e0a-b838-2b09ae55667f,Ter,Ter,ter,False,ter,ter,Other / Unclear
65c09280-468f-4e0a-b838-2b09ae55667f,ytorialnej Służby Wojskowej,ytorialnej Służby Wojskowej,ytorialnej służby wojskowej,False,ytorialna służba wójsko,ytorialna służba wójsko,Other / Unclear
65c843db-471d-4035-a05b-8f00c644d894,Metro,Metro,metro,False,metro,metro,Other / Unclear
65c843db-471d-4035-a05b-8f00c644d894,Travel Channel,Travel Channel,travel channel,False,travel channel,travel channel,Other / Unclear
65d1d1a5-ef4a-4849-ab77-0368263b53bf,rigaku.com,rigaku.com,rigaku.com,False,rigaku .com,rigaku .com,Other / Unclear
65d28a58-b0d3-4f79-80c7-8fd9b297c82d,nicyt,nicyt,nicyt,False,nicyt,nicyt,Other / Unclear
66ac7ce6-4b14-4fa7-a433-8b6ee7c0642f,Prat,Prat,prat,False,prat,prat,Other / Unclear
66ac7ce6-4b14-4fa7-a433-8b6ee7c0642f,t&Whitney Rzeszów,t&Whitney Rzeszów,t&whitney rzeszów,False,tets & whitney rzeszów,tets & whitney rzeszów,Other / Unclear
66ac7ce6-4b14-4fa7-a433-8b6ee7c0642f,ETDC,ETDC,etdc,False,et_c,et_c,Other / Unclear
66ac926c-7295-4cd6-aba5-30bd547f35fc,spir,spir,spir,False,spir,spir,Other / Unclear
66ac926c-7295-4cd6-aba5-30bd547f35fc,//line,line,line,False,line,line,Other / Unclear
66ae7c2c-c3ab-4d72-a900-f17d2eb2a789,TPMM Transnational Project Management,TPMM Transnational Project Management,tpmm transnational project management,False,tom transnational project management,tom transnational project management,Other / Unclear
66ae7c2c-c3ab-4d72-a900-f17d2eb2a789,LTTA Learning Teaching Training Activities,LTTA Learning Teaching Training Activities,ltta learning teaching training activities,False,ltta learning teaching training activities,ltta learning teaching training activities,Other / Unclear
66f287f4-fc0b-4395-be80-08e235ce34b9,bu Generalnego WP,bu Generalnego WP,bu generalnego wp,False,bu generalny WP,bu generalny WP,Other / Unclear
67347a1a-803d-42b9-b381-fca89de8b686,"Plants, Animals, Food and Feed","Plants, Animals, Food and Feed","plants, animals, food and feed",False,"plants , animals , food and feed","plants , animals , food and feed",Other / Unclear
67347a1a-803d-42b9-b381-fca89de8b686,PAFF,PAFF,paff,False,pafp,pafp,Other / Unclear
67347a1a-803d-42b9-b381-fca89de8b686,Commitee,Commitee,commitee,False,commitee,commitee,Other / Unclear
675e8128-140c-41c2-830b-1520704c7109,MBL PO,MBL PO,mbl po,False,matym_podo_centobun_ło PO,matym_podo_centobun_ło PO,Other / Unclear
676ad35c-7772-4e19-b552-a74e5df33e05,u im. Jana Wilkowskiego,u im. Jana Wilkowskiego,u im. jana wilkowskiego,False,u on . Jan wilkowski,u on . Jan wilkowski,Other / Unclear
676ad35c-7772-4e19-b552-a74e5df33e05,u Telewizji Polskiej,u Telewizji Polskiej,u telewizji polskiej,False,u telewizja polski,u telewizja polski,Other / Unclear
68051678-b103-401d-8970-380f6d5e9382,Prokuratur,Prokuratur,prokuratur,False,prokuratur,prokuratur,Other / Unclear
68122d30-b998-4da9-af10-c56d42c700d8,owi,owi,owi,False,ów,ów,Other / Unclear
6842c289-610f-43fc-bcc1-c87b39209b00,olimp-labs,olimp-labs,olimp-labs,False,olimp - labs,olimp - labs,Other / Unclear
686a9f0a-e906-48de-ab9c-470b56f317e8,EcoRGS,EcoRGS,ecorgs,False,ecorgs,ecorgs,Other / Unclear
6895085e-a1ee-4a20-b255-3ce7640d91ae,ated,ated,ated,False,ated,ated,Other / Unclear
68bcf8c9-75af-4323-bd2b-eae65400082e,W.Wojtasik,W.Wojtasik,w.wojtasik,False,w . wojtasik,w . wojtasik,Other / Unclear
68bcf8c9-75af-4323-bd2b-eae65400082e,A.Turską-Kawę,A.Turską-Kawę,a.turską-kawę,False,A. tursko - kawę,A. tursko - kawę,Other / Unclear
68bcf8c9-75af-4323-bd2b-eae65400082e,W.Wojtasika,W.Wojtasika,w.wojtasika,False,w . wojtasika,w . wojtasika,Other / Unclear
68bcf8c9-75af-4323-bd2b-eae65400082e,M. Marmolę,M. Marmolę,m. marmolę,False,M . marmolę,M . marmolę,Other / Unclear
68bcf8c9-75af-4323-bd2b-eae65400082e,A.Turskiej-Kawy,A.Turskiej-Kawy,a.turskiej-kawy,False,a . tursko - kawy,a . tursko - kawy,Other / Unclear
68bcf8c9-75af-4323-bd2b-eae65400082e,M.Marmolę,M.Marmolę,m.marmolę,False,M. marmolę,M. marmolę,Other / Unclear
68bcf8c9-75af-4323-bd2b-eae65400082e,General,General,general,False,General,General,Other / Unclear
68e096e7-6849-4988-a08c-5b7c838cf41a,spo,spo,spo,False,spo,spo,Other / Unclear
68e096e7-6849-4988-a08c-5b7c838cf41a,Roboczych,Roboczych,roboczych,False,robocze,robocze,Other / Unclear
68e096e7-6849-4988-a08c-5b7c838cf41a,ds. żywności w obszarze,ds. żywności w obszarze,ds. żywności w obszarze,False,do_spraw . żywność w obszar,ds. żywność w obszar,Other / Unclear
68e096e7-6849-4988-a08c-5b7c838cf41a,gospodarki,gospodarki,gospodarki,False,gospodarka,gospodarka,Other / Unclear
68e096e7-6849-4988-a08c-5b7c838cf41a,Interreg Europa,Interreg Europa,interreg europa,False,interreg Europa,interreg Europa,Other / Unclear
68e128a8-9168-4520-9746-404e9db3fcab,EPCglobal,EPCglobal,epcglobal,False,epcglobal,epcglobal,Other / Unclear
68e128a8-9168-4520-9746-404e9db3fcab,EMC,EMC,emc,False,EMC,EMC,Other / Unclear
691de70c-6c16-48c5-b03e-0e25902cb70a,dziale Prawa i Ekonomii,dziale Prawa i Ekonomii,dziale prawa i ekonomii,False,dział prawo i ekonomia,dział prawo i ekonomia,Other / Unclear
6924165d-d793-4031-8f56-2a2f18cc5a57,Biuro Programowania Katechezy,Biuro Programowania Katechezy,biuro programowania katechezy,False,biuro programowanie katechezy,biuro programowanie katechezy,Other / Unclear
69346308-61fd-4038-ae18-6a83bbfbe55c,Instytu,Instytu,instytu,False,instyt,instyt,Other / Unclear
696a75e2-d4b7-4966-901a-f06539087cdc,chóru UMCS,chóru UMCS,chóru umcs,False,chór umcs,chór umcs,Other / Unclear
69734c2f-ca5f-4ce7-98b3-36494de2e15d,Auto,Auto,auto,False,auto,auto,Other / Unclear
69734c2f-ca5f-4ce7-98b3-36494de2e15d,Classic,Classic,classic,False,classic,classic,Other / Unclear
69af7010-6ef9-421a-a43e-506e2b3ba08d,sko Pomorskiej Bibliotece Cyfrowej,sko Pomorskiej Bibliotece Cyfrowej,sko pomorskiej bibliotece cyfrowej,False,sko Pomorska bibliotece cyfrowa,sko Pomorska bibliotece cyfrowa,Other / Unclear
69af7010-6ef9-421a-a43e-506e2b3ba08d,ego,ego,ego,False,on,on,Other / Unclear
69c7532a-cbb2-472e-b7bd-2c588ca8e39d,lodz,lodz,lodz,False,lodzinic,lodzinic,Other / Unclear
6a6b35df-6ec3-4195-8ae9-fcce839488a0,Tytułów,Tytułów,tytułów,False,tytuł,tytuł,Other / Unclear
6a8a1eb5-a12f-46ef-9941-8cf74c20de92,Kongregacji ds. Świętych,Kongregacji ds. Świętych,kongregacji ds. świętych,False,kongregacji do_spraw . święty,kongregacji ds. święty,Other / Unclear
6a8a1eb5-a12f-46ef-9941-8cf74c20de92,Pierwsza,Pierwsza,pierwsza,False,pierwszy,pierwszy,Other / Unclear
6ab89c82-8d91-42e6-9f08-cc379656ff07,Mars,Mars,mars,False,Mars,Mars,Other / Unclear
6b0df6c9-8c71-4dfb-8221-522df77494f4,Západočeská Univerzita,Západočeská Univerzita,západočeská univerzita,False,západočeská univerzita,západočeská univerzita,Other / Unclear
6b134026-6232-43bb-8e6c-f69dc5f71482,Palestra,Palestra,palestra,False,palestra,palestra,Other / Unclear
6b986e50-b4ca-4824-956a-ec59faa460e4,pitalem Uniwersyteckim w,pitalem Uniwersyteckim w,pitalem uniwersyteckim w,False,pital uniwersytecki w,pital uniwersytecki w,Other / Unclear
6b986e50-b4ca-4824-956a-ec59faa460e4,ych,ych,ych,False,ych,ych,Other / Unclear
6b986e50-b4ca-4824-956a-ec59faa460e4,Contrac,Contrac,contrac,False,contrac,contrac,Other / Unclear
6bd3b9f6-6238-43ca-8928-9770b65c5906,ziale,ziale,ziale,False,ziale,ziale,Other / Unclear
6be39b6c-b358-480b-96ad-fdf22881f13a,Jabłonna 2020,Jabłonna 2020,jabłonna 2020,False,jabłonna 2020,jabłonna 2020,Other / Unclear
6be39b6c-b358-480b-96ad-fdf22881f13a,WIPASZ S.A,WIPASZ S.A,wipasz s.a,False,WIPASZ S . a,WIPASZ S . a,Other / Unclear
6be39b6c-b358-480b-96ad-fdf22881f13a,FARMER Sp. z o. o.,FARMER Sp. z o. o.,farmer sp. z o. o.,False,farmer Sp . z o . o .,farmer Sp . z o . o .,Other / Unclear
6c1aadbe-fef1-42cd-ad87-7d08a9123241,Konserwatora Zabytków W,Konserwatora Zabytków W,konserwatora zabytków w,False,konserwator zabytków w,konserwator zabytków w,Other / Unclear
6c34deed-af31-4aff-be00-c3c8a203567a,Polski,Polski,polski,False,Polska,Polska,Other / Unclear
6c34deed-af31-4aff-be00-c3c8a203567a,Koleje Linowe,Koleje Linowe,koleje linowe,False,kolej linowe,kolej linowe,Other / Unclear
6c34deed-af31-4aff-be00-c3c8a203567a,TPN-,TPN,tpn,False,tpa,tpa,Other / Unclear
6c34deed-af31-4aff-be00-c3c8a203567a,Wyż,Wyż,wyż,False,wyc,wyc,Other / Unclear
6c6e7bda-f363-4413-a2b5-ab024c45ddc2,spólnoty,spólnoty,spólnoty,False,spólnoty,spólnoty,Other / Unclear
6c6e7bda-f363-4413-a2b5-ab024c45ddc2,Ośrodek Diagnostyki i Terapii Laserowej,Ośrodek Diagnostyki i Terapii Laserowej,ośrodek diagnostyki i terapii laserowej,False,ośrodek diagnostyka i terapia laserowa,ośrodek diagnostyka i terapia laserowa,Other / Unclear
6c6e7bda-f363-4413-a2b5-ab024c45ddc2,Biodex,Biodex,biodex,False,biodex,biodex,Other / Unclear
6c6e7bda-f363-4413-a2b5-ab024c45ddc2,CAREN Extended,CAREN Extended,caren extended,False,caren extended,caren extended,Other / Unclear
6d2802df-df74-4522-bf75-b344edc137fe,arna,arna,arna,False,arna,arna,Other / Unclear
6d2802df-df74-4522-bf75-b344edc137fe,a Słowian,a Słowian,a słowian,False,a słowian,a słowian,Other / Unclear
6d2802df-df74-4522-bf75-b344edc137fe,Bistro GoTuJemy,Bistro GoTuJemy,bistro gotujemy,False,bistro geTjomy,bistro geTjomy,Other / Unclear
6d2802df-df74-4522-bf75-b344edc137fe,NYU,NYU,nyu,False,ny,ny,Other / Unclear
6dc19a27-7d38-4e34-9921-08424b689c37,"DG Employment, Social Affairs and Inclusion","DG Employment, Social Affairs and Inclusion","dg employment, social affairs and inclusion",False,"DG employment , social affairs and inclusion","DG employment , social affairs and inclusion",Other / Unclear
6dc19a27-7d38-4e34-9921-08424b689c37,Zespołu Problemowego WRDS,Zespołu Problemowego WRDS,zespołu problemowego wrds,False,zespół problemowy Wrdskusczy,zespół problemowy Wrdskusczy,Other / Unclear
6df739b5-dd91-400a-9323-f1257c3e9175,Sej,Sej,sej,False,sej,sej,Other / Unclear
6df739b5-dd91-400a-9323-f1257c3e9175,spekcja Transportu Drogowego,spekcja Transportu Drogowego,spekcja transportu drogowego,False,spekcja transport drogowy,spekcja transport drogowy,Other / Unclear
6df739b5-dd91-400a-9323-f1257c3e9175,ITD,ITD,itd,False,Iotar_ameryka_Rybołół,Iotar_ameryka_Rybołół,Other / Unclear
6dfcecbe-2338-4ce2-8529-f861648d5765,WB Electronics,WB Electronics,wb electronics,False,WB electronics,WB electronics,Other / Unclear
6e2789c6-5be9-4ed1-a4ac-b11c32b30407,Trzoda,Trzoda,trzoda,False,trzoda,trzoda,Other / Unclear
6e2789c6-5be9-4ed1-a4ac-b11c32b30407,Top Agra,Top Agra,top agra,False,top agra,top agra,Other / Unclear
6e2789c6-5be9-4ed1-a4ac-b11c32b30407,Farm,Farm,farm,False,farm,farm,Other / Unclear
6e43be2c-0226-4012-a154-bd8d4a9c77a1,Kulczyn Kolonia,Kulczyn Kolonia,kulczyn kolonia,False,kulczyn kolonia,kulczyn kolonia,Other / Unclear
6e43be2c-0226-4012-a154-bd8d4a9c77a1,agromarina,agromarina,agromarina,False,agromarina,agromarina,Other / Unclear
6e468f86-c17f-4431-b932-72fc377d85bc,„Manggha,Manggha,manggha,False,Manggha,Manggha,Other / Unclear
6e48b9db-0744-4900-b018-201202431e3f,Biuro do spraw pilota,Biuro do spraw pilota,biuro do spraw pilota,False,biuro do sprawa pilot,biuro do sprawa pilot,Other / Unclear
6e897775-498f-465c-8e63-259a0c3d0e83,Sikory,Sikory,sikory,False,sikory,sikory,Other / Unclear
6e897775-498f-465c-8e63-259a0c3d0e83,Sikorę,Sikorę,sikorę,False,sikorę,sikorę,Other / Unclear
6e897775-498f-465c-8e63-259a0c3d0e83,rzeszenie Kaszubsko-Pomorskie,rzeszenie Kaszubsko-Pomorskie,rzeszenie kaszubsko-pomorskie,False,rzeszenie kaszubsko - pomorski,rzeszenie kaszubsko - pomorski,Other / Unclear
6e897775-498f-465c-8e63-259a0c3d0e83,kor,kor,kor,False,kor,kor,Other / Unclear
6e92fa19-57a2-4c18-b8b8-f7f523205f8d,Wsparcia SZ,Wsparcia SZ,wsparcia sz,False,wsparcia SZ,wsparcia SZ,Other / Unclear
6ea8e4bb-ff8f-48a8-8c39-2f6621251971,u Polskiego,u Polskiego,u polskiego,False,u polski,u polski,Other / Unclear
6ea8e4bb-ff8f-48a8-8c39-2f6621251971,roc,roc,roc,False,roced,roced,Other / Unclear
6eabb820-e90f-4c92-8bd4-cc26020ee166,Foundation for Civic Space and Public Policy,Foundation for Civic Space and Public Policy,foundation for civic space and public policy,False,foundation forówna civic space and Public polica,foundation forówna civic space and Public polica,Other / Unclear
6eabb820-e90f-4c92-8bd4-cc26020ee166,Polish Academy of Arts and Sciences,Polish Academy of Arts and Sciences,polish academy of arts and sciences,False,polish academy of artko_pacyj and sciences,polish academy of artko_pacyj and sciences,Other / Unclear
6eabb820-e90f-4c92-8bd4-cc26020ee166,Polish National Foundation,Polish National Foundation,polish national foundation,False,polish National foundation,polish National foundation,Other / Unclear
6eabb820-e90f-4c92-8bd4-cc26020ee166,SciencePo,SciencePo,sciencepo,False,sciencepo,sciencepo,Other / Unclear
6eabb820-e90f-4c92-8bd4-cc26020ee166,Royal Holloway,Royal Holloway,royal holloway,False,Royal holloway,Royal holloway,Other / Unclear
6eabb820-e90f-4c92-8bd4-cc26020ee166,Academic Studies Press,Academic Studies Press,academic studies press,False,academic Studies press,academic Studies press,Other / Unclear
6eabb820-e90f-4c92-8bd4-cc26020ee166,Jag,Jag,jag,False,jag,jag,Other / Unclear
6f36df79-d20b-4376-b36a-37595fc014ff,pospolitej Polskiej,pospolitej Polskiej,pospolitej polskiej,False,pospolitej polski,pospolitej polski,Other / Unclear
6f36df79-d20b-4376-b36a-37595fc014ff,Trój,Trój,trój,False,trój,trój,Other / Unclear
6f36df79-d20b-4376-b36a-37595fc014ff,ytecie,ytecie,ytecie,False,ytek,ytek,Other / Unclear
6fb46bdc-df00-44e7-8f00-ea18d2e0ef1f,"""Education and dissemination""",Education and dissemination,education and dissemination,False,education and dissemination,education and dissemination,Other / Unclear
6fb46bdc-df00-44e7-8f00-ea18d2e0ef1f,EMPOWER-SE,EMPOWER-SE,empower-se,False,empower,empower,Other / Unclear
6fd0c1d5-635b-4dca-9a45-c2459f1a7689,IAHP,IAHP,iahp,False,iagpiło_,iagpiło_,Other / Unclear
6fd0c1d5-635b-4dca-9a45-c2459f1a7689,Interreg Polska-Saks,Interreg Polska-Saks,interreg polska-saks,False,interreg Polska - saks,interreg Polska - saks,Other / Unclear
6fd156be-1c30-43df-8086-51ae0c849438,Energy Econ,Energy Econ,energy econ,False,energy econ,energy econ,Other / Unclear
70573436-1c35-46d5-86a5-825dfd661733,Uniwersytecie Papieskim Jana Pawła II,Uniwersytecie Papieskim Jana Pawła II,uniwersytecie papieskim jana pawła ii,False,uniwersytet papieski Jan Paweł II,uniwersytet papieski Jan Paweł II,Other / Unclear
70860150-9cae-4208-ba06-5735a3be73db,Zachę,Zachę,zachę,False,zachę,zachę,Other / Unclear
70a75c11-dc9a-434a-8547-3c52594f3fc0,s.com,s.com,s.com,False,stec,stec,Other / Unclear
70a75c11-dc9a-434a-8547-3c52594f3fc0,nkreports.com,nkreports.com,nkreports.com,False,nkreports.c,nkreports.c,Other / Unclear
70a75c11-dc9a-434a-8547-3c52594f3fc0,com,com,com,False,com,com,Other / Unclear
70b4801c-ec42-47ce-afee-77bcc04ec2e3,Web of Science,Web of Science,web of science,False,web of science,web of science,Other / Unclear
70b4801c-ec42-47ce-afee-77bcc04ec2e3,ERIH PLUS,ERIH PLUS,erih plus,False,erefygopicemł PLUS,erefygopicemł PLUS,Other / Unclear
70b4801c-ec42-47ce-afee-77bcc04ec2e3,EBSCO,EBSCO,ebsco,False,ebsco,ebsco,Other / Unclear
70b4801c-ec42-47ce-afee-77bcc04ec2e3,CEEOL,CEEOL,ceeol,False,ceeol,ceeol,Other / Unclear
70b4801c-ec42-47ce-afee-77bcc04ec2e3,CEJSH,CEJSH,cejsh,False,cejsho,cejsho,Other / Unclear
70b4801c-ec42-47ce-afee-77bcc04ec2e3,Index Copernicus,Index Copernicus,index copernicus,False,Index Copernicus,Index Copernicus,Other / Unclear
70b4801c-ec42-47ce-afee-77bcc04ec2e3,BazHum,BazHum,bazhum,False,bazhum,bazhum,Other / Unclear
70b4801c-ec42-47ce-afee-77bcc04ec2e3,POL-index,POL-index,pol-index,False,pol-index,pol-index,Other / Unclear
711c6886-9752-41e5-9c97-f0e791848a1c,tygodni,tygodni,tygodni,False,tydzień,tydzień,Other / Unclear
711c6886-9752-41e5-9c97-f0e791848a1c,"""Angora",Angora,angora,False,angora,angora,Other / Unclear
711c6886-9752-41e5-9c97-f0e791848a1c,Wir,Wir,wir,False,Wiry,Wiry,Other / Unclear
711c6886-9752-41e5-9c97-f0e791848a1c,"""Angora""",Angora,angora,False,angora,angora,Other / Unclear
712a8d11-cb04-4536-a816-711adb40dcb5,ślą,ślą,ślą,False,śla,śla,Other / Unclear
712a8d11-cb04-4536-a816-711adb40dcb5,Śląski,Śląski,śląski,False,śląski,śląski,Other / Unclear
714a93cb-d92a-4da5-b919-e50fcc403bd3,Min. Spraw Zagr.,Min. Spraw Zagr.,min. spraw zagr.,False,min . sprawa zagr .,min . sprawa zagr .,Other / Unclear
716d5643-bbcb-49f3-a6d8-91b88a4b8518,Nature,Nature,nature,False,nature,nature,Other / Unclear
718ea60c-52a2-41c0-b458-46e6fd48c90f,ENG,ENG,eng,False,en_,en_,Other / Unclear
7196f5cd-96ad-4ad3-b394-4fdc34044334,ejsce,ejsce,ejsce,False,onice,onice,Other / Unclear
71a2e407-e2aa-426f-980a-c976b9311f24,physic,physic,physic,False,physic,physic,Other / Unclear
7207ee23-273a-4659-a52c-7081bbdf95fa,Polskiego,Polskiego,polskiego,False,polski,polski,Other / Unclear
7207ee23-273a-4659-a52c-7081bbdf95fa,Towarzyszy Diabetologicznego,Towarzyszy Diabetologicznego,towarzyszy diabetologicznego,False,towarzyszy diabetologiczny,towarzyszy diabetologiczny,Other / Unclear
72a0e7ab-011b-4f58-b119-b7d0f6c74677,dział Terenowy,dział Terenowy,dział terenowy,False,dział terenowy,dział terenowy,Other / Unclear
72aa6cce-d59a-4348-8f89-b59d295aef3f,iKNOW-WHO GmbH,iKNOW-WHO GmbH,iknow-who gmbh,False,śknowód gmba,śknowód gmba,Other / Unclear
731c3777-d7ae-424e-8c44-e4426460f86a,Uniwersytecie,Uniwersytecie,uniwersytecie,False,uniwersytet,uniwersytet,Other / Unclear
733b2700-402d-4caf-bbe0-7754bf08df8e,pół CNS,pół CNS,pół cns,False,pół ces,pół ces,Other / Unclear
733f6044-dcf2-4f15-b623-ebad9bb99ed7,Centrum Edukacyjne IPN im.,Centrum Edukacyjne IPN im.,centrum edukacyjne ipn im.,False,centrum edukacyjne IPN on .,centrum edukacyjne IPN on .,Other / Unclear
7369fc2b-3676-4716-84bf-3c7a10a64cc4,Płocku,Płocku,płocku,False,płocko,płocko,Other / Unclear
73a10ef0-7fa4-4bf0-8dd2-e1eebf38c63a,EW W,EW W,ew w,False,EW w,EW w,Other / Unclear
73d5e1b4-45ec-4bc8-973d-959a0b843bd7,u Psychologii i Kognitywistyki,u Psychologii i Kognitywistyki,u psychologii i kognitywistyki,False,u psychologie i kognitywistyka,u psychologie i kognitywistyka,Other / Unclear
74217028-f3fb-4726-94db-4d1560ae2b68,Uniwersytecie Przyrodniczym,Uniwersytecie Przyrodniczym,uniwersytecie przyrodniczym,False,uniwersytet przyrodniczy,uniwersytet przyrodniczy,Other / Unclear
74217028-f3fb-4726-94db-4d1560ae2b68,Księdze Ochrony Wyłącznego Prawa,Księdze Ochrony Wyłącznego Prawa,księdze ochrony wyłącznego prawa,False,księdze ochrona wyłączny prawo,księdze ochrona wyłączny prawo,Other / Unclear
74246ae2-4b81-4bd0-8ccb-d7adbd3e1986,ZPH Krzaczek,ZPH Krzaczek,zph krzaczek,False,zolamcpyk krzaczek,zolamcpyk krzaczek,Other / Unclear
7436e962-30be-4e01-8d30-ebdd44c91a91,Konwencji Ramsar,Konwencji Ramsar,konwencji ramsar,False,konwencja ramsar,konwencja ramsar,Other / Unclear
7440291b-4772-476b-98d9-fc0d12dc0db2,-Hopk,Hopk,hopk,False,hopk,hopk,Other / Unclear
7440291b-4772-476b-98d9-fc0d12dc0db2,ern-ithaca,ern-ithaca,ern-ithaca,False,er_yn_piażni - ithac,er_yn_piażni - ithac,Other / Unclear
7440291b-4772-476b-98d9-fc0d12dc0db2,-ithaca,ithaca,ithaca,False,ithac,ithac,Other / Unclear
74880323-715e-4203-9bd4-602dd7712d1b,Wiod,Wiod,wiod,False,wiod,wiod,Other / Unclear
74880323-715e-4203-9bd4-602dd7712d1b,Zespołu Badawczego Reg-Med-Lab Marycz’s Lab,Zespołu Badawczego Reg-Med-Lab Marycz’s Lab,zespołu badawczego reg-med-lab marycz’s lab,False,zespół badawczego reg-med - lab marycz’s lab,zespół badawczego reg-med - lab marycz’s lab,Other / Unclear
74880323-715e-4203-9bd4-602dd7712d1b,na in,na in,na in,False,na inny,na inny,Other / Unclear
74926cfd-9ca0-41b6-a7d5-9fd502f5f0c6,YouTube,YouTube,youtube,False,YouTube,YouTube,Other / Unclear
75a83357-ef05-481d-b87e-4f8731e9a32f,Kunat,Kunat,kunat,False,kunat,kunat,Other / Unclear
75a83357-ef05-481d-b87e-4f8731e9a32f,Uszyńskiej-Jarmoc,Uszyńskiej-Jarmoc,uszyńskiej-jarmoc,False,uszyńsko - jarmoc,uszyńsko - jarmoc,Other / Unclear
75a83357-ef05-481d-b87e-4f8731e9a32f,Kuna,Kuna,kuna,False,kuna,kuna,Other / Unclear
75a83357-ef05-481d-b87e-4f8731e9a32f,szyńskiej-Jarmoc,szyńskiej-Jarmoc,szyńskiej-jarmoc,False,szyńsko - jarmoc,szyńsko - jarmoc,Other / Unclear
75a83357-ef05-481d-b87e-4f8731e9a32f,uwb,uwb,uwb,False,uwba,uwba,Other / Unclear
75c703ce-263d-4481-be9a-86ef2546dceb,TWIST,TWIST,twist,False,twist,twist,Other / Unclear
75cc0f75-7619-4075-8101-22afdf33c99a,RDLP Pi,RDLP Pi,rdlp pi,False,rdlp pi,rdlp pi,Other / Unclear
75f1ea60-8581-4c63-b79d-1748cf05efd2,ski &,ski,ski,False,ski,ski,Other / Unclear
75f1ea60-8581-4c63-b79d-1748cf05efd2,łbus,łbus,łbus,False,łbus,łbus,Other / Unclear
75f1ea60-8581-4c63-b79d-1748cf05efd2,Zgromadzenia Związku,Zgromadzenia Związku,zgromadzenia związku,False,zgromadzenie związek,zgromadzenie związek,Other / Unclear
75f1ea60-8581-4c63-b79d-1748cf05efd2,madzenie,madzenie,madzenie,False,madzenie,madzenie,Other / Unclear
75fa650c-cc8b-4de3-8cd3-7bc1b053c004,Scientific Forum on Invasive Alien Species,Scientific Forum on Invasive Alien Species,scientific forum on invasive alien species,False,scientific forum on invasive alien species,scientific forum on invasive alien species,Other / Unclear
75fa650c-cc8b-4de3-8cd3-7bc1b053c004,dla,dla,dla,False,dla,dla,Other / Unclear
75fa650c-cc8b-4de3-8cd3-7bc1b053c004,łeczeństwa,łeczeństwa,łeczeństwa,False,łeczeństwo,łeczeństwo,Other / Unclear
76165434-d85a-4206-acc5-0dae5ed70956,Por,Por,por,False,por,por,Other / Unclear
76165434-d85a-4206-acc5-0dae5ed70956,Ginter,Ginter,ginter,False,ginter,ginter,Other / Unclear
76300814-f4fd-492e-a6bc-6ca0cff24812,Истории,Истории,истории,False,"Истори ""","Истори """,Other / Unclear
76300814-f4fd-492e-a6bc-6ca0cff24812,pod Stalin,pod Stalin,pod stalin,False,pod stalin,pod stalin,Other / Unclear
767e5c31-8b2f-4278-99b3-fd1e344315dd,J. of Physiology and Pharmacology,J. of Physiology and Pharmacology,j. of physiology and pharmacology,False,J . of physiology and pharmacology,J . of physiology and pharmacology,Other / Unclear
77029baa-d512-45e1-9446-9eed249577e6,uj.edu,uj.edu,uj.edu,False,uj.ed,uj.ed,Other / Unclear
773f9b78-2cc1-459f-b857-20d48efd13b9,PKP Polskie Linie Kolejowe S.,PKP Polskie Linie Kolejowe S.,pkp polskie linie kolejowe s.,False,PKP polski linia kolejowe S .,PKP polski linia kolejowe S .,Other / Unclear
777bf281-9ef7-42a2-afcd-9f3b7df024e2,Wojs,Wojs,wojs,False,wojs,wojs,Other / Unclear
779b21fc-a345-4a6b-bd3c-edf817b36bb2,WMI,WMI,wmi,False,wmięd,wmięd,Other / Unclear
78460efc-041e-41e2-a383-c3619054e558,iaea.org,iaea.org,iaea.org,False,iaea.org,iaea.org,Other / Unclear
78460efc-041e-41e2-a383-c3619054e558,INCT,INCT,inct,False,inct,inct,Other / Unclear
79063db0-9852-4a50-a596-c1d23b9b9c8e,PGW,PGW,pgw,False,pod,pod,Other / Unclear
79063db0-9852-4a50-a596-c1d23b9b9c8e,ukw,ukw,ukw,False,ukwa,ukwa,Other / Unclear
791b0a1b-365b-411f-85a8-6e43c4407578,CinemaVision,CinemaVision,cinemavision,False,cinemavision,cinemavision,Other / Unclear
79777ee2-7a76-47c4-8a6f-6c949ef7f383,Obserwatorium Finansowego,Obserwatorium Finansowego,obserwatorium finansowego,False,obserwatorium finansowego,obserwatorium finansowego,Other / Unclear
79777ee2-7a76-47c4-8a6f-6c949ef7f383,Financial,Financial,financial,False,financial,financial,Other / Unclear
799f4917-dab5-4e75-8c4c-b4608be3f775,ITU,ITU,itu,False,itu,itu,Other / Unclear
799f4917-dab5-4e75-8c4c-b4608be3f775,Microsoft Reasearch Asia,Microsoft Reasearch Asia,microsoft reasearch asia,False,Microsoft reasearch Asia,Microsoft reasearch Asia,Other / Unclear
799f4917-dab5-4e75-8c4c-b4608be3f775,Fraunhofer Inst. HHI(D,Fraunhofer Inst. HHI(D,fraunhofer inst. hhi(d,False,fraunhofer init . HHI ( D,fraunhofer init . HHI ( D,Other / Unclear
799f4917-dab5-4e75-8c4c-b4608be3f775,Rensselaer Polytechnic Inst.,Rensselaer Polytechnic Inst.,rensselaer polytechnic inst.,False,rensselaer polytechnic init .,rensselaer polytechnic init .,Other / Unclear
799f4917-dab5-4e75-8c4c-b4608be3f775,Thomson R&D,Thomson R&D,thomson r&d,False,thomson R & D,thomson R & D,Other / Unclear
799f4917-dab5-4e75-8c4c-b4608be3f775,OES/ITRI,OES/ITRI,oes/itri,False,oes/itri,oes/itri,Other / Unclear
799f4917-dab5-4e75-8c4c-b4608be3f775,Nat. Chiao Tung Univ.,Nat. Chiao Tung Univ.,nat. chiao tung univ.,False,nat . chiao tung univ .,nat . chiao tung univ .,Other / Unclear
799f4917-dab5-4e75-8c4c-b4608be3f775,ISO/,ISO,iso,False,ISO,ISO,Other / Unclear
79b66676-a2c7-4588-a86b-e53cd79b5b4a,Do Rzeczy,Do Rzeczy,do rzeczy,False,do rzecz,do rzecz,Other / Unclear
79c7d98c-b3dc-4d2d-bc8c-a018900e138f,ządowym Biurze Monitorowania Projektów,ządowym Biurze Monitorowania Projektów,ządowym biurze monitorowania projektów,False,ządowym biuro monitorowanie projektów,ządowym biuro monitorowanie projektów,Other / Unclear
79c7d98c-b3dc-4d2d-bc8c-a018900e138f,stwo Klimatu i Środowiska,stwo Klimatu i Środowiska,stwo klimatu i środowiska,False,stwo klimatu i środowisko,stwo klimatu i środowisko,Other / Unclear
79dc0ca6-1ba7-4e38-9b74-adbdba223098,AAAAA,AAAAA,aaaaa,False,aaaaa,aaaaa,Other / Unclear
79dc0ca6-1ba7-4e38-9b74-adbdba223098,RIELA,RIELA,riela,False,riela,riela,Other / Unclear
7a3fa858-e192-4868-8360-94cf2b15802c,Age,Age,age,False,agek,agek,Other / Unclear
7a45b189-8ba9-4d14-8914-be5db25a305b,Biblio,Biblio,biblio,False,biblio,biblio,Other / Unclear
7a68d3b5-fd97-4b86-a976-bcea283a2d09,Posydenky,Posydenky,posydenky,False,posydenky,posydenky,Other / Unclear
7a68d3b5-fd97-4b86-a976-bcea283a2d09,Kurier Szczeciński,Kurier Szczeciński,kurier szczeciński,False,kurier szczeciński,kurier szczeciński,Other / Unclear
7afd7fec-cda2-42a3-be40-fbef0c35c7c2,reeone,reeone,reeone,False,reeone,reeone,Other / Unclear
7b727361-c049-4f73-a766-be16bdc25536,elnię,elnię,elnię,False,elnie,elnie,Other / Unclear
7b73919b-9329-4a75-8f15-d32d769ee57b,Połączona Polska Hodowla,Połączona Polska Hodowla,połączona polska hodowla,False,połączona Polska hodowla,połączona Polska hodowla,Other / Unclear
7b949792-098e-44c2-879e-e693f1819827,tucie,tucie,tucie,False,tuć,tuć,Other / Unclear
7b949792-098e-44c2-879e-e693f1819827,"Allena Pharmaceuticals, Inc.","Allena Pharmaceuticals, Inc.","allena pharmaceuticals, inc.",False,"allena pharmaceuticals , intym_podobdab .","allena pharmaceuticals , intym_podobdab .",Other / Unclear
7c954edc-8241-41c3-8c98-c2601c8978ee,Central,Central,central,False,central,central,Other / Unclear
7cac37e2-a2ed-4232-af41-79c5085abff4,JAMA,JAMA,jama,False,jama,jama,Other / Unclear
7cc6bb99-dff1-4c2a-8316-18967e2f811d,Agropolska,Agropolska,agropolska,False,agropolska,agropolska,Other / Unclear
7cc6bb99-dff1-4c2a-8316-18967e2f811d,ska,ska,ska,False,ska,ska,Other / Unclear
7ce6e33a-18ea-4259-b3b0-3d42563d5f9c,Sanepi,Sanepi,sanepi,False,sanepi,sanepi,Other / Unclear
7ce6e33a-18ea-4259-b3b0-3d42563d5f9c,Zakładem Wo,Zakładem Wo,zakładem wo,False,zakładem wo,zakładem wo,Other / Unclear
7cecda03-4491-4256-a78a-bbfbc4224302,KL Dach,KL Dach,kl dach,False,KL dach,KL dach,Other / Unclear
7cecda03-4491-4256-a78a-bbfbc4224302,Śląskiego Centrum Wolności i Solidarności,Śląskiego Centrum Wolności i Solidarności,śląskiego centrum wolności i solidarności,False,śląski centrum wolność i solidarność,śląski centrum wolność i solidarność,Other / Unclear
7cecda03-4491-4256-a78a-bbfbc4224302,Rodzin,Rodzin,rodzin,False,rodzin,rodzin,Other / Unclear
7d5f32dc-dfab-4e06-88ea-a34e6c750a18,e Centrum Rozwoju Kształcenia Zawodowego,e Centrum Rozwoju Kształcenia Zawodowego,e centrum rozwoju kształcenia zawodowego,False,e centrum rozwój kształcenie zawodowy,e centrum rozwój kształcenie zawodowy,Other / Unclear
7d5f32dc-dfab-4e06-88ea-a34e6c750a18,Międzyresortowego Zespołu,Międzyresortowego Zespołu,międzyresortowego zespołu,False,międzyresortowy zespół,międzyresortowy zespół,Other / Unclear
7dbfcff5-a7ac-4fd7-b050-4bed8ffebb41,SFORA,SFORA,sfora,False,sfora,sfora,Other / Unclear
7dca12f9-481d-4956-97f6-75bf9ec618ad,spo,spo,spo,False,spo,spo,Other / Unclear
7e0f115c-bdee-49bb-911c-8f912f58c5aa,Spec,Spec,spec,False,spec,spec,Other / Unclear
7e0f115c-bdee-49bb-911c-8f912f58c5aa,Por,Por,por,False,por,por,Other / Unclear
7e2e224a-facd-448a-aedb-ea5e18347eb3,alni Węgla Brunatnego PAK,alni Węgla Brunatnego PAK,alni węgla brunatnego pak,False,alni węgiel brunatny Pak,alni węgiel brunatny Pak,Other / Unclear
7ebd90d1-a8d4-400c-890e-c739a083c0cb,Ann,Ann,ann,False,ann,ann,Other / Unclear
7ebd90d1-a8d4-400c-890e-c739a083c0cb,J Rheuma,J Rheuma,j rheuma,False,J rheuma,J rheuma,Other / Unclear
7ebd90d1-a8d4-400c-890e-c739a083c0cb,The Thoracic Society of Australia and New Zealand,The Thoracic Society of Australia and New Zealand,the thoracic society of australia and new zealand,False,The thoracic society of Australia and New zealand,The thoracic society of Australia and New zealand,Other / Unclear
7ebd90d1-a8d4-400c-890e-c739a083c0cb,Jee AS,Jee AS,jee as,False,jee AS,jee AS,Other / Unclear
7ebd90d1-a8d4-400c-890e-c739a083c0cb,Respirology,Respirology,respirology,False,respirology,respirology,Other / Unclear
7ebd90d1-a8d4-400c-890e-c739a083c0cb,American Society for Blood and Marrow Transplantation,American Society for Blood and Marrow Transplantation,american society for blood and marrow transplantation,False,american society forówna blood and marrow transplantation,american society forówna blood and marrow transplantation,Other / Unclear
7ed29034-e100-499e-87aa-99e87dd04654,Konwent,Konwent,konwent,False,konwent,konwent,Other / Unclear
7ed29034-e100-499e-87aa-99e87dd04654,Dyrektorów ROPS,Dyrektorów ROPS,dyrektorów rops,False,dyrektorów rops,dyrektorów rops,Other / Unclear
7ed29034-e100-499e-87aa-99e87dd04654,Kancelar,Kancelar,kancelar,False,kancelar,kancelar,Other / Unclear
7f13cfd3-2285-4362-a37b-67ed3fe6b50e,Bureau of Meteorology,Bureau of Meteorology,bureau of meteorology,False,burea of meteorology,burea of meteorology,Other / Unclear
7f62d9ad-7c68-42d8-b626-b97114d91832,rafinerią Lotos,rafinerią Lotos,rafinerią lotos,False,rafineria lotos,rafineria lotos,Other / Unclear
7f62d9ad-7c68-42d8-b626-b97114d91832,spo,spo,spo,False,spo,spo,Other / Unclear
7fa93f9b-a6e6-4a71-a56a-d6985ef5fd6f,iGrid T&D,iGrid T&D,igrid t&d,False,iGrid T & D,iGrid T & D,Other / Unclear
7fa93f9b-a6e6-4a71-a56a-d6985ef5fd6f,lan,lan,lan,False,lan,lan,Other / Unclear
7fa93f9b-a6e6-4a71-a56a-d6985ef5fd6f,Sesan,Sesan,sesan,False,sesan,sesan,Other / Unclear
7fa9aeb6-91d7-4495-ba36-239c9bee8ac8,u Ochrony Środowiska,u Ochrony Środowiska,u ochrony środowiska,False,u ochrona środowisko,u ochrona środowisko,Other / Unclear
7fa9aeb6-91d7-4495-ba36-239c9bee8ac8,em Meteorologii i Gospodarki Wodnej PIB,em Meteorologii i Gospodarki Wodnej PIB,em meteorologii i gospodarki wodnej pib,False,być meteorologia i gospodarka wodny PIB,być meteorologia i gospodarka wodny PIB,Other / Unclear
7fa9aeb6-91d7-4495-ba36-239c9bee8ac8,Gospodarki Morskiej i Żeglugi Śródlądowej,Gospodarki Morskiej i Żeglugi Śródlądowej,gospodarki morskiej i żeglugi śródlądowej,False,gospodarka morski i żeglugi śródlądowa,gospodarka morski i żeglugi śródlądowa,Other / Unclear
7fa9aeb6-91d7-4495-ba36-239c9bee8ac8,RDW,RDW,rdw,False,rtoktzycpa,rtoktzycpa,Other / Unclear
800230b8-edae-42e7-86a5-3ad164cf5226,VoxEU.org,VoxEU.org,voxeu.org,False,voxeu.org,voxeu.org,Other / Unclear
800230b8-edae-42e7-86a5-3ad164cf5226,UN DESA,UN DESA,un desa,False,UN desa,UN desa,Other / Unclear
805f81bd-7d03-4dc7-b253-2ccbf37f1a8f,Instytucji Otoczenia Biznesu,Instytucji Otoczenia Biznesu,instytucji otoczenia biznesu,False,instytucji otoczenie biznes,instytucji otoczenie biznes,Other / Unclear
8069f404-7d41-4924-a658-d0bed7bf2267,Web of Science,Web of Science,web of science,False,web of science,web of science,Other / Unclear
808e0d95-16a4-494f-8fc1-dc4476a2023e,sności Intelek,sności Intelek,sności intelek,False,sności intelek,sności intelek,Other / Unclear
80ce22d5-510c-4c1b-a2bf-9358e6547bdb,owarzy,owarzy,owarzy,False,owarz,owarz,Other / Unclear
80ce22d5-510c-4c1b-a2bf-9358e6547bdb,szenie Przyjaciół Polskich Weteranów,szenie Przyjaciół Polskich Weteranów,szenie przyjaciół polskich weteranów,False,szenko przyjaciel polski weteran,szenko przyjaciel polski weteran,Other / Unclear
80ce22d5-510c-4c1b-a2bf-9358e6547bdb,Związek Polaków,Związek Polaków,związek polaków,False,związek Polak,związek Polak,Other / Unclear
811f74c2-13c9-48f8-bdfe-e24ab7534721,„Creator,Creator,creator,False,creator,creator,Other / Unclear
811f74c2-13c9-48f8-bdfe-e24ab7534721,„Kriosystem,Kriosystem,kriosystem,False,kriosystem,kriosystem,Other / Unclear
811f74c2-13c9-48f8-bdfe-e24ab7534721,„Kriomaren,Kriomaren,kriomaren,False,kriomaren,kriomaren,Other / Unclear
811f74c2-13c9-48f8-bdfe-e24ab7534721,pital Kliniczny MSWi,pital Kliniczny MSWi,pital kliniczny mswi,False,pital kliniczny mSa,pital kliniczny mSa,Other / Unclear
81b4974f-745d-40ee-a057-a376e9dd3fa2,PI PIB,PI PIB,pi pib,False,PI PIB,PI PIB,Other / Unclear
82d76e57-4d83-41e0-9022-c851267bbae8,ad Flexum,ad Flexum,ad flexum,False,ad flexum,ad flexum,Other / Unclear
82d76e57-4d83-41e0-9022-c851267bbae8,Museo de la Memoria,Museo de la Memoria,museo de la memoria,False,museo de la memoria,museo de la memoria,Other / Unclear
8328f984-d095-44b0-800d-2482e7175329,YouTube,YouTube,youtube,False,YouTube,YouTube,Other / Unclear
8328f984-d095-44b0-800d-2482e7175329,tuki,tuki,tuki,False,tuki,tuki,Other / Unclear
83979ec0-422c-436e-90ba-9f328519f3e0,Transgranicznego Rezerwatu Biosfery Roztocze,Transgranicznego Rezerwatu Biosfery Roztocze,transgranicznego rezerwatu biosfery roztocze,False,transgraniczny rezerwat biosfer roztocze,transgraniczny rezerwat biosfer roztocze,Other / Unclear
83a119fb-dea8-4614-9f38-09d83a52c62e,MNiE,MNiE,mnie,False,mnie,mnie,Other / Unclear
83a119fb-dea8-4614-9f38-09d83a52c62e,SCOPUS,SCOPUS,scopus,False,scopus,scopus,Other / Unclear
83a119fb-dea8-4614-9f38-09d83a52c62e,Edward Elgar,Edward Elgar,edward elgar,False,Edward elgar,Edward elgar,Other / Unclear
83cc6974-e0ed-4bee-9205-33c9116db36d,Twojego Stylu,Twojego Stylu,twojego stylu,False,twój styl,twój styl,Other / Unclear
83cc6974-e0ed-4bee-9205-33c9116db36d,Przyjaciół,Przyjaciół,przyjaciół,False,przyjaciel,przyjaciel,Other / Unclear
83cc6974-e0ed-4bee-9205-33c9116db36d,onet.pl,onet.pl,onet.pl,False,onet.pl,onet.pl,Other / Unclear
83cc6974-e0ed-4bee-9205-33c9116db36d,interia.pl,interia.pl,interia.pl,False,interia.pl,interia.pl,Other / Unclear
83cc6974-e0ed-4bee-9205-33c9116db36d,polki,polki,polki,False,polki,polki,Other / Unclear
843d3d44-a8d7-4b0f-a31b-435725fcc472,NITROCHEM,NITROCHEM,nitrochem,False,nitroce,nitroce,Other / Unclear
845d01a4-24ca-4f54-a77f-eed847130c53,Instal,Instal,instal,False,instal,instal,Other / Unclear
845d01a4-24ca-4f54-a77f-eed847130c53,Grup,Grup,grup,False,grup,grup,Other / Unclear
845d01a4-24ca-4f54-a77f-eed847130c53,Roboczej,Roboczej,roboczej,False,robocze,robocze,Other / Unclear
8489acb3-2df0-440e-abff-2b77f8c2757a,CH2 Architekci,CH2 Architekci,ch2 architekci,False,cho architekci,cho architekci,Other / Unclear
85186452-e77c-4dfb-8429-edd2961374ff,Ośrodek hodowli pstrąga,Ośrodek hodowli pstrąga,ośrodek hodowli pstrąga,False,ośrodek hodowla pstrąga,ośrodek hodowla pstrąga,Other / Unclear
85186452-e77c-4dfb-8429-edd2961374ff,aquafarm,aquafarm,aquafarm,False,aquafarm,aquafarm,Other / Unclear
85186452-e77c-4dfb-8429-edd2961374ff,Hodowla ryb,Hodowla ryb,hodowla ryb,False,hodowla ryba,hodowla ryba,Other / Unclear
85186452-e77c-4dfb-8429-edd2961374ff,ekofarmawroclaw,ekofarmawroclaw,ekofarmawroclaw,False,ekofarmawroclaw,ekofarmawroclaw,Other / Unclear
85186452-e77c-4dfb-8429-edd2961374ff,Zielenica Gospodarstwo ry,Zielenica Gospodarstwo ry,zielenica gospodarstwo ry,False,zielenica gospodarstwo ry,zielenica gospodarstwo ry,Other / Unclear
85186452-e77c-4dfb-8429-edd2961374ff,Anna Skowrońska,Anna Skowrońska,anna skowrońska,False,Anna skowrońska,Anna skowrońska,Other / Unclear
85186452-e77c-4dfb-8429-edd2961374ff,enica,enica,enica,False,enica,enica,Other / Unclear
85186452-e77c-4dfb-8429-edd2961374ff,P.P.H. “Aquamar,P.P.H. “Aquamar,p.p.h. “aquamar,False,"P . P . H . "" aquamar","P . P . H . "" aquamar",Other / Unclear
853ce7b4-c265-46e0-96c8-d248c4969250,EUREKA,EUREKA,eureka,False,eureka,eureka,Other / Unclear
85c54c45-6c40-41ac-829d-9705c28a3dff,Deutsches Zentrum für Luft- und Raumfahrt e.V.,Deutsches Zentrum für Luft- und Raumfahrt e.V.,deutsches zentrum für luft- und raumfahrt e.v.,False,deutsches zentrum fod_wnaw luft- undyp raumfahrt e.V .,deutsches zentrum fod_wnaw luft- undyp raumfahrt e.V .,Other / Unclear
85e3ae10-593f-4111-aea2-10a1e4119f5c,stytucie Astronomicznym UWr,stytucie Astronomicznym UWr,stytucie astronomicznym uwr,False,stytucie astronomiczny uwo,stytucie astronomiczny uwo,Other / Unclear
85e3ae10-593f-4111-aea2-10a1e4119f5c,Dydaktyki i Popularyzacji Astronomii „Planetarium,Dydaktyki i Popularyzacji Astronomii „Planetarium,dydaktyki i popularyzacji astronomii „planetarium,False,dydaktyki i popularyzacji astronomii „ planetarium,dydaktyki i popularyzacji astronomii „ planetarium,Other / Unclear
86231a60-604e-4c63-92d4-e1b1ca916dbd,Mag,Mag,mag,False,mag,mag,Other / Unclear
86231a60-604e-4c63-92d4-e1b1ca916dbd,neti Marelli,neti Marelli,neti marelli,False,neti marelli,neti marelli,Other / Unclear
86231a60-604e-4c63-92d4-e1b1ca916dbd,BOSCH,BOSCH,bosch,False,bosch,bosch,Other / Unclear
86a7d30f-d14d-410a-a385-454ed77a328b,Zagłady Żydów,Zagłady Żydów,zagłady żydów,False,zagłady Żyd,zagłady Żyd,Other / Unclear
86d1a11e-4f7d-4172-bab4-33ace1401f63,CLO,CLO,clo,False,clo,clo,Other / Unclear
86d1a11e-4f7d-4172-bab4-33ace1401f63,Biomacrom,Biomacrom,biomacrom,False,biomacrom,biomacrom,Other / Unclear
86f656df-085c-4203-bc3b-3471730b7153,Grup,Grup,grup,False,grup,grup,Other / Unclear
86f656df-085c-4203-bc3b-3471730b7153,producentów rolnych,producentów rolnych,producentów rolnych,False,producent rolny,producent rolny,Other / Unclear
87099377-0eb1-47f7-acb1-8f32a18dca93,l Ph,l Ph,l ph,False,lata Ph,lata Ph,Other / Unclear
874160ee-59a6-4cfc-8b3c-591eb0e1efa2,II Wojny Świat,II Wojny Świat,ii wojny świat,False,II wojna świat,II wojna świat,Other / Unclear
8743d58b-6082-469b-8a1f-7145a9a704dd,Web of Science,Web of Science,web of science,False,web of science,web of science,Other / Unclear
8743d58b-6082-469b-8a1f-7145a9a704dd,Cochrane Database Syst,Cochrane Database Syst,cochrane database syst,False,cochrane database systep,cochrane database systep,Other / Unclear
8743d58b-6082-469b-8a1f-7145a9a704dd,NeroRehab,NeroRehab,nerorehab,False,nerorehab,nerorehab,Other / Unclear
8743d58b-6082-469b-8a1f-7145a9a704dd,ombe,ombe,ombe,False,omba,omba,Other / Unclear
8743d58b-6082-469b-8a1f-7145a9a704dd,Polańczyk Zd,Polańczyk Zd,polańczyk zd,False,polańczyk Zd,polańczyk Zd,Other / Unclear
8743d58b-6082-469b-8a1f-7145a9a704dd,Janów Lubelski,Janów Lubelski,janów lubelski,False,janów lubelski,janów lubelski,Other / Unclear
87f0f421-be9d-42c7-9c91-3972f813daa6,Konsorcjum Analizy Klinicznej Proteomu Nowotworów,Konsorcjum Analizy Klinicznej Proteomu Nowotworów,konsorcjum analizy klinicznej proteomu nowotworów,False,konsorcjum analizy kliniczna proteomu nowotwór,konsorcjum analizy kliniczna proteomu nowotwór,Other / Unclear
87f0f421-be9d-42c7-9c91-3972f813daa6,Clinical Proteomic Tumor Analysis Consortium,Clinical Proteomic Tumor Analysis Consortium,clinical proteomic tumor analysis consortium,False,clinical proteomic tumor analysis consortium,clinical proteomic tumor analysis consortium,Other / Unclear
87fdf83f-bdfc-4cf1-8d80-3253b8f4e29b,Suh,Suh,suh,False,suh,suh,Other / Unclear
87fdf83f-bdfc-4cf1-8d80-3253b8f4e29b,Suhorze,Suhorze,suhorze,False,suhorze,suhorze,Other / Unclear
88895cc7-c552-459f-8793-59d0993acc51,w. Przyjaciół Sulejówka,w. Przyjaciół Sulejówka,w. przyjaciół sulejówka,False,w . przyjaciel sulejówka,w . przyjaciel sulejówka,Other / Unclear
88895cc7-c552-459f-8793-59d0993acc51,Otwartym Sulejówkiem,Otwartym Sulejówkiem,otwartym sulejówkiem,False,otwartym sulejówki,otwartym sulejówki,Other / Unclear
88895cc7-c552-459f-8793-59d0993acc51,estiwal Zofiówka,estiwal Zofiówka,estiwal zofiówka,False,estiwal zofiówka,estiwal zofiówka,Other / Unclear
88e06aa1-ce71-471e-be12-16b79843544c,HörTech gGmbH,HörTech gGmbH,hörtech ggmbh,False,hörtech gGmbH,hörtech gGmbH,Other / Unclear
88e7ddcb-9a4b-4a96-bf18-e455214d4e71,PTI,PTI,pti,False,PTI,PTI,Other / Unclear
88e7ddcb-9a4b-4a96-bf18-e455214d4e71,Canada,Canada,canada,False,canada,canada,Other / Unclear
88e7ddcb-9a4b-4a96-bf18-e455214d4e71,Power Engineering Transforma,Power Engineering Transforma,power engineering transforma,False,Power engineering transforma,Power engineering transforma,Other / Unclear
88e7ddcb-9a4b-4a96-bf18-e455214d4e71,ZREW Transformatory,ZREW Transformatory,zrew transformatory,False,zrewoziczolica transformatory,zrewoziczolica transformatory,Other / Unclear
88e7ddcb-9a4b-4a96-bf18-e455214d4e71,Podmiotu,Podmiotu,podmiotu,False,podmiot,podmiot,Other / Unclear
891466dd-9b3e-4338-9946-94b9c49d0145,spo,spo,spo,False,spo,spo,Other / Unclear
891466dd-9b3e-4338-9946-94b9c49d0145,łu Ochrony Atmosfery,łu Ochrony Atmosfery,łu ochrony atmosfery,False,łu ochrona atmosfery,łu ochrona atmosfery,Other / Unclear
891466dd-9b3e-4338-9946-94b9c49d0145,Atmospheric En,Atmospheric En,atmospheric en,False,atmospheric En,atmospheric En,Other / Unclear
894a7d8d-e527-4449-893c-710de4df148e,TON,TON,ton,False,ton,ton,Other / Unclear
89644204-5918-4a7c-8c36-fa2a3c7b38b3,CIECH S.A,CIECH S.A,ciech s.a,False,ciech S . a,ciech S . a,Other / Unclear
8a3c789a-9b44-40ee-8c25-97ce34b48eb5,oje,oje,oje,False,on,on,Other / Unclear
8a3c789a-9b44-40ee-8c25-97ce34b48eb5,Świętokrzyską Sieć Optymalnego Leczenia,Świętokrzyską Sieć Optymalnego Leczenia,świętokrzyską sieć optymalnego leczenia,False,świętokrzyska sieć optymalnego leczenie,świętokrzyska sieć optymalnego leczenie,Other / Unclear
8a3c789a-9b44-40ee-8c25-97ce34b48eb5,wału Serca,wału Serca,wału serca,False,wał serca,wał serca,Other / Unclear
8a3c789a-9b44-40ee-8c25-97ce34b48eb5,STEMI,STEMI,stemi,False,stejs,stejs,Other / Unclear
8a7f70b0-30b7-4419-8d5e-7e4d57306018,Cze,Cze,cze,False,cze,cze,Other / Unclear
8abb97ab-da22-4e1b-974a-101822c25140,onet.pl,onet.pl,onet.pl,False,onet.pl,onet.pl,Other / Unclear
8abb97ab-da22-4e1b-974a-101822c25140,„Idziemy,Idziemy,idziemy,False,iść,iść,Other / Unclear
8abb97ab-da22-4e1b-974a-101822c25140,„Gość Niedzielny,Gość Niedzielny,gość niedzielny,False,gość niedzielny,gość niedzielny,Other / Unclear
8abb97ab-da22-4e1b-974a-101822c25140,Wykopu,Wykopu,wykopu,False,wykop,wykop,Other / Unclear
8abb97ab-da22-4e1b-974a-101822c25140,YouTube,YouTube,youtube,False,YouTube,YouTube,Other / Unclear
8abb97ab-da22-4e1b-974a-101822c25140,Kon,Kon,kon,False,kon,kon,Other / Unclear
8ac1daff-316c-46b3-ae41-16cacd7e4e0a,Swedwood Resko,Swedwood Resko,swedwood resko,False,swedwood resko,swedwood resko,Other / Unclear
8b6e15ed-8120-4a7a-9d37-4dc5557374f1,Jedno,Jedno,jedno,False,jedno,jedno,Other / Unclear
8bf4c087-6d91-4525-97b1-0ca74975a9c7,Agen,Agen,agen,False,agen,agen,Other / Unclear
8bf4c087-6d91-4525-97b1-0ca74975a9c7,cja Rewitalizacji Starówki,cja Rewitalizacji Starówki,cja rewitalizacji starówki,False,cja rewitalizacja starówki,cja rewitalizacja starówki,Other / Unclear
8bfaec50-d848-4b04-a372-043132816d6f,em Chemii i Techniki Jądrowej,em Chemii i Techniki Jądrowej,em chemii i techniki jądrowej,False,być chemia i technika jądrowa,być chemia i technika jądrowa,Other / Unclear
8c8dfbc0-3ef6-4f82-99bd-4758e5310ef5,Moore,Moore,moore,False,Moore,Moore,Other / Unclear
8cc7ae46-fc3f-4f7b-95e8-aa357c1d455c,Lab,Lab,lab,False,lab,lab,Other / Unclear
8d080de0-1e52-49fb-a794-e4ffe4aae7a2,POT,POT,pot,False,pot,pot,Other / Unclear
8d55e719-208b-4b3f-bcee-17443b35ca45,Funda,Funda,funda,False,funda,funda,Other / Unclear
8d6b5473-55f1-4984-8d13-ab2b14b32ba0,IF) UMK,IF) UMK,if) umk,False,IF ) dmk,IF ) dmk,Other / Unclear
8dfa1d10-70c7-429a-98c4-cf1f7a549cd3,Oddział,Oddział,oddział,False,oddział,oddział,Other / Unclear
8e0f0fba-b6c0-4a25-aa8b-50b9aa6d8989,tucie,tucie,tucie,False,tuć,tuć,Other / Unclear
8e0f0fba-b6c0-4a25-aa8b-50b9aa6d8989,Ośrodek Studiów Wschodnich,Ośrodek Studiów Wschodnich,ośrodek studiów wschodnich,False,ośrodek studia wschodnich,ośrodek studia wschodnich,Other / Unclear
8e0f0fba-b6c0-4a25-aa8b-50b9aa6d8989,Centr,Centr,centr,False,centr,centr,Other / Unclear
8e0f0fba-b6c0-4a25-aa8b-50b9aa6d8989,um Polsko-Rosyjskiego Dialogu i Porozumienia,um Polsko-Rosyjskiego Dialogu i Porozumienia,um polsko-rosyjskiego dialogu i porozumienia,False,um polski - rosyjski dialogu i porozumienie,um polski - rosyjski dialogu i porozumienie,Other / Unclear
8e85123b-e169-49c9-9263-7c4d0bb12ab5,Ośrodek Edukacyjny,Ośrodek Edukacyjny,ośrodek edukacyjny,False,ośrodek edukacyjny,ośrodek edukacyjny,Other / Unclear
8ef29f48-23e2-4ba8-8867-0b01190235be,Sto,Sto,sto,False,sto,sto,Other / Unclear
8f280890-dd61-4836-9f37-9a9798eb516f,Komitetu Głównego,Komitetu Głównego,komitetu głównego,False,komitet główny,komitet główny,Other / Unclear
8f280890-dd61-4836-9f37-9a9798eb516f,OLiJP,OLiJP,olijp,False,olijp,olijp,Other / Unclear
8f4fec46-6405-4733-a4ba-512a2b6a7aaf,Prezydent,Prezydent,prezydent,False,prezydent,prezydent,Other / Unclear
8fb0dc20-4766-4505-b4fc-3db6f4806712,Stoli,Stoli,stoli,False,stoli,stoli,Other / Unclear
8fb0dc20-4766-4505-b4fc-3db6f4806712,Apostol,Apostol,apostol,False,apostol,apostol,Other / Unclear
8fcc065b-016e-44e9-b47c-a3bc63ca8051,Nortrans-Shipping GbR,Nortrans-Shipping GbR,nortrans-shipping gbr,False,nortrans - shipping graktyma,nortrans - shipping graktyma,Other / Unclear
901f7344-9cad-4b7a-813f-fde85c0474d1,Uniwersytecie Warmińsko-Mazurskim,Uniwersytecie Warmińsko-Mazurskim,uniwersytecie warmińsko-mazurskim,False,uniwersytet warmiński - mazurski,uniwersytet warmiński - mazurski,Other / Unclear
909f0e78-4026-4bc3-acc1-c8d20c41094f,CoR,CoR,cor,False,corón_zyk,corón_zyk,Other / Unclear
910f3d48-52ec-41be-8427-15d44b90d92c,Laboratoriów Badawczych,Laboratoriów Badawczych,laboratoriów badawczych,False,laboratoriów badawczy,laboratoriów badawczy,Other / Unclear
91160908-5a63-461f-8d46-e4276ad1b111,Facebooka,Facebooka,facebooka,False,facebook,facebook,Other / Unclear
912d4efc-8286-4979-8ad9-92034e024131,Angew. Chem. Int. Ed.,Angew. Chem. Int. Ed.,angew. chem. int. ed.,False,angew . chom . int . ed .,angew . chom . int . ed .,Other / Unclear
912d4efc-8286-4979-8ad9-92034e024131,PLoS ONE,PLoS ONE,plos one,False,PLoS on,PLoS on,Other / Unclear
912d4efc-8286-4979-8ad9-92034e024131,ChemBioChem,ChemBioChem,chembiochem,False,chemBiohe,chemBiohe,Other / Unclear
912d4efc-8286-4979-8ad9-92034e024131,Science,Science,science,False,science,science,Other / Unclear
91685928-5ded-494f-9839-0e49c5e2507b,Okręgowe,Okręgowe,okręgowe,False,okręgowe,okręgowe,Other / Unclear
91685928-5ded-494f-9839-0e49c5e2507b,Spec,Spec,spec,False,spec,spec,Other / Unclear
91685928-5ded-494f-9839-0e49c5e2507b,jali,jali,jali,False,jali,jali,Other / Unclear
91685928-5ded-494f-9839-0e49c5e2507b,tyczne Poradnie,tyczne Poradnie,tyczne poradnie,False,tyczno poradnie,tyczno poradnie,Other / Unclear
91769b4c-e22d-4f98-a3a0-db9791f70410,Centrum Danych i Informacji,Centrum Danych i Informacji,centrum danych i informacji,False,centrum dane i informacja,centrum dane i informacja,Other / Unclear
91769b4c-e22d-4f98-a3a0-db9791f70410,ICP Integrated Monitoring,ICP Integrated Monitoring,icp integrated monitoring,False,Ic integrated monitoring,Ic integrated monitoring,Other / Unclear
91f712be-010d-4eb5-b0f7-4ba5f6773956,Berkeley,Berkeley,berkeley,False,berkeley,berkeley,Other / Unclear
91f712be-010d-4eb5-b0f7-4ba5f6773956,Sarmatian Review,Sarmatian Review,sarmatian review,False,sarmatian review,sarmatian review,Other / Unclear
92152782-c9a6-4ed5-abc3-e5b278eaecdc,Zagadnienia Ekonomiki Rolnej,Zagadnienia Ekonomiki Rolnej,zagadnienia ekonomiki rolnej,False,zagadnienie ekonomiki rolne,zagadnienie ekonomiki rolne,Other / Unclear
92152782-c9a6-4ed5-abc3-e5b278eaecdc,ZER,ZER,zer,False,zer,zer,Other / Unclear
92416fa1-6df4-404b-9195-58aad2d314c6,Chi,Chi,chi,False,chi,chi,Other / Unclear
92416fa1-6df4-404b-9195-58aad2d314c6,ńskiego Związku Producentów Szparaga,ńskiego Związku Producentów Szparaga,ńskiego związku producentów szparaga,False,ński związek producent szparaga,ński związek producent szparaga,Other / Unclear
92881623-33f1-4f81-92ef-ded98abc1c8d,IGF im. Sie,IGF im. Sie,igf im. sie,False,IGF on . sie,IGF on . sie,Other / Unclear
92e25ef2-45ef-4d7a-9181-946dbaf9de51,Polski,Polski,polski,False,Polska,Polska,Other / Unclear
9361d1a8-a8b0-4d05-bcc5-fde5ed217466,Join,Join,join,False,join,join,Other / Unclear
9361d1a8-a8b0-4d05-bcc5-fde5ed217466,wi.pl,wi.pl,wi.pl,False,wi.pl,wi.pl,Other / Unclear
9361d1a8-a8b0-4d05-bcc5-fde5ed217466,The Internet Governance Forum,The Internet Governance Forum,the internet governance forum,False,The Internet governance forum,The Internet governance forum,Other / Unclear
9393fa69-5122-4125-9516-a7cce5be4074,Związku Banków,Związku Banków,związku banków,False,związek bank,związek bank,Other / Unclear
93a548a3-8696-4d4e-9b7f-b64f38df0d19,Maria,Maria,maria,False,Maria,Maria,Other / Unclear
93a548a3-8696-4d4e-9b7f-b64f38df0d19,LOR,LOR,lor,False,Loran_ęmetszń_Rybołółstwa,Loran_ęmetszń_Rybołółstwa,Other / Unclear
93a548a3-8696-4d4e-9b7f-b64f38df0d19,CEZAR,CEZAR,cezar,False,cezar,cezar,Other / Unclear
93b046dd-3629-443a-b1c2-718624a36cf4,owy Bank Polski,owy Bank Polski,owy bank polski,False,owy bank Polska,owy bank Polska,Other / Unclear
93bb807e-7cc1-4f71-aa94-d535591d117a,Web of Science,Web of Science,web of science,False,web of science,web of science,Other / Unclear
93d2ae0e-9bf1-4a73-aeb4-dfb53457dc5b,Katana Graph,Katana Graph,katana graph,False,katana graph,katana graph,Other / Unclear
941d6833-0375-4017-9b37-cd790d03cbab,Jedno,Jedno,jedno,False,jedno,jedno,Other / Unclear
941d6833-0375-4017-9b37-cd790d03cbab,stki Oceny Technicznej,stki Oceny Technicznej,stki oceny technicznej,False,stki oceny techniczna,stki oceny techniczna,Other / Unclear
9450b555-6135-4905-b88a-c9f3a3a53652,PASMI,PASMI,pasmi,False,pasmi,pasmi,Other / Unclear
94adc7a6-3ae6-44f0-a73a-f720b725cc13,Magistr,Magistr,magistr,False,magistr,magistr,Other / Unclear
94c61004-be4a-48c8-811d-33dcf4d45850,Zagranicznych,Zagranicznych,zagranicznych,False,zagraniczny,zagraniczny,Other / Unclear
94c61004-be4a-48c8-811d-33dcf4d45850,Departamencie Strategii Polityki Zagranicznej,Departamencie Strategii Polityki Zagranicznej,departamencie strategii polityki zagranicznej,False,departament strategia polityka zagranicznaj,departament strategia polityka zagranicznaj,Other / Unclear
95028585-a352-40ba-a099-15abf551017d,Techniczne,Techniczne,techniczne,False,techniczne,techniczne,Other / Unclear
95256f09-3f31-4dac-b537-38f1b56f9907,Joint Action on Dementia,Joint Action on Dementia,joint action on dementia,False,Joint Action on dementia,Joint Action on dementia,Other / Unclear
9552300e-5d1a-4ed3-aee4-dd6c78537026,YouTube,YouTube,youtube,False,YouTube,YouTube,Other / Unclear
9552300e-5d1a-4ed3-aee4-dd6c78537026,Dowód,Dowód,dowód,False,dowód,dowód,Other / Unclear
95568184-3ce3-472e-a6c3-6e4da37c619d,QWERTY,QWERTY,qwerty,False,twerta,twerta,Other / Unclear
95568184-3ce3-472e-a6c3-6e4da37c619d,Excilight,Excilight,excilight,False,excilight,excilight,Other / Unclear
95601f3d-46ab-411b-80bb-55e515f462bb,2 PR,2 PR,2 pr,False,2 PR,2 PR,Other / Unclear
95849cef-8e38-4f6d-9654-62ce3c5e241c,Por,Por,por,False,por,por,Other / Unclear
95bc9767-f8e3-46d0-a1d0-b6f0c24c130d,Centrum Nowotworów Dziedzicznych,Centrum Nowotworów Dziedzicznych,centrum nowotworów dziedzicznych,False,centrum nowotwór dziedziczny,centrum nowotwór dziedziczny,Other / Unclear
95bc9767-f8e3-46d0-a1d0-b6f0c24c130d,jski,jski,jski,False,jski,jski,Other / Unclear
95bc9767-f8e3-46d0-a1d0-b6f0c24c130d,e Partnerstwo na rzecz Walki z Rakiem,e Partnerstwo na rzecz Walki z Rakiem,e partnerstwo na rzecz walki z rakiem,False,e partnerstwo na rzecz walki z rak,e partnerstwo na rzecz walki z rak,Other / Unclear
95e53a6b-8dee-43e7-ae41-c105d569bc0d,POChP,POChP,pochp,False,pochp,pochp,Other / Unclear
95e53a6b-8dee-43e7-ae41-c105d569bc0d,im. Stru,im. Stru,im. stru,False,on . stru,on . stru,Other / Unclear
95e53a6b-8dee-43e7-ae41-c105d569bc0d,Uniwersyteckiego Centrum Klinicznego,Uniwersyteckiego Centrum Klinicznego,uniwersyteckiego centrum klinicznego,False,uniwersytecki centrum kliniczny,uniwersytecki centrum kliniczny,Other / Unclear
95e53a6b-8dee-43e7-ae41-c105d569bc0d,pitalu Średzkim im,pitalu Średzkim im,pitalu średzkim im,False,pital średzki on,pital średzki on,Other / Unclear
95e53a6b-8dee-43e7-ae41-c105d569bc0d,pita,pita,pita,False,pit,pit,Other / Unclear
95e53a6b-8dee-43e7-ae41-c105d569bc0d,lu Specjalistycznym im. J. Diet,lu Specjalistycznym im. J. Diet,lu specjalistycznym im. j. diet,False,lu specjalistyczny on . J . diet,lu specjalistyczny on . J . diet,Other / Unclear
95e53a6b-8dee-43e7-ae41-c105d569bc0d,pitalu Specjalistycznym,pitalu Specjalistycznym,pitalu specjalistycznym,False,pital specjalistyczny,pital specjalistyczny,Other / Unclear
95e53a6b-8dee-43e7-ae41-c105d569bc0d,Uniwersy,Uniwersy,uniwersy,False,uniwersy,uniwersy,Other / Unclear
967bcd95-bb1a-4258-8b96-c37fe1b5a95a,YouTube,YouTube,youtube,False,YouTube,YouTube,Other / Unclear
96fd9bf3-b8c3-4db6-9003-666b5acfa30f,ologicznej,ologicznej,ologicznej,False,ologiczna,ologiczna,Other / Unclear
97451bd9-3c2a-4328-8f4a-c4ec24240e52,Papieskie Dzieła Misyjne,Papieskie Dzieła Misyjne,papieskie dzieła misyjne,False,papieskie dzieło misyjne,papieskie dzieło misyjne,Other / Unclear
97451bd9-3c2a-4328-8f4a-c4ec24240e52,uksw,uksw,uksw,False,uks,uks,Other / Unclear
9763090b-0b1c-4c3b-b23c-a1de9c52458a,tucie,tucie,tucie,False,tuć,tuć,Other / Unclear
9763090b-0b1c-4c3b-b23c-a1de9c52458a,Acta Otolaryngol Suppl,Acta Otolaryngol Suppl,acta otolaryngol suppl,False,act otolaryngol suppl,act otolaryngol suppl,Other / Unclear
978bef36-5b0a-4f94-bb1d-d6732486bb7b,admonkey.,admonkey.,admonkey.,False,admonkey .,admonkey .,Other / Unclear
978bef36-5b0a-4f94-bb1d-d6732486bb7b,crnavigator.,crnavigator.,crnavigator.,False,crnavigator .,crnavigator .,Other / Unclear
978bef36-5b0a-4f94-bb1d-d6732486bb7b,mlodziwlodzi.,mlodziwlodzi.,mlodziwlodzi.,False,mlodziwlod .,mlodziwlod .,Other / Unclear
978bef36-5b0a-4f94-bb1d-d6732486bb7b,nes.,nes.,nes.,False,nes .,nes .,Other / Unclear
978bef36-5b0a-4f94-bb1d-d6732486bb7b,Dziennik Łódzki,Dziennik Łódzki,dziennik łódzki,False,dziennik łódzki,dziennik łódzki,Other / Unclear
97bf32d3-0d09-4547-bb1f-576090f3c3a9,PRS S.A,PRS S.A,prs s.a,False,PRS S . a,PRS S . a,Other / Unclear
97bf32d3-0d09-4547-bb1f-576090f3c3a9,Pod,Pod,pod,False,pod,pod,Other / Unclear
97cfbb04-ad5b-4558-a8e9-0871179eb647,USN,USN,usn,False,uSN,uSN,Other / Unclear
97e2455c-8cdf-4f32-97c5-3c3fb4bf7548,Indi,Indi,indi,False,indi,indi,Other / Unclear
982c1e52-2795-4efe-a308-69ccdcf0f063,Muze,Muze,muze,False,muz,muz,Other / Unclear
982c1e52-2795-4efe-a308-69ccdcf0f063,Procedia Computer Science,Procedia Computer Science,procedia computer science,False,procedia computer science,procedia computer science,Other / Unclear
9858705e-8101-4097-b122-e7fa6c3c214a,Maz,Maz,maz,False,maz,maz,Other / Unclear
986ae04f-4c84-4654-ac44-5566752dc455,Rodziny i Polityki Społecznej,Rodziny i Polityki Społecznej,rodziny i polityki społecznej,False,rodzina i polityka społeczny,rodzina i polityka społeczny,Other / Unclear
98882f3a-bb97-4cbe-9dc9-1e8e5dbf1203,Science,Science,science,False,science,science,Other / Unclear
98a02b71-3b12-4101-abd2-7da69db2d218,Klimatu i Środowiska,Klimatu i Środowiska,klimatu i środowiska,False,klimatu i środowisko,klimatu i środowisko,Other / Unclear
98d44ade-9cdf-49ea-a42b-edea3704b083,Komendy Portu Wojennego,Komendy Portu Wojennego,komendy portu wojennego,False,komenda port wojenny,komenda port wojenny,Other / Unclear
9901bb72-11c4-496c-a9ba-6063418e57db,twitter.com,twitter.com,twitter.com,False,twitter.ca,twitter.ca,Other / Unclear
993f2aee-fc6b-4112-a2cb-4e0d1e5af911,Wiedzy,Wiedzy,wiedzy,False,wiedzy,wiedzy,Other / Unclear
9982d06f-1241-4ad9-95c2-37b1c11958e5,KG (WK) OHP,KG (WK) OHP,kg (wk) ohp,False,KG ( WK ) onomięc,KG ( WK ) onomięc,Other / Unclear
9982d06f-1241-4ad9-95c2-37b1c11958e5,Centrum Kształcenia i Wychowania,Centrum Kształcenia i Wychowania,centrum kształcenia i wychowania,False,centrum kształcenie i wychowanie,centrum kształcenie i wychowanie,Other / Unclear
99b23bfa-98c7-4f42-93e4-5c5049e6345a,Gospodarstwie Rolno-Rybackim,Gospodarstwie Rolno-Rybackim,gospodarstwie rolno-rybackim,False,gospodarstwo rolno - rybackim,gospodarstwo rolno - rybackim,Other / Unclear
99bc70ea-7953-408c-8f77-c2e049130e69,oped,oped,oped,False,oped,oped,Other / Unclear
99bc70ea-7953-408c-8f77-c2e049130e69,Wojs,Wojs,wojs,False,wojs,wojs,Other / Unclear
99bc70ea-7953-408c-8f77-c2e049130e69,SOMOS,SOMOS,somos,False,somos,somos,Other / Unclear
9a42da7f-a265-42f4-8848-9eb18a34a437,LOTOS Petrobaltic,LOTOS Petrobaltic,lotos petrobaltic,False,lotos petrobaltic,lotos petrobaltic,Other / Unclear
9a7addbd-d2cf-4f56-b3ec-2b1cc7e98ccf,Studiów,Studiów,studiów,False,studia,studia,Other / Unclear
9a7addbd-d2cf-4f56-b3ec-2b1cc7e98ccf,Bengal,Bengal,bengal,False,bengal,bengal,Other / Unclear
9aa15dbd-d9ce-4f6b-a47b-25f78a519058,POL,POL,pol,False,pol,pol,Other / Unclear
9aa15dbd-d9ce-4f6b-a47b-25f78a519058,Harvard,Harvard,harvard,False,harvard,harvard,Other / Unclear
9aa15dbd-d9ce-4f6b-a47b-25f78a519058,verse,verse,verse,False,verse,verse,Other / Unclear
9aa15dbd-d9ce-4f6b-a47b-25f78a519058,Wars,Wars,wars,False,wars,wars,Other / Unclear
9aa8c917-7944-49d5-8f59-d9813b987d15,itney Bowes,itney Bowes,itney bowes,False,itney bowes,itney bowes,Other / Unclear
9aa8c917-7944-49d5-8f59-d9813b987d15,Ellie Mae,Ellie Mae,ellie mae,False,Ellie ma,Ellie ma,Other / Unclear
9aa8c917-7944-49d5-8f59-d9813b987d15,4Ex,4Ex,4ex,False,4Ex,4Ex,Other / Unclear
9ae7b133-58c8-4d0f-8b88-4f5e4d8e2941,Muzyki Kościelnej,Muzyki Kościelnej,muzyki kościelnej,False,muzyka kościelna,muzyka kościelna,Other / Unclear
9ae7b133-58c8-4d0f-8b88-4f5e4d8e2941,Rytmiki,Rytmiki,rytmiki,False,rytmiki,rytmiki,Other / Unclear
9b0e32fb-d34b-4535-a896-f4f089f15f6c,u Literaturoznawstwa,u Literaturoznawstwa,u literaturoznawstwa,False,u literaturoznawstwo,u literaturoznawstwo,Other / Unclear
9b0e32fb-d34b-4535-a896-f4f089f15f6c,Językoznawstwa UJK,Językoznawstwa UJK,językoznawstwa ujk,False,językoznawstwo UJK,językoznawstwo UJK,Other / Unclear
9b35e103-4f51-413f-817e-7e5a11326003,ŁTN im. Wagów,ŁTN im. Wagów,łtn im. wagów,False,łtu on . wagów,łtu on . wagów,Other / Unclear
9b35e103-4f51-413f-817e-7e5a11326003,Nasz Sz,Nasz Sz,nasz sz,False,nasz Sz,nasz Sz,Other / Unclear
9b817eb9-eb90-436d-83c2-09ab7293dcdf,Oddziale,Oddziale,oddziale,False,oddziale,oddziale,Other / Unclear
9b817eb9-eb90-436d-83c2-09ab7293dcdf,ROC,ROC,roc,False,roc,roc,Other / Unclear
9b8a40a1-5bd3-48b0-92b2-830b4051d62a,Vigo system,Vigo system,vigo system,False,vigo system,vigo system,Other / Unclear
9b8a40a1-5bd3-48b0-92b2-830b4051d62a,Spół,Spół,spół,False,spół,spół,Other / Unclear
9ba60377-d46a-4c38-8969-cad4e077b181,ZPSiH Frąckowiak sp.j.,ZPSiH Frąckowiak sp.j.,zpsih frąckowiak sp.j.,False,zpsih frąckowiak saddogobibe .,zpsih frąckowiak saddogobibe .,Other / Unclear
9ba60377-d46a-4c38-8969-cad4e077b181,Leszczyńskiego Centrum Biznesu,Leszczyńskiego Centrum Biznesu,leszczyńskiego centrum biznesu,False,leszczyński centrum biznes,leszczyński centrum biznes,Other / Unclear
9ba60377-d46a-4c38-8969-cad4e077b181,Klastra Spożywczego Leszczyńskie Smaki,Klastra Spożywczego Leszczyńskie Smaki,klastra spożywczego leszczyńskie smaki,False,klastra spożywczego leszczyński smaki,klastra spożywczego leszczyński smaki,Other / Unclear
9ba60377-d46a-4c38-8969-cad4e077b181,Bars Halina Kalemba,Bars Halina Kalemba,bars halina kalemba,False,bars Halina kalemba,bars Halina kalemba,Other / Unclear
9bdcd948-5657-47b2-8e71-42651212e4a8,HMM,HMM,hmm,False,HMM,HMM,Other / Unclear
9bdcd948-5657-47b2-8e71-42651212e4a8,TaKIPI,TaKIPI,takipi,False,takifia,takifia,Other / Unclear
9bdcd948-5657-47b2-8e71-42651212e4a8,WMBT,WMBT,wmbt,False,wmbt,wmbt,Other / Unclear
9bdcd948-5657-47b2-8e71-42651212e4a8,Concraft‐pl,Concraft‐pl,concraft‐pl,False,concraft‐pl,concraft‐pl,Other / Unclear
9bdcd948-5657-47b2-8e71-42651212e4a8,Toygger,Toygger,toygger,False,toygger,toygger,Other / Unclear
9bdcd948-5657-47b2-8e71-42651212e4a8,igra,igra,igra,False,igrać,igrać,Other / Unclear
9bdcd948-5657-47b2-8e71-42651212e4a8,Polfie,Polfie,polfie,False,polfie,polfie,Other / Unclear
9c172515-b24b-44f7-a4f9-1d847be4e244,Prosoma,Prosoma,prosoma,False,prosoma,prosoma,Other / Unclear
9c172515-b24b-44f7-a4f9-1d847be4e244,AppStore,AppStore,appstore,False,appstore,appstore,Other / Unclear
9c172515-b24b-44f7-a4f9-1d847be4e244,Google Play Store,Google Play Store,google play store,False,Google play store,Google play store,Other / Unclear
9c172515-b24b-44f7-a4f9-1d847be4e244,Centrum Wsparcia Pacjenta i Jego Bliskich „Sło,Centrum Wsparcia Pacjenta i Jego Bliskich „Sło,centrum wsparcia pacjenta i jego bliskich „sło,False,centrum wsparcia pacjenta i on blisko „ sło,centrum wsparcia pacjenta i on blisko „ sło,Other / Unclear
9c873e09-dd58-45cc-8521-1a13df4c4d76,Blog,Blog,blog,False,blog,blog,Other / Unclear
9c873e09-dd58-45cc-8521-1a13df4c4d76,News,News,news,False,news,news,Other / Unclear
9cb8fada-d6d1-4c2b-94cc-c04a8100f257,pfsz,pfsz,pfsz,False,paszaszy,paszaszy,Other / Unclear
9cd80d38-2e00-4b2c-a46b-5ab929db9bf7,"Samsung Electronics Co., Ltd","Samsung Electronics Co., Ltd","samsung electronics co., ltd",False,"samsung electronics co . , Li_typtap","samsung electronics co . , Li_typtap",Other / Unclear
9d21a421-7a28-4b5a-9e89-97fafbf06fe1,Wspólny Sekretariat Techniczny Programu Współpracy Transgrani,Wspólny Sekretariat Techniczny Programu Współpracy Transgrani,wspólny sekretariat techniczny programu współpracy transgrani,False,wspólny sekretariat techniczny program współpracy transgrani,wspólny sekretariat techniczny program współpracy transgrani,Other / Unclear
9d21a421-7a28-4b5a-9e89-97fafbf06fe1,Polska,Polska,polska,False,Polska,Polska,Other / Unclear
9d21a421-7a28-4b5a-9e89-97fafbf06fe1,Ros,Ros,ros,False,ros,ros,Other / Unclear
9d491be1-3900-42c3-883c-5f4d4e8c8ddd,IAI S.A,IAI S.A,iai s.a,False,IAI S . a,IAI S . a,Other / Unclear
9d491be1-3900-42c3-883c-5f4d4e8c8ddd,IAI SA.,IAI SA.,iai sa.,False,IAI SA .,IAI SA .,Other / Unclear
9d5942bf-44cc-4353-a407-50df5d9e3960,sty,sty,sty,False,sty,sty,Other / Unclear
9d5942bf-44cc-4353-a407-50df5d9e3960,tut Matki i Dziecka,tut Matki i Dziecka,tut matki i dziecka,False,tut matka i dziecko,tut matka i dziecko,Other / Unclear
9d5942bf-44cc-4353-a407-50df5d9e3960,Frontiers in Immunology,Frontiers in Immunology,frontiers in immunology,False,frontiers inny immunology,frontiers inny immunology,Other / Unclear
9dab7075-cd2e-4403-9bd5-fbc8a60353dd,pigment,pigment,pigment,False,pigment,pigment,Other / Unclear
9dab7075-cd2e-4403-9bd5-fbc8a60353dd,YouTube,YouTube,youtube,False,YouTube,YouTube,Other / Unclear
9e410980-f02f-425a-9b7f-2615352cf226,onto,onto,onto,False,onto,onto,Other / Unclear
9e410980-f02f-425a-9b7f-2615352cf226,Kraina dinozaurów,Kraina dinozaurów,kraina dinozaurów,False,Kraina dinozaur,Kraina dinozaur,Other / Unclear
9e410980-f02f-425a-9b7f-2615352cf226,m Historii Naturalnej,m Historii Naturalnej,m historii naturalnej,False,być historia naturalny,być historia naturalny,Other / Unclear
9e410980-f02f-425a-9b7f-2615352cf226,Belgi,Belgi,belgi,False,belgi,belgi,Other / Unclear
9e9a0318-bccb-4785-8d16-9eb0e3e3dbb4,Euro-Projekt,Euro-Projekt,euro-projekt,False,euro - projekt,euro - projekt,Other / Unclear
9e9a0318-bccb-4785-8d16-9eb0e3e3dbb4,SPB Torkret Sp. z.o.o,SPB Torkret Sp. z.o.o,spb torkret sp. z.o.o,False,SPB torkret Sp . z.o.o,SPB torkret Sp . z.o.o.,Other / Unclear
9edb5523-8362-403b-aa6a-a26ec1bdc708,Franc,Franc,franc,False,franc,franc,Other / Unclear
9ee36a45-6496-49c1-9bb8-7c053a160223,WTC,WTC,wtc,False,wttykosKzajska,wttykosKzajska,Other / Unclear
9f2561ec-34a5-45bc-a81b-80d1cc46ee79,dynburg,dynburg,dynburg,False,dynburg,dynburg,Other / Unclear
9f295bf3-65ac-477c-a280-82c1d2c41e02,Wprost,Wprost,wprost,False,Wprost,Wprost,Other / Unclear
9f295bf3-65ac-477c-a280-82c1d2c41e02,Kurier Poranny,Kurier Poranny,kurier poranny,False,kurier poranny,kurier poranny,Other / Unclear
9f295bf3-65ac-477c-a280-82c1d2c41e02,gry,gry,gry,False,gra,gra,Other / Unclear
9f33c4d1-5238-4885-b67e-d3da00062352,pot,pot,pot,False,pot,pot,Other / Unclear
9fb0b0b2-d77a-446c-b5ec-56f801757aa7,Biznes,Biznes,biznes,False,biznes,biznes,Other / Unclear
9fee3aa9-e6ed-4f52-8063-47189f60b953,Banku Nasienia Zwierząt Towarzyszących i Dzikich,Banku Nasienia Zwierząt Towarzyszących i Dzikich,banku nasienia zwierząt towarzyszących i dzikich,False,bank nasienie zwierzę towarzyszący i dzik,bank nasienie zwierzę towarzyszący i dzik,Other / Unclear
a020d71c-e062-4b24-b64b-fc17aeedbfbd,u Ochrony Środowiska,u Ochrony Środowiska,u ochrony środowiska,False,u ochrona środowisko,u ochrona środowisko,Other / Unclear
a020d71c-e062-4b24-b64b-fc17aeedbfbd,IOŚ-PIB,IOŚ-PIB,ioś-pib,False,ioś -PIB,ioś -PIB,Other / Unclear
a020d71c-e062-4b24-b64b-fc17aeedbfbd,Konwencji o Przenoszeniu,Konwencji o Przenoszeniu,konwencji o przenoszeniu,False,konwencja o przenosić,konwencja o przenosić,Other / Unclear
a020d71c-e062-4b24-b64b-fc17aeedbfbd,Ramowej Konwencji Narodów Zjednoczonych w Sprawie Zmian Klimat,Ramowej Konwencji Narodów Zjednoczonych w Sprawie Zmian Klimat,ramowej konwencji narodów zjednoczonych w sprawie zmian klimat,False,ramowy konwencja naród Zjednoczony w sprawa zmianickoduoła klimat,ramowy konwencja naród Zjednoczony w sprawa zmianickoduoła klimat,Other / Unclear
a020d71c-e062-4b24-b64b-fc17aeedbfbd,UN FCCC,UN FCCC,un fccc,False,UN FCCC,UN FCCC,Other / Unclear
a05e5113-2d00-4e57-a956-4d143d2db3e1,DYNAMIC BUSINESS INFORMATION (ASIA PACIFIC,DYNAMIC BUSINESS INFORMATION (ASIA PACIFIC,dynamic business information (asia pacific,False,dynamic buspopistońcen information ( aSIA pacific,dynamic buspopistońcen information ( aSIA pacific,Other / Unclear
a062fa5a-caa4-45fc-a0c7-376df84cfeaf,czenia Oparzeń,czenia Oparzeń,czenia oparzeń,False,cześć oparzeń,cześć oparzeń,Other / Unclear
a062fa5a-caa4-45fc-a0c7-376df84cfeaf,Zespołu ekspertów d,Zespołu ekspertów d,zespołu ekspertów d,False,zespół ekspert dawny,zespół ekspert dawny,Other / Unclear
a07b822d-a1c3-41fc-b232-f88ead0af52c,u Nafty i Gazu,u Nafty i Gazu,u nafty i gazu,False,u nafty i gaz,u nafty i gaz,Other / Unclear
a07b822d-a1c3-41fc-b232-f88ead0af52c,INiG-PI,INiG-PI,inig-pi,False,ininy -PI,ininy -PI,Other / Unclear
a093e95a-cc7c-4098-8eda-7793569d3df8,CCUS,CCUS,ccus,False,ceus,ceus,Other / Unclear
a0ad6420-76b7-4abb-91a0-661e25b781ef,Uffizi,Uffizi,uffizi,False,uffizi,uffizi,Other / Unclear
a157f23a-7288-4ac4-a63f-f0a389edcb10,Polo,Polo,polo,False,polo,polo,Other / Unclear
a157f23a-7288-4ac4-a63f-f0a389edcb10,Zakładów “Poltex,Zakładów “Poltex,zakładów “poltex,False,"zakład "" poltex","zakład "" poltex",Other / Unclear
a1be5431-e033-46ff-8946-a376f3366338,u Ogrodnictwa,u Ogrodnictwa,u ogrodnictwa,False,u ogrodnictwo,u ogrodnictwo,Other / Unclear
a1be5431-e033-46ff-8946-a376f3366338,Zakładu Pszczelnictwa,Zakładu Pszczelnictwa,zakładu pszczelnictwa,False,zakład pszczelnictwo,zakład pszczelnictwo,Other / Unclear
a1e61f0f-c898-4076-bdc5-fe0cd0d80c9c,Dorad,Dorad,dorad,False,dorad,dorad,Other / Unclear
a1e61f0f-c898-4076-bdc5-fe0cd0d80c9c,Endokrynologiczny,Endokrynologiczny,endokrynologiczny,False,endokrynologiczny,endokrynologiczny,Other / Unclear
a24411a0-bdf7-4795-9801-b7691fc93780,The Time,The Time,the time,False,The Time,The Time,Other / Unclear
a24411a0-bdf7-4795-9801-b7691fc93780,Polityka,Polityka,polityka,False,polityka,polityka,Other / Unclear
a24411a0-bdf7-4795-9801-b7691fc93780,Fifty na Pol,Fifty na Pol,fifty na pol,False,fifty na pol,fifty na pol,Other / Unclear
a24411a0-bdf7-4795-9801-b7691fc93780,YouTube TheMoolar,YouTube TheMoolar,youtube themoolar,False,YouTube themoolar,YouTube themoolar,Other / Unclear
a252a5d3-5e42-4017-b841-b595b0f1c3ab,IEiK,IEiK,ieik,False,ieik,ieik,Other / Unclear
a2adc955-9eb2-4965-9e49-2d7c38243050,Młodzi,Młodzi,młodzi,False,młody,młody,Other / Unclear
a2adc955-9eb2-4965-9e49-2d7c38243050,Ośrodków Wychowawczych,Ośrodków Wychowawczych,ośrodków wychowawczych,False,ośrodki wychowawczy,ośrodki wychowawczy,Other / Unclear
a2adc955-9eb2-4965-9e49-2d7c38243050,Młodzieżowych Ośrodków Socjoterapii,Młodzieżowych Ośrodków Socjoterapii,młodzieżowych ośrodków socjoterapii,False,młodzieżowy ośrodki socjoterapia,młodzieżowy ośrodki socjoterapia,Other / Unclear
a2ee3b0e-8fa0-487f-97e2-254a1e2fab11,Kon,Kon,kon,False,kon,kon,Other / Unclear
a2ee3b0e-8fa0-487f-97e2-254a1e2fab11,cjum EUROfusion,cjum EUROfusion,cjum eurofusion,False,cjum eurofusion,cjum eurofusion,Other / Unclear
a2f639e0-3425-4621-94a5-87c954c1a633,Web of Science,Web of Science,web of science,False,web of science,web of science,Other / Unclear
a319c2a5-5490-4c23-a335-c575cdbbb743,40 i cztery,40 i cztery,40 i cztery,False,40 i cztery,40 i cztery,Other / Unclear
a32e7c6e-b2aa-4cf4-bace-f2c77c81b123,YouTube,YouTube,youtube,False,YouTube,YouTube,Other / Unclear
a32e7c6e-b2aa-4cf4-bace-f2c77c81b123,IX LO,IX LO,ix lo,False,IX LO,IX LO,Other / Unclear
a331b0dd-2ec3-4fff-bab0-41e4f1405a4b,Houns,Houns,houns,False,houns,houns,Other / Unclear
a341a7cd-d7f9-4caa-a0fb-b4299a7fe269,Ateny,Ateny,ateny,False,ateny,ateny,Other / Unclear
a341a7cd-d7f9-4caa-a0fb-b4299a7fe269,Janina,Janina,janina,False,Janina,Janina,Other / Unclear
a341a7cd-d7f9-4caa-a0fb-b4299a7fe269,Oxford,Oxford,oxford,False,Oxford,Oxford,Other / Unclear
a38f18ff-c52f-40a2-bc29-b6fc54783817,solidarności,solidarności,solidarności,False,solidarność,solidarność,Other / Unclear
a38f18ff-c52f-40a2-bc29-b6fc54783817,Centrum pieniądza NBP,Centrum pieniądza NBP,centrum pieniądza nbp,False,centrum pieniądza NBP,centrum pieniądza NBP,Other / Unclear
a3cb94e2-a794-44b3-923e-512cc7604a7a,AMI,AMI,ami,False,amindan,amindan,Other / Unclear
a3e79372-93f6-483f-ba27-286d4e5be13e,ST8,ST8,st8,False,ST8,ST8,Other / Unclear
a468a3f6-ef70-48af-a713-79fa337770d3,LO im.,LO im.,lo im.,False,LO on .,LO on .,Other / Unclear
a4767e0d-109a-4844-a998-9d4f54289267,u Ekonomii i Finansów,u Ekonomii i Finansów,u ekonomii i finansów,False,u ekonomia i finanse,u ekonomia i finanse,Other / Unclear
a4767e0d-109a-4844-a998-9d4f54289267,stytucie Pracy i Spraw Socjalnych,stytucie Pracy i Spraw Socjalnych,stytucie pracy i spraw socjalnych,False,stytucie praca i sprawa socjalny,stytucie praca i sprawa socjalny,Other / Unclear
a49cc80a-9a9e-4017-bff2-65aac56a864d,Grup,Grup,grup,False,grup,grup,Other / Unclear
a49cc80a-9a9e-4017-bff2-65aac56a864d,Dobrostan Zwierząt Copa Cogeca,Dobrostan Zwierząt Copa Cogeca,dobrostan zwierząt copa cogeca,False,dobrostan zwierzę copa cogec,dobrostan zwierzę copa cogec,Other / Unclear
a49cc80a-9a9e-4017-bff2-65aac56a864d,Min. Rozwoju Rolnictwa i Żywności,Min. Rozwoju Rolnictwa i Żywności,min. rozwoju rolnictwa i żywności,False,min . rozwój rolnictwo i żywność,min . rozwój rolnictwo i żywność,Other / Unclear
a49cc80a-9a9e-4017-bff2-65aac56a864d,DW5),DW5,dw5,False,dW5,dW5,Other / Unclear
a4a3f02b-e874-452d-a790-03d0998d21c1,Programu II,Programu II,programu ii,False,program II,program II,Other / Unclear
a514e940-da02-44a1-bcfa-d78a065813ec,OZWP,OZWP,ozwp,False,ozwp,ozwp,Other / Unclear
a54027c5-186f-487b-abad-740639e70e82,Mielec,Mielec,mielec,False,Mielec,Mielec,Other / Unclear
a54195d1-6666-4f75-a190-bd6dfbf77877,Web of Science Core Collection,Web of Science Core Collection,web of science core collection,False,web of science core collection,web of science core collection,Other / Unclear
a54195d1-6666-4f75-a190-bd6dfbf77877,Google Scholar,Google Scholar,google scholar,False,Google scholar,Google scholar,Other / Unclear
a547d209-b40a-44eb-b242-5490b65442ac,Sprawiedliwości,Sprawiedliwości,sprawiedliwości,False,sprawiedliwość,sprawiedliwość,Other / Unclear
a5cda545-4dfa-47e8-9426-aa87ed6f5f7c,Departamencie Rolnictwa,Departamencie Rolnictwa,departamencie rolnictwa,False,departament rolnictwo,departament rolnictwo,Other / Unclear
a617016f-92a9-4d66-934e-2c659f00c848,BTU (,BTU,btu,False,bty,bty,Other / Unclear
a62d854c-8bfb-4e7e-a2e3-aab6041857db,Polityka,Polityka,polityka,False,polityka,polityka,Other / Unclear
a62d854c-8bfb-4e7e-a2e3-aab6041857db,Kongresu Kobiet,Kongresu Kobiet,kongresu kobiet,False,kongres kobieta,kongres kobieta,Other / Unclear
a6536a3d-67ac-4778-bcbc-c334eec31fc8,Kar,Kar,kar,False,kar,kar,Other / Unclear
a65c4111-23d6-4336-b2a2-5cca53a7d2a1,Veoli,Veoli,veoli,False,seoli,seoli,Other / Unclear
a65c4111-23d6-4336-b2a2-5cca53a7d2a1,a Deutschland,a Deutschland,a deutschland,False,a deutschland,a deutschland,Other / Unclear
a6621316-854c-4065-abf2-b2b550ed26d1,nplp,nplp,nplp,False,no_przykład,no_przykład,Other / Unclear
a6621316-854c-4065-abf2-b2b550ed26d1,Google Analytics,Google Analytics,google analytics,False,Google analytics,Google analytics,Other / Unclear
a6754084-1013-4237-a035-68c6ba7c526f,Environmental Protection Agency,Environmental Protection Agency,environmental protection agency,False,environmental protection agency,environmental protection agency,Other / Unclear
a68356a9-5efd-43f5-b0d5-4a07d0d1f0cf,Strem Inc.,Strem Inc.,strem inc.,False,ste intym_podobdab .,ste intym_podobdab .,Other / Unclear
a68356a9-5efd-43f5-b0d5-4a07d0d1f0cf,Przedsiębiorczy Wrocław,Przedsiębiorczy Wrocław,przedsiębiorczy wrocław,False,przedsiębiorczy Wrocław,przedsiębiorczy Wrocław,Other / Unclear
a6936d80-c1de-4ba9-b99d-b311e623c4be,PWr.,PWr.,pwr.,False,porównac .,porównac .,Other / Unclear
a731b68e-7417-4bbf-8a6b-39ef82708717,Komitetu Obchodów,Komitetu Obchodów,komitetu obchodów,False,komitet obchodów,komitet obchodów,Other / Unclear
a74c6c19-62b5-4f9f-9575-e3481548c81f,ONET,ONET,onet,False,onet,onet,Other / Unclear
a74c6c19-62b5-4f9f-9575-e3481548c81f,eKutno,eKutno,ekutno,False,ekutno,ekutno,Other / Unclear
a750ec97-eec9-4f4d-a94b-375b9874ef1f,wczego,wczego,wczego,False,wczy,wczy,Other / Unclear
a750ec97-eec9-4f4d-a94b-375b9874ef1f,Sołże,Sołże,sołże,False,sołże,sołże,Other / Unclear
a779dec2-7827-4117-bb6e-202da99b76ba,y Napędów i Maszyn Elektrycznych,y Napędów i Maszyn Elektrycznych,y napędów i maszyn elektrycznych,False,” napędów i maszyna elektryczny,” napędów i maszyna elektryczny,Other / Unclear
a7ebc65c-691a-4c23-82d1-fbc96738e07b,Unieszkodliwiania Odpadów Wydobywczych,Unieszkodliwiania Odpadów Wydobywczych,unieszkodliwiania odpadów wydobywczych,False,unieszkodliwiania odpad wydobywczy,unieszkodliwiania odpad wydobywczy,Other / Unclear
a7ebc65c-691a-4c23-82d1-fbc96738e07b,KGHM POLSKA MIEDŹ,KGHM POLSKA MIEDŹ,kghm polska miedź,False,KGHM Polska miede,KGHM Polska miede,Other / Unclear
a8398140-e55a-4b47-bfd0-e14ed442fb0f,Polonijny,Polonijny,polonijny,False,polonijny,polonijny,Other / Unclear
a84175fa-72ea-4281-b8db-f6337d0bf351,Jewish History Quarterly,Jewish History Quarterly,jewish history quarterly,False,jewisho history Quarterly,jewisho history Quarterly,Other / Unclear
a84175fa-72ea-4281-b8db-f6337d0bf351,Zion,Zion,zion,False,zion,zion,Other / Unclear
a84175fa-72ea-4281-b8db-f6337d0bf351,Images,Images,images,False,images,images,Other / Unclear
a84175fa-72ea-4281-b8db-f6337d0bf351,H-Judaic,H-Judaic,h-judaic,False,h-judaic,h-judaic,Other / Unclear
a84175fa-72ea-4281-b8db-f6337d0bf351,Zeitschrift für Ostmitteleuropa-Forschung,Zeitschrift für Ostmitteleuropa-Forschung,zeitschrift für ostmitteleuropa-forschung,False,zeitschrift fod_wnaw ostmitteleuropa - forschung,zeitschrift fod_wnaw ostmitteleuropa - forschung,Other / Unclear
a84175fa-72ea-4281-b8db-f6337d0bf351,Forward,Forward,forward,False,forward,forward,Other / Unclear
a84175fa-72ea-4281-b8db-f6337d0bf351,Hashomer,Hashomer,hashomer,False,hashomer,hashomer,Other / Unclear
a84175fa-72ea-4281-b8db-f6337d0bf351,Los Angeles Review of Books,Los Angeles Review of Books,los angeles review of books,False,Los Angeles review of books,Los Angeles review of books,Other / Unclear
a84175fa-72ea-4281-b8db-f6337d0bf351,Marginalia Los Angeles Review of Books,Marginalia Los Angeles Review of Books,marginalia los angeles review of books,False,marginalia Los Angeles review of books,marginalia Los Angeles review of books,Other / Unclear
a84175fa-72ea-4281-b8db-f6337d0bf351,The New York Review of Books,The New York Review of Books,the new york review of books,False,The New York review of books,The New York review of books,Other / Unclear
a84175fa-72ea-4281-b8db-f6337d0bf351,Open Letters Review,Open Letters Review,open letters review,False,Open letters review,Open letters review,Other / Unclear
a84175fa-72ea-4281-b8db-f6337d0bf351,Publishers Weekly,Publishers Weekly,publishers weekly,False,publishers weekly,publishers weekly,Other / Unclear
a84175fa-72ea-4281-b8db-f6337d0bf351,Times Literary Supplement,Times Literary Supplement,times literary supplement,False,Times literary supplement,Times literary supplement,Other / Unclear
a84175fa-72ea-4281-b8db-f6337d0bf351,Ami Magaine,Ami Magaine,ami magaine,False,ami magaine,ami magaine,Other / Unclear
a84175fa-72ea-4281-b8db-f6337d0bf351,The Jewish Voice and Opinion,The Jewish Voice and Opinion,the jewish voice and opinion,False,The jewisho voice and opinion,The jewisho voice and opinion,Other / Unclear
a84175fa-72ea-4281-b8db-f6337d0bf351,Life in Israel,Life in Israel,life in israel,False,Life inny israel,Life inny israel,Other / Unclear
a84175fa-72ea-4281-b8db-f6337d0bf351,Polityka,Polityka,polityka,False,polityka,polityka,Other / Unclear
a84175fa-72ea-4281-b8db-f6337d0bf351,Wię,Wię,wię,False,więty,więty,Other / Unclear
a84175fa-72ea-4281-b8db-f6337d0bf351,Poli,Poli,poli,False,poli,poli,Other / Unclear
a84175fa-72ea-4281-b8db-f6337d0bf351,Polityce,Polityce,polityce,False,polityka,polityka,Other / Unclear
a84175fa-72ea-4281-b8db-f6337d0bf351,Chidusz.,Chidusz.,chidusz.,False,chidusz .,chidusz .,Other / Unclear
a8b6a357-e516-4572-8ca7-c579432053c2,Ruchu Drogowego,Ruchu Drogowego,ruchu drogowego,False,ruch drogowy,ruch drogowy,Other / Unclear
a91276b4-adcf-4efa-9ae4-7e5ae0f426da,ASzWoj.,ASzWoj.,aszwoj.,False,aszwoj .,aszwoj .,Other / Unclear
a91276b4-adcf-4efa-9ae4-7e5ae0f426da,27. WDP AK,27. WDP AK,27. wdp ak,False,27 . Wdpy_iwłat_ja AK,27 . Wdpy_iwłat_ja AK,Other / Unclear
a91276b4-adcf-4efa-9ae4-7e5ae0f426da,27ak,27ak,27ak,False,27ak,27ak,Other / Unclear
a9efba56-7fcd-49c9-b9c9-35a1752ee294,Wie,Wie,wie,False,wiedzieć,wiedzieć,Other / Unclear
aa38df74-27ba-4f3d-9039-25c03a643c97,Centr,Centr,centr,False,centr,centr,Other / Unclear
aa47cbed-2fa8-46ba-9785-86f7401ced3d,Zag,Zag,zag,False,zag,zag,Other / Unclear
aaa45c70-f96b-4e3e-a222-486a9f40cfb4,Sej,Sej,sej,False,sej,sej,Other / Unclear
aacc21e8-538c-42a7-afcd-b4b60ba25f41,HZS Horská záchranná služba,HZS Horská záchranná služba,hzs horská záchranná služba,False,hzSd_Acpa horská záchranná služba,hzSd_Acpa horská záchranná služba,Other / Unclear
aacc21e8-538c-42a7-afcd-b4b60ba25f41,stwowe Zawodowe Górskie Pogotowie Ratunkowe,stwowe Zawodowe Górskie Pogotowie Ratunkowe,stwowe zawodowe górskie pogotowie ratunkowe,False,stwowa zawodowe górsko pogotowie ratunkowy,stwowa zawodowe górsko pogotowie ratunkowy,Other / Unclear
aacc21e8-538c-42a7-afcd-b4b60ba25f41,Cze,Cze,cze,False,cze,cze,Other / Unclear
ab5189df-b060-43de-a09a-6c7da7fe10ba,Woj,Woj,woj,False,woj,woj,Other / Unclear
ab5189df-b060-43de-a09a-6c7da7fe10ba,skowe Zakłady Motoryzacyjne,skowe Zakłady Motoryzacyjne,skowe zakłady motoryzacyjne,False,skowe zakład motoryzacyjne,skowe zakład motoryzacyjne,Other / Unclear
ab6c218f-6a00-4b5f-98f5-3fd4222ae422,izo,izo,izo,False,izo,izo,Other / Unclear
ab929884-502b-4647-a780-983d19e82aed,sieci na rzecz rozwoju obszarów wiejskich,sieci na rzecz rozwoju obszarów wiejskich,sieci na rzecz rozwoju obszarów wiejskich,False,sieć na rzecz rozwój obszar wiejski,sieć na rzecz rozwój obszar wiejski,Other / Unclear
abbe8804-0f9b-4723-bf1b-32215ce82c64,YouTube,YouTube,youtube,False,YouTube,YouTube,Other / Unclear
abbe8804-0f9b-4723-bf1b-32215ce82c64,P. Grzywna,P. Grzywna,p. grzywna,False,P . grzywna,P . grzywna,Other / Unclear
abda4cc5-00bb-46bf-a0e7-58a81dabf1c2,cji,cji,cji,False,cjo,cjo,Other / Unclear
abecc143-a525-44ec-aab1-dd0953e44651,Belvedere,Belvedere,belvedere,False,belvedere,belvedere,Other / Unclear
ac5aba0c-9307-42b9-a121-1d3c3de5f9b1,środ,środ,środ,False,środ,środ,Other / Unclear
ac5aba0c-9307-42b9-a121-1d3c3de5f9b1,kiem Myśli Społecznej im. Ferdynanda Lassalle’a,kiem Myśli Społecznej im. Ferdynanda Lassalle’a,kiem myśli społecznej im. ferdynanda lassalle’a,False,kiem myśleć społeczny on . ferdynanda lassalle’a,kiem myśleć społeczny on . ferdynanda lassalle’a,Other / Unclear
ac5aba0c-9307-42b9-a121-1d3c3de5f9b1,The Progressive Post,The Progressive Post,the progressive post,False,The progressive Post,The progressive Post,Other / Unclear
ac72f2c5-ca9d-4818-9198-1c95d38e9625,Nawrota,Nawrota,nawrota,False,nawrota,nawrota,Other / Unclear
acb56171-38b4-4fe4-a5ca-2e02b7487c97,Bio,Bio,bio,False,bio,bio,Other / Unclear
accfe9ac-01d1-49d3-b713-3940f846c546,INPREDO,INPREDO,inpredo,False,inpredo,inpredo,Other / Unclear
accfe9ac-01d1-49d3-b713-3940f846c546,INZNAK,INZNAK,inznak,False,inznak,inznak,Other / Unclear
accfe9ac-01d1-49d3-b713-3940f846c546,INRED,INRED,inred,False,inred,inred,Other / Unclear
accfe9ac-01d1-49d3-b713-3940f846c546,INDOK,INDOK,indok,False,indok,indok,Other / Unclear
accfe9ac-01d1-49d3-b713-3940f846c546,OCT,OCT,oct,False,oct,oct,Other / Unclear
ad1507d3-5ae2-4165-8997-5cafc500ef5c,a Mic,a Mic,a mic,False,a mic,a mic,Other / Unclear
adb4838e-836f-4f48-b3ef-d0652f31c105,WUP Szczecin,WUP Szczecin,wup szczecin,False,Wup Szczecin,Wup Szczecin,Other / Unclear
adc7d869-f054-4f27-963e-4796829b7806,Sep,Sep,sep,False,sep,sep,Other / Unclear
adc7d869-f054-4f27-963e-4796829b7806,Gerard Edery & Friends,Gerard Edery & Friends,gerard edery & friends,False,Gerard edery & friends,Gerard edery & friends,Other / Unclear
add862a7-02c3-4a05-977d-d9c3b3e3ed9e,COS,COS,cos,False,COS,COS,Other / Unclear
adf3808f-72f3-409d-87bd-3ae68539e992,Software for Chemistry and Materials B.V.,Software for Chemistry and Materials B.V.,software for chemistry and materials b.v.,False,software forówna chemistry and materials bo_spram .,software forówna chemistry and materials bo_spram .,Other / Unclear
adf3808f-72f3-409d-87bd-3ae68539e992,ujitsu Quantum Systems Poland,ujitsu Quantum Systems Poland,ujitsu quantum systems poland,False,ujits Quantum systems poland,ujits Quantum systems poland,Other / Unclear
ae2cac3a-5689-42b4-a25e-5277d4899dbe,AFAM,AFAM,afam,False,AFAM,AFAM,Other / Unclear
af194af0-8e4a-4152-9e55-aa53da031b45,Portami Szczecin,Portami Szczecin,portami szczecin,False,port Szczecin,port Szczecin,Other / Unclear
af44747c-ab7e-4d01-b024-5ab505e7a621,Asil Çelik,Asil Çelik,asil çelik,False,asil Çelik,asil Çelik,Other / Unclear
af5e9dde-c421-42b9-9f14-9cc9adc14ce0,ChTJ,ChTJ,chtj,False,cotja,cotja,Other / Unclear
af7319dd-31df-4394-a294-2e6d73e71d16,Ukrain,Ukrain,ukrain,False,ukrain,ukrain,Other / Unclear
af7319dd-31df-4394-a294-2e6d73e71d16,Strategi,Strategi,strategi,False,strategi,strategi,Other / Unclear
af7d73b6-dff4-453f-a302-606831a21d7b,pożar,pożar,pożar,False,pożar,pożar,Other / Unclear
b00cf4b1-78fd-45ba-b764-f5c2d6d3066d,Poli,Poli,poli,False,poli,poli,Other / Unclear
b0405e74-193d-43fb-b0b6-66aa78fd319d,TaKIPI,TaKIPI,takipi,False,takifia,takifia,Other / Unclear
b0405e74-193d-43fb-b0b6-66aa78fd319d,WMBT,WMBT,wmbt,False,wmbt,wmbt,Other / Unclear
b0405e74-193d-43fb-b0b6-66aa78fd319d,Concraft,Concraft,concraft,False,concraft,concraft,Other / Unclear
b0405e74-193d-43fb-b0b6-66aa78fd319d,Toy,Toy,toy,False,toy,toy,Other / Unclear
b0405e74-193d-43fb-b0b6-66aa78fd319d,Spejd,Spejd,spejd,False,spejd,spejd,Other / Unclear
b0405e74-193d-43fb-b0b6-66aa78fd319d,Świgra,Świgra,świgra,False,świgra,świgra,Other / Unclear
b0405e74-193d-43fb-b0b6-66aa78fd319d,Polfie,Polfie,polfie,False,polfie,polfie,Other / Unclear
b0405e74-193d-43fb-b0b6-66aa78fd319d,Eniam,Eniam,eniam,False,eniam,eniam,Other / Unclear
b0405e74-193d-43fb-b0b6-66aa78fd319d,pus,pus,pus,False,pus,pus,Other / Unclear
b0405e74-193d-43fb-b0b6-66aa78fd319d,Języ,Języ,języ,False,jęza,jęza,Other / Unclear
b0405e74-193d-43fb-b0b6-66aa78fd319d,Polskiego,Polskiego,polskiego,False,polski,polski,Other / Unclear
b0405e74-193d-43fb-b0b6-66aa78fd319d,stwa Spraw Zagranicznych,stwa Spraw Zagranicznych,stwa spraw zagranicznych,False,stwa sprawa zagraniczny,stwa sprawa zagraniczny,Other / Unclear
b06af06d-760d-46dd-9eac-c1db54df3cc1,bility to Protect,bility to Protect,bility to protect,False,bility to protect,bility to protect,Other / Unclear
b07ea0b5-33e4-40d6-a65b-d88990b2afe5,War,War,war,False,War,War,Other / Unclear
b08238ee-a274-4084-8cde-84bfe22c52a1,Dziennik,Dziennik,dziennik,False,dziennik,dziennik,Other / Unclear
b08238ee-a274-4084-8cde-84bfe22c52a1,a Elbląskiego,a Elbląskiego,a elbląskiego,False,a elbląski,a elbląski,Other / Unclear
b0979279-adad-4704-a998-f6de7d4451d1,Mie,Mie,mie,False,mie,mie,Other / Unclear
b0e47ad0-c602-448c-91f9-831582a4463a,Kla,Kla,kla,False,kla,kla,Other / Unclear
b0e47ad0-c602-448c-91f9-831582a4463a,Obróbki Metali,Obróbki Metali,obróbki metali,False,obróbki metal,obróbki metal,Other / Unclear
b101d7e6-0ccd-4d3a-af3d-22cdaf9c2c84,Gdańskie Autobusy i Tramwaje,Gdańskie Autobusy i Tramwaje,gdańskie autobusy i tramwaje,False,gdańskie autobus i tramwaj,gdańskie autobus i tramwaj,Other / Unclear
b101d7e6-0ccd-4d3a-af3d-22cdaf9c2c84,chronisko młodzieżowe,chronisko młodzieżowe,chronisko młodzieżowe,False,chronisko młodzieżowy,chronisko młodzieżowy,Other / Unclear
b101d7e6-0ccd-4d3a-af3d-22cdaf9c2c84,Zespół żłobków,Zespół żłobków,zespół żłobków,False,zespół żłobkowy,zespół żłobkowy,Other / Unclear
b1628e27-48b0-4816-84e9-bb93907541b2,Projekt Żyła 3D,Projekt Żyła 3D,projekt żyła 3d,False,projekt żyć 3D,projekt żyć 3D,Other / Unclear
b1ae1284-8b3b-4edd-80d1-d7572b511bef,Tiso,Tiso,tiso,False,tiso,tiso,Other / Unclear
b1d45f65-808c-43ac-bbac-3954d0bec8c7,biur,biur,biur,False,biuro,biuro,Other / Unclear
b1d45f65-808c-43ac-bbac-3954d0bec8c7,Wzornictwa,Wzornictwa,wzornictwa,False,wzornictwo,wzornictwo,Other / Unclear
b1d45f65-808c-43ac-bbac-3954d0bec8c7,Bydgo,Bydgo,bydgo,False,bydgo,bydgo,Other / Unclear
b3084bf9-6386-4793-94b3-f077a55080bd,KGHM Polska Miedź S.A,KGHM Polska Miedź S.A,kghm polska miedź s.a,False,KGHM Polska miedź S . a,KGHM Polska miedź S . a,Other / Unclear
b3185566-36dc-474a-b647-b8739608d286,doradca,doradca,doradca,False,doradca,doradca,Other / Unclear
b35b45e1-09b6-47cc-a748-21e1f3c36e1a,Warszawski,Warszawski,warszawski,False,warszawski,warszawski,Other / Unclear
b367e555-d571-45bd-82f9-cb04080a0582,Polsko-Norweskiej Współpracy Badawczej,Polsko-Norweskiej Współpracy Badawczej,polsko-norweskiej współpracy badawczej,False,polski - norweski współpracy badawczy,polski - norweski współpracy badawczy,Other / Unclear
b3833329-8848-4aa3-859c-beb467cefc52,Ojc,Ojc,ojc,False,ojc,ojc,Other / Unclear
b3833329-8848-4aa3-859c-beb467cefc52,Pieni,Pieni,pieni,False,pieni,pieni,Other / Unclear
b3833329-8848-4aa3-859c-beb467cefc52,Park,Park,park,False,park,park,Other / Unclear
b3cdfa84-7ec0-440b-aaf4-a3d803c4493e,KUKIZ 15,KUKIZ 15,kukiz 15,False,kukiz 15,kukiz 15,Other / Unclear
b3fe098e-bbae-409e-b71c-9f9f23b5ca4f,illesian,illesian,illesian,False,illesian,illesian,Other / Unclear
b47ca217-f063-4cd5-9541-9681675e291e,Level,Level,level,False,level,level,Other / Unclear
b4fdfab6-5d16-4f47-8a10-7016ea886976,DW1,DW1,dw1,False,dW1,dW1,Other / Unclear
b4fdfab6-5d16-4f47-8a10-7016ea886976,spo,spo,spo,False,spo,spo,Other / Unclear
b4fdfab6-5d16-4f47-8a10-7016ea886976,DW3,DW3,dw3,False,do3,do3,Other / Unclear
b59439b3-290b-4f95-8b63-d635bb125e17,DOW,DOW,dow,False,dolarzycza_SobołnychółócRoły,dolarzycza_SobołnychółócRoły,Other / Unclear
b5d89afa-bb75-4372-a863-cfad034857a4,Wojewody Łódzkiego,Wojewody Łódzkiego,wojewody łódzkiego,False,wojewody łódzki,wojewody łódzki,Other / Unclear
b5e976c0-c1be-4e64-8e0d-11db5d4c0343,Zrówn. Rozwoju,Zrówn. Rozwoju,zrówn. rozwoju,False,zrówno . rozwój,zrówno . rozwój,Other / Unclear
b5e976c0-c1be-4e64-8e0d-11db5d4c0343,WAiW,WAiW,waiw,False,wagb,wagb,Other / Unclear
b5f525d6-d541-4b07-95f5-a03ea6480885,Verbum Vitae,Verbum Vitae,verbum vitae,False,verbum vitae,verbum vitae,Other / Unclear
b63e51a7-5d6a-4d9e-a139-80440dd860a4,PT. SKN,PT. SKN,pt. skn,False,PT . SKN,PT . SKN,Other / Unclear
b63e51a7-5d6a-4d9e-a139-80440dd860a4,PT. MAK,PT. MAK,pt. mak,False,PT . mak,PT . mak,Other / Unclear
b659d69c-0b0f-4181-87f1-b65f43d03ac0,Nieetatowego Zespołu,Nieetatowego Zespołu,nieetatowego zespołu,False,nieetatowego zespół,nieetatowego zespół,Other / Unclear
b68368d8-e848-4b5f-8fbd-af286bf6cc0a,Ale Nauczanie,Ale Nauczanie,ale nauczanie,False,ale nauczanie,ale nauczanie,Other / Unclear
b68368d8-e848-4b5f-8fbd-af286bf6cc0a,Funda,Funda,funda,False,funda,funda,Other / Unclear
b6b39942-421a-4faa-b4ef-f6eb1ec6f37d,War,War,war,False,War,War,Other / Unclear
b6b39942-421a-4faa-b4ef-f6eb1ec6f37d,szaw,szaw,szaw,False,szaw,szaw,Other / Unclear
b6f7249f-fcd5-432f-b97d-7e2d535f4689,Biuro Karier,Biuro Karier,biuro karier,False,biuro karier,biuro karier,Other / Unclear
b7449967-508c-4c06-85cf-079e83ad4177,Środowisku,Środowisku,środowisku,False,środowisko,środowisko,Other / Unclear
b7835648-5f0f-4667-a702-005219f208ae,Forecast Hub,Forecast Hub,forecast hub,False,forecast hub,forecast hub,Other / Unclear
b81affbb-e368-48b1-9b54-e5d07213ecfc,spólnym Sekretariatem Technicznym,spólnym Sekretariatem Technicznym,spólnym sekretariatem technicznym,False,spólnym sekretariat techniczny,spólnym sekretariat techniczny,Other / Unclear
b878b50d-c27f-4833-9dd6-3d51512c58b2,ebni,ebni,ebni,False,ebni,ebni,Other / Unclear
b8aaf964-a77e-4f60-a0ee-ef2f6674f34b,org,org,org,False,osoha,osoha,Other / Unclear
b8add221-de30-4b37-9c0b-08306d61a12e,Secowarwick S.A,Secowarwick S.A,secowarwick s.a,False,secowarwick S . a,secowarwick S . a,Other / Unclear
b8f00ce2-79cf-436e-944e-b61324059048,IH UWr.,IH UWr.,ih uwr.,False,IH uwo .,IH uwo .,Other / Unclear
b8f8f584-31cc-4082-a36c-672df7e49c6a,Szefa Służby Cywilnej,Szefa Służby Cywilnej,szefa służby cywilnej,False,szef służba cywilna,szef służba cywilna,Other / Unclear
b96e0e71-c45e-49ac-8aca-88ff77dcbd1f,ościołem katoli,ościołem katoli,ościołem katoli,False,ościół katoli,ościół katoli,Other / Unclear
b96e0e71-c45e-49ac-8aca-88ff77dcbd1f,Polski,Polski,polski,False,Polska,Polska,Other / Unclear
b96e0e71-c45e-49ac-8aca-88ff77dcbd1f,e Forum Chrześcijańskie,e Forum Chrześcijańskie,e forum chrześcijańskie,False,e forum chrześcijańske,e forum chrześcijańske,Other / Unclear
b96e0e71-c45e-49ac-8aca-88ff77dcbd1f,Komitetu Stałego,Komitetu Stałego,komitetu stałego,False,komitet stałego,komitet stałego,Other / Unclear
b9a7ce03-5de0-4159-a117-82044fb24806,"Wylęgarni Ryb ""Dą","Wylęgarni Ryb ""Dą","wylęgarni ryb ""dą",False,"wylęgarni ryb "" do","wylęgarni ryb "" do",Other / Unclear
b9dac1b7-64ee-4bdf-9144-ef65198ffc26,Grower’s Manual,Grower’s Manual,grower’s manual,False,grower’s manual,grower’s manual,Other / Unclear
b9f287e8-c693-47ca-99d5-3f3a9eeecffb,u Inżynierii Materiałowej UKW,u Inżynierii Materiałowej UKW,u inżynierii materiałowej ukw,False,u inżynierii materiałowa uktonicza,u inżynierii materiałowa uktonicza,Other / Unclear
ba79e2cb-c667-4e55-9ef7-6dba13f25466,Uniwersytecie Humanistycznospołecznym,Uniwersytecie Humanistycznospołecznym,uniwersytecie humanistycznospołecznym,False,uniwersytet humanistycznospołen,uniwersytet humanistycznospołen,Other / Unclear
ba8d066c-5f4f-45d0-ae93-9231c81c9317,Das verschollene Archiv,Das verschollene Archiv,das verschollene archiv,False,das verschollene archiv,das verschollene archiv,Other / Unclear
bab150b8-8f90-4294-b8df-224ee0ba1c3c,Koordynacyjno-Informa,Koordynacyjno-Informa,koordynacyjno-informa,False,koordynacyjno - informa,koordynacyjno - informa,Other / Unclear
bab3aff4-1dde-4173-954d-7ba3d93a1e0c,POWER,POWER,power,False,power,power,Other / Unclear
babd5165-61cc-48ad-82f6-ccb9f65a15ec,pec,pec,pec,False,pec,pec,Other / Unclear
babd5165-61cc-48ad-82f6-ccb9f65a15ec,służb,służb,służb,False,służba,służba,Other / Unclear
babd5165-61cc-48ad-82f6-ccb9f65a15ec,społeczne,społeczne,społeczne,False,społeczny,społeczny,Other / Unclear
babd5165-61cc-48ad-82f6-ccb9f65a15ec,rodzinne,rodzinne,rodzinne,False,rodzinny,rodzinny,Other / Unclear
bad658af-9d34-44ff-b51f-76299b8e3fa4,Chemii,Chemii,chemii,False,chemia,chemia,Other / Unclear
baf14cf3-6496-4d08-8da6-b8401145133b,navoica.,navoica.,navoica.,False,navoica .,navoica .,Other / Unclear
baf447cc-2898-4852-ae26-afc79391b781,em Teologicznym im. J. Bilczewskiego,em Teologicznym im. J. Bilczewskiego,em teologicznym im. j. bilczewskiego,False,być teologiczny on . J . bilczewski,być teologiczny on . J . bilczewski,Other / Unclear
bb81c20d-5f28-4978-9ef6-33d3bbb2bba5,MKi,MKi,mki,False,mkię,mkię,Other / Unclear
bb8bf235-bc1c-4fec-be5c-8463490793d1,Think-Tank CEPS,Think-Tank CEPS,think-tank ceps,False,think - tank cersy,think - tank cersy,Other / Unclear
bb93f969-27d0-4fb2-9626-9490b16b70f5,Liberci,Liberci,liberci,False,liberci,liberci,Other / Unclear
bc6255d8-c17b-4bcf-8cd2-94b8fae5c807,J Pediatr,J Pediatr,j pediatr,False,J pediatr,J pediatr,Other / Unclear
bcc8c5c3-d01e-463d-a9e7-e7b2ced82052,trum für Kunst und Medien Karlsruhe,trum für Kunst und Medien Karlsruhe,trum für kunst und medien karlsruhe,False,trum fod_wnaw kunst undyp medien Karlsruhe,trum fod_wnaw kunst undyp medien Karlsruhe,Other / Unclear
bcc8c5c3-d01e-463d-a9e7-e7b2ced82052,Calvert 22,Calvert 22,calvert 22,False,calvert 22,calvert 22,Other / Unclear
bd5daf94-5f35-429b-800b-f555c8a6c1e7,Zespołowi Projektowemu,Zespołowi Projektowemu,zespołowi projektowemu,False,zespoł projektowy,zespoł projektowy,Other / Unclear
bd636e0d-536c-4e79-a9c4-0b39d4666551,Główne,Główne,główne,False,główny,główny,Other / Unclear
bd636e0d-536c-4e79-a9c4-0b39d4666551,Obserwatorium Astrogeodynamiczne,Obserwatorium Astrogeodynamiczne,obserwatorium astrogeodynamiczne,False,obserwatorium astrogeodynamiczny,obserwatorium astrogeodynamiczny,Other / Unclear
bd636e0d-536c-4e79-a9c4-0b39d4666551,Central,Central,central,False,central,central,Other / Unclear
bd7c6cc4-7c64-4f1c-94e7-a1a051d86a98,PGNiG Oddział,PGNiG Oddział,pgnig oddział,False,panino oddział,panino oddział,Other / Unclear
bd7c6cc4-7c64-4f1c-94e7-a1a051d86a98,NCBi,NCBi,ncbi,False,nebia,nebia,Other / Unclear
bda4f446-7c9c-40ae-8362-a95daeedadd7,OS Borowiec,OS Borowiec,os borowiec,False,OS borowiec,OS borowiec,Other / Unclear
bdc0fc8f-9a1f-46d9-ac35-49f33c4ad3c7,Specjaln,Specjaln,specjaln,False,specjaln,specjaln,Other / Unclear
bdc0fc8f-9a1f-46d9-ac35-49f33c4ad3c7,u im. J. Wilkowskiego,u im. J. Wilkowskiego,u im. j. wilkowskiego,False,u on . J . wilkowski,u on . J . wilkowski,Other / Unclear
bde4a397-5dc3-4d85-9987-8d3405857d89,Kancelar,Kancelar,kancelar,False,kancelar,kancelar,Other / Unclear
bde4a397-5dc3-4d85-9987-8d3405857d89,Strategii,Strategii,strategii,False,strategia,strategia,Other / Unclear
be036b10-6681-417b-a1e1-c98086bb6d7a,YouTube,YouTube,youtube,False,YouTube,YouTube,Other / Unclear
be036b10-6681-417b-a1e1-c98086bb6d7a,trwam,trwam,trwam,False,trwam,trwam,Other / Unclear
be036b10-6681-417b-a1e1-c98086bb6d7a,Nielsen,Nielsen,nielsen,False,nielsen,nielsen,Other / Unclear
be06e6c3-b501-4cd1-a8b3-f114e55a0e34,cukrowni Glinojeck,cukrowni Glinojeck,cukrowni glinojeck,False,cukrownia glinojeck,cukrownia glinojeck,Other / Unclear
be06e6c3-b501-4cd1-a8b3-f114e55a0e34,Pfeifer & Langen Polska S.A,Pfeifer & Langen Polska S.A,pfeifer & langen polska s.a,False,pfeifer & langen Polska S . a,pfeifer & langen Polska S . a,Other / Unclear
be3ffaa1-f3bd-4f38-8785-98448b7391fe,Central,Central,central,False,central,central,Other / Unclear
be3ffaa1-f3bd-4f38-8785-98448b7391fe,Ośrodku,Ośrodku,ośrodku,False,ośrodek,ośrodek,Other / Unclear
be3ffaa1-f3bd-4f38-8785-98448b7391fe,Instytucie im. M. Skłodowskiej-Curie,Instytucie im. M. Skłodowskiej-Curie,instytucie im. m. skłodowskiej-curie,False,instytut on . M . Skłodowska - Curie,instytut on . M . Skłodowska - Curie,Other / Unclear
be3ffaa1-f3bd-4f38-8785-98448b7391fe,Newsweek Psychologia,Newsweek Psychologia,newsweek psychologia,False,Newsweek psychologia,Newsweek psychologia,Other / Unclear
be5f0839-7ae1-4ce6-a8ff-8f140e7cf0e3,BLDC-SOLAR,BLDC-SOLAR,bldc-solar,False,bldc-solar,bldc-solar,Other / Unclear
be5f0839-7ae1-4ce6-a8ff-8f140e7cf0e3,Acc,Acc,acc,False,acc,acc,Other / Unclear
be72640b-f6fe-4018-a18d-b6ecec7c10db,ICiT,ICiT,icit,False,icit,icit,Other / Unclear
be881bf3-7907-4c86-b593-41b3b0a51a97,Departamencie Efektywności Wydatków Publicznych i Rachunkowości,Departamencie Efektywności Wydatków Publicznych i Rachunkowości,departamencie efektywności wydatków publicznych i rachunkowości,False,departament efektywność wydatków publiczny i rachunkowość,departament efektywność wydatków publiczny i rachunkowość,Other / Unclear
becf0bfb-3580-459e-af84-b6854ab21b5e,Science,Science,science,False,science,science,Other / Unclear
becf0bfb-3580-459e-af84-b6854ab21b5e,New York Times,New York Times,new york times,False,New York Times,New York Times,Other / Unclear
becf0bfb-3580-459e-af84-b6854ab21b5e,Washington Post,Washington Post,washington post,False,Washington Post,Washington Post,Other / Unclear
becf0bfb-3580-459e-af84-b6854ab21b5e,Guardian,Guardian,guardian,False,guardian,guardian,Other / Unclear
becf0bfb-3580-459e-af84-b6854ab21b5e,Ogród,Ogród,ogród,False,ogród,ogród,Other / Unclear
becf0bfb-3580-459e-af84-b6854ab21b5e,onto,onto,onto,False,onto,onto,Other / Unclear
beedd0b3-714f-48e7-9555-a7e34fbe6682,Tomaszowskie Forum Gospodarcze,Tomaszowskie Forum Gospodarcze,tomaszowskie forum gospodarcze,False,tomaszowski forum gospodarcze,tomaszowski forum gospodarcze,Other / Unclear
beedd0b3-714f-48e7-9555-a7e34fbe6682,aleBAnk.pl,aleBAnk.pl,alebank.pl,False,aleBAnk.pl,aleBAnk.pl,Other / Unclear
bf2e4eaf-6690-436e-9557-47b203887530,Kon,Kon,kon,False,kon,kon,Other / Unclear
c00dfec6-8b56-45dc-bd23-bd47cc60c75d,Uniwersytu w Gand,Uniwersytu w Gand,uniwersytu w gand,False,uniwersyt w gand,uniwersyt w gand,Other / Unclear
c04ca8ad-8c69-4be6-8f37-2ea6cd213626,W3C,W3C,w3c,False,W3c,W3c,Other / Unclear
c0546686-8b87-49d1-84e9-0f01c798957f,Sanktuarium Św. Jacka,Sanktuarium Św. Jacka,sanktuarium św. jacka,False,sanktuarium święty . Jacek,sanktuarium święty . Jacek,Other / Unclear
c0546686-8b87-49d1-84e9-0f01c798957f,Zespół Rehabilitacyjno-Wypoczynkowy „Sebastianeum Silesiacum,Zespół Rehabilitacyjno-Wypoczynkowy „Sebastianeum Silesiacum,zespół rehabilitacyjno-wypoczynkowy „sebastianeum silesiacum,False,zespół rehabilitacyjno - wypoczynkowy „ sebastianeum silesiacum,zespół rehabilitacyjno - wypoczynkowy „ sebastianeum silesiacum,Other / Unclear
c08baf68-6a65-4fd4-bb76-383f1ed85a54,społu,społu,społu,False,społo,społo,Other / Unclear
c2344209-ef1c-4a30-b015-9f625ebfa680,stytucie Informatyku,stytucie Informatyku,stytucie informatyku,False,stytucie informatyk,stytucie informatyk,Other / Unclear
c2882998-5ff6-45e5-956b-165c3d556023,Kancelarii Prezes,Kancelarii Prezes,kancelarii prezes,False,kancelaria prezes,kancelaria prezes,Other / Unclear
c2882998-5ff6-45e5-956b-165c3d556023,Sie,Sie,sie,False,sie,sie,Other / Unclear
c2882998-5ff6-45e5-956b-165c3d556023,EUL,EUL,eul,False,EUL,EUL,Other / Unclear
c29340e5-054f-41d8-a4a8-3f7444571e6a,Łom,Łom,łom,False,łom,łom,Other / Unclear
c2f00818-b577-493f-85b9-b309ca5ea3fa,Wochenblatt,Wochenblatt,wochenblatt,False,wochenblatt,wochenblatt,Other / Unclear
c2f00818-b577-493f-85b9-b309ca5ea3fa,Świetlica nie,Świetlica nie,świetlica nie,False,świetlica nie,świetlica nie,Other / Unclear
c3412116-943b-4b15-a5cf-94fddcbe122a,Circulation,Circulation,circulation,False,circulation,circulation,Other / Unclear
c355339b-cd17-4d8c-bd9c-54fd2a3e0e72,skiego,skiego,skiego,False,skie,skie,Other / Unclear
c355339b-cd17-4d8c-bd9c-54fd2a3e0e72,Woj. Lubuskiego,Woj. Lubuskiego,woj. lubuskiego,False,woj . lubuski,woj . lubuski,Other / Unclear
c355339b-cd17-4d8c-bd9c-54fd2a3e0e72,Gaz. Wyborczej,Gaz. Wyborczej,gaz. wyborczej,False,gaz . wyborczy,gaz . wyborczy,Other / Unclear
c39d05b4-a69a-4cd3-a503-b406337b0258,Johan,Johan,johan,False,johan,johan,Other / Unclear
c3f35c05-3148-43aa-9c38-e3e0480a6919,Amictus,Amictus,amictus,False,amictus,amictus,Other / Unclear
c42f6676-33b1-4d09-837b-07e053a50243,Oper,Oper,oper,False,oper,oper,Other / Unclear
c440207a-91ab-4f61-8f3b-124c622ceb52,Nature,Nature,nature,False,nature,nature,Other / Unclear
c47db113-7356-4730-9ab6-06c496d59c7e,stat.,stat.,stat.,False,stat .,stat .,Other / Unclear
c48547b3-f86f-44ee-bc26-0f0a0a7bfefa,qsarlab.com,qsarlab.com,qsarlab.com,False,qsarlab.c,qsarlab.c,Other / Unclear
c4c9634c-2c6b-46a8-92b0-0ab2a00dbb9a,Now,Now,now,False,nowa,nowa,Other / Unclear
c4c9634c-2c6b-46a8-92b0-0ab2a00dbb9a,Era,Era,era,False,era,era,Other / Unclear
c4e98d4c-bcc8-43c7-abda-cb42abc9839e,Photo,Photo,photo,False,photo,photo,Other / Unclear
c509dfe6-aae6-47e4-a0ad-6a3cb47cd00e,org,org,org,False,osoha,osoha,Other / Unclear
c50ba0f8-acad-4a64-9c18-f8ea51156c69,Obszaru Archeologicznego,Obszaru Archeologicznego,obszaru archeologicznego,False,obszar archeologiczny,obszar archeologiczny,Other / Unclear
c50ba0f8-acad-4a64-9c18-f8ea51156c69,Sektor Zabytków E,Sektor Zabytków E,sektor zabytków e,False,sektor zabytków E,sektor zabytków E,Other / Unclear
c50ba0f8-acad-4a64-9c18-f8ea51156c69,skich,skich,skich,False,skich,skich,Other / Unclear
c53b6e8f-f79d-4682-b1cf-7df9b0ea720d,Uniwersytecie Mikołaja Kopernika,Uniwersytecie Mikołaja Kopernika,uniwersytecie mikołaja kopernika,False,uniwersytet Mikołaj kopernik,uniwersytet Mikołaj kopernik,Other / Unclear
c53b6e8f-f79d-4682-b1cf-7df9b0ea720d,sty,sty,sty,False,sty,sty,Other / Unclear
c53b6e8f-f79d-4682-b1cf-7df9b0ea720d,tut Językoznawstwa,tut Językoznawstwa,tut językoznawstwa,False,tut językoznawstwo,tut językoznawstwo,Other / Unclear
c544d56a-9891-463c-80e5-4d19f6d0d557,Tech,Tech,tech,False,tech,tech,Other / Unclear
c629afe9-2e82-425b-b4f1-9a99178406f3,gov,gov,gov,False,gov,gov,Other / Unclear
c6539c5b-6e24-47e5-9118-69d998ba8b9c,tyka Bez Granic,tyka Bez Granic,tyka bez granic,False,tykać bez granic,tykać bez granic,Other / Unclear
c689d2f5-bd2c-4f0a-9f5e-0667e459eee9,Dzieci,Dzieci,dzieci,False,dziecko,dziecko,Other / Unclear
c689d2f5-bd2c-4f0a-9f5e-0667e459eee9,ITT,ITT,itt,False,itt,itt,Other / Unclear
c6b1dc68-e909-4951-a200-09fdb9d685a1,Stypendium im. Leopolda Unge,Stypendium im. Leopolda Unge,stypendium im. leopolda unge,False,stypendium on . leopold unge,stypendium on . leopold unge,Other / Unclear
c6babc0a-49cb-4d6f-b9ef-232b2db0446e,Hopi,Hopi,hopi,False,hopi,hopi,Other / Unclear
c6babc0a-49cb-4d6f-b9ef-232b2db0446e,Zuni,Zuni,zuni,False,zuni,zuni,Other / Unclear
c6babc0a-49cb-4d6f-b9ef-232b2db0446e,Ute,Ute,ute,False,ut,ut,Other / Unclear
c6ee0b86-99e1-4243-aa41-5e1eccecd2d1,nego Związku Hodowców Owiec i Kóz,nego Związku Hodowców Owiec i Kóz,nego związku hodowców owiec i kóz,False,ne związek hodowców owiec i kóz,ne związek hodowców owiec i kóz,Other / Unclear
c73e0aa2-a623-45e9-b490-82b7c2ee88dc,SPOZ 1,SPOZ 1,spoz 1,False,SPOZ 1,SPOZ 1,Other / Unclear
c7d37fa5-f48f-4e74-a786-1bf519c659f2,ier,ier,ier,False,ier,ier,Other / Unclear
c7d37fa5-f48f-4e74-a786-1bf519c659f2,cyjski,cyjski,cyjski,False,cyjski,cyjski,Other / Unclear
c7d37fa5-f48f-4e74-a786-1bf519c659f2,Гуцульський календар,Гуцульський календар,гуцульський календар,False,"Гуцульський календа ""","Гуцульський календа """,Other / Unclear
c7d37fa5-f48f-4e74-a786-1bf519c659f2,Piotrków Tryb.,Piotrków Tryb.,piotrków tryb.,False,Piotrków tryb .,Piotrków tryb .,Other / Unclear
c7ec96c3-5900-4721-a66b-14a0efba2b7b,wroc,wroc,wroc,False,wroc,wroc,Other / Unclear
c83cb3e9-5d9b-4d30-9cff-46ee1268b743,WoS,WoS,wos,False,WoS,WoS,Other / Unclear
c8560c5f-e8b6-47d7-9268-e9abc8fa7c9d,sema4,sema4,sema4,False,sema4,sema4,Other / Unclear
c85d561c-c7ef-4148-956b-375868c088cb,Jury,Jury,jury,False,jury,jury,Other / Unclear
c9006f0f-b961-4018-85c9-acdae41725a5,Jurze Krakow,Jurze Krakow,jurze krakow,False,jurz krakow,jurz krakow,Other / Unclear
c90e547e-3ccb-41fe-80bd-6f83134dcb78,SEA,SEA,sea,False,sea,sea,Other / Unclear
c922b4ec-b00b-4736-a57b-fdecf78479ce,Historia,Historia,historia,False,historia,historia,Other / Unclear
c93b61fc-0d5e-4e90-9360-0678267ec0b0,Hosianum”,Hosianum,hosianum,False,hosianum,hosianum,Other / Unclear
c94d0094-314c-4791-8c86-76f6fa11fe3f,ZCh ”Silikony Polskie”,ZCh ”Silikony Polskie,zch ”silikony polskie,False,ZCh ” silikony polski,ZCh ” silikony polski,Other / Unclear
c94fa3b3-ee04-43b3-a459-3f622a40cff3,gora,gora,gora,False,gora,gora,Other / Unclear
c981ec75-e5bc-4e50-9e59-3ce5b963ecc8,LPP,LPP,lpp,False,LPP,LPP,Other / Unclear
c981ec75-e5bc-4e50-9e59-3ce5b963ecc8,Budimex,Budimex,budimex,False,budimex,budimex,Other / Unclear
c981ec75-e5bc-4e50-9e59-3ce5b963ecc8,Vodeno,Vodeno,vodeno,False,vodeno,vodeno,Other / Unclear
c981ec75-e5bc-4e50-9e59-3ce5b963ecc8,T-Mobile,T-Mobile,t-mobile,False,t-mobile,t-mobile,Other / Unclear
c981ec75-e5bc-4e50-9e59-3ce5b963ecc8,iffeisen,iffeisen,iffeisen,False,iffeisen,iffeisen,Other / Unclear
c981ec75-e5bc-4e50-9e59-3ce5b963ecc8,cze,cze,cze,False,ce,ce,Other / Unclear
c981ec75-e5bc-4e50-9e59-3ce5b963ecc8,Klienta,Klienta,klienta,False,klient,klient,Other / Unclear
c981ec75-e5bc-4e50-9e59-3ce5b963ecc8,Accenture,Accenture,accenture,False,accenture,accenture,Other / Unclear
c981ec75-e5bc-4e50-9e59-3ce5b963ecc8,Arvato,Arvato,arvato,False,arvato,arvato,Other / Unclear
c981ec75-e5bc-4e50-9e59-3ce5b963ecc8,Capgemini,Capgemini,capgemini,False,capgemini,capgemini,Other / Unclear
c981ec75-e5bc-4e50-9e59-3ce5b963ecc8,Carlsberg,Carlsberg,carlsberg,False,carlsberg,carlsberg,Other / Unclear
c981ec75-e5bc-4e50-9e59-3ce5b963ecc8,Goldman Sachs,Goldman Sachs,goldman sachs,False,goldman sachs,goldman sachs,Other / Unclear
c981ec75-e5bc-4e50-9e59-3ce5b963ecc8,Infosys,Infosys,infosys,False,infosys,infosys,Other / Unclear
c981ec75-e5bc-4e50-9e59-3ce5b963ecc8,JLL,JLL,jll,False,juL,juL,Other / Unclear
c981ec75-e5bc-4e50-9e59-3ce5b963ecc8,Kimberly Clark,Kimberly Clark,kimberly clark,False,kimberly clark,kimberly clark,Other / Unclear
c981ec75-e5bc-4e50-9e59-3ce5b963ecc8,Luxoft,Luxoft,luxoft,False,luxoft,luxoft,Other / Unclear
c981ec75-e5bc-4e50-9e59-3ce5b963ecc8,MAN,MAN,man,False,man,man,Other / Unclear
c981ec75-e5bc-4e50-9e59-3ce5b963ecc8,Procter&Gamble,Procter&Gamble,procter&gamble,False,procter & gamble,procter & gamble,Other / Unclear
c981ec75-e5bc-4e50-9e59-3ce5b963ecc8,PwC,PwC,pwc,False,Pok,Pok,Other / Unclear
c981ec75-e5bc-4e50-9e59-3ce5b963ecc8,Shell,Shell,shell,False,shell,shell,Other / Unclear
c981ec75-e5bc-4e50-9e59-3ce5b963ecc8,UBS,UBS,ubs,False,UBS,UBS,Other / Unclear
ca1221a8-30c1-4c4a-85e8-ca96bccd09b7,Diagnostyki Wirusów,Diagnostyki Wirusów,diagnostyki wirusów,False,diagnostyka wirusów,diagnostyka wirusów,Other / Unclear
ca6aafd9-0516-483a-a606-bb887c36c0f5,Alliance for childhood,Alliance for childhood,alliance for childhood,False,alliance forówna childhood,alliance forówna childhood,Other / Unclear
caa970d2-afd6-43e4-806f-9073675f2d5e,Dział,Dział,dział,False,dział,dział,Other / Unclear
cac05b43-5889-4676-bafe-a42f8ddc0e0d,Polskiej Stacji Antarktycznej im.,Polskiej Stacji Antarktycznej im.,polskiej stacji antarktycznej im.,False,polski stacji antarktyczna on .,polski stacji antarktyczna on .,Other / Unclear
cae258a2-22db-458e-ade2-4ba88fdb12d6,Podzespołu ds. programowych,Podzespołu ds. programowych,podzespołu ds. programowych,False,podzespoły do_spraw . programowy,podzespoły ds. programowy,Other / Unclear
cae258a2-22db-458e-ade2-4ba88fdb12d6,WUF,WUF,wuf,False,Wup,Wup,Other / Unclear
cae258a2-22db-458e-ade2-4ba88fdb12d6,iego,iego,iego,False,ono,ono,Other / Unclear
cae258a2-22db-458e-ade2-4ba88fdb12d6,Metropolię,Metropolię,metropolię,False,metropolia,metropolia,Other / Unclear
cae258a2-22db-458e-ade2-4ba88fdb12d6,EUROPE DIRECT,EUROPE DIRECT,europe direct,False,europa dorekt,europa dorekt,Other / Unclear
cb36f727-2f61-457c-8005-d6091eceade7,iem Banków Polskich,iem Banków Polskich,iem banków polskich,False,iem bank polski,iem bank polski,Other / Unclear
cb72740f-69d6-47d2-a6b5-f94a859f3621,Biura Strategii i Projektów ds,Biura Strategii i Projektów ds,biura strategii i projektów ds,False,biuro strategia i projektów do_spraw,biuro strategia i projektów do_spraw,Other / Unclear
cb7ff639-f328-4ec3-9d71-dcf734f29150,Drog,Drog,drog,False,drog,drog,Other / Unclear
cb7ff639-f328-4ec3-9d71-dcf734f29150,Distant Reading,Distant Reading,distant reading,False,distant reading,distant reading,Other / Unclear
cb7ff639-f328-4ec3-9d71-dcf734f29150,Nexus Linguarum,Nexus Linguarum,nexus linguarum,False,nexus linguarum,nexus linguarum,Other / Unclear
cb819855-3da6-42f8-be2c-30a33e98ad8f,Lead-free Solder Materials,Lead-free Solder Materials,lead-free solder materials,False,lead - free solder materials,lead - free solder materials,Other / Unclear
cc0f04f2-7a2f-4a14-b44a-6eb865b1b4d2,Przegląd Prawosławny,Przegląd Prawosławny,przegląd prawosławny,False,przegląd prawosławny,przegląd prawosławny,Other / Unclear
cc0f04f2-7a2f-4a14-b44a-6eb865b1b4d2,Kompozytor,Kompozytor,kompozytor,False,kompozytor,kompozytor,Other / Unclear
cc2c671e-ca9e-4cdd-a152-0b2f46425a14,SIWZ,SIWZ,siwz,False,SIWZ,SIWZ,Other / Unclear
cc5c4611-22a9-4735-8eb8-461fdab27b69,GOSPODARSTWA WIEJSKIEGO,GOSPODARSTWA WIEJSKIEGO,gospodarstwa wiejskiego,False,gospodarstwo wiejcki,gospodarstwo wiejcki,Other / Unclear
cc5c4611-22a9-4735-8eb8-461fdab27b69,POWER,POWER,power,False,power,power,Other / Unclear
cc5c4611-22a9-4735-8eb8-461fdab27b69,Tom,Tom,tom,False,Tom,Tom,Other / Unclear
cc6d007b-7091-4ca9-b3c0-9e233d41c3ca,Atri,Atri,atri,False,atri,atri,Other / Unclear
ccc850a2-801c-485d-aa96-ee690c444e50,Imper,Imper,imper,False,imper,imper,Other / Unclear
cceeecd9-8f86-4226-b726-af1a9f1e8a33,OzN wzroku,OzN wzroku,ozn wzroku,False,ozn wzrok,ozn wzrok,Other / Unclear
cceeecd9-8f86-4226-b726-af1a9f1e8a33,szko,szko,szko,False,szko,szko,Other / Unclear
cceeecd9-8f86-4226-b726-af1a9f1e8a33,GUIDE”,GUIDE,guide,False,guide,guide,Other / Unclear
cd6f279d-31fd-4756-8ef7-e8b8449dc962,Trauma z Hopital Beaujon,Trauma z Hopital Beaujon,trauma z hopital beaujon,False,trauma z hopital beaujon,trauma z hopital beaujon,Other / Unclear
cda11329-751d-4458-b3bf-1a7f7de71444,mazowie,mazowie,mazowie,False,mazów,mazów,Other / Unclear
cde496f2-0d72-42a9-9ca6-c6c30f9118f7,Instutut Polityki Energetycznej im.,Instutut Polityki Energetycznej im.,instutut polityki energetycznej im.,False,instutut polityka energetycznaj on .,instutut polityka energetycznaj on .,Other / Unclear
cde496f2-0d72-42a9-9ca6-c6c30f9118f7,ukas,ukas,ukas,False,ukas,ukas,Other / Unclear
cde496f2-0d72-42a9-9ca6-c6c30f9118f7,Kobiet,Kobiet,kobiet,False,kobieta,kobieta,Other / Unclear
cde496f2-0d72-42a9-9ca6-c6c30f9118f7,n24.pl,n24.pl,n24.pl,False,n24.pl,n24.pl,Other / Unclear
ce58d5b6-9cd6-411c-87d2-48965dee1276,Zespole ds. Rozwoju Obszarów Wiejskich i Rolnictwa,Zespole ds. Rozwoju Obszarów Wiejskich i Rolnictwa,zespole ds. rozwoju obszarów wiejskich i rolnictwa,False,zespołe do_spraw . rozwój obszar wiejskich i rolnictwo,zespołe ds. rozwój obszar wiejskich i rolnictwo,Other / Unclear
cec6f83b-a716-4b31-908f-fd8526c0c3c5,Sekretariat Techniczny ds. OEFSR sektora miedzi,Sekretariat Techniczny ds. OEFSR sektora miedzi,sekretariat techniczny ds. oefsr sektora miedzi,False,sekretariat techniczny do_spraw . oefsr sektor miedź,sekretariat techniczny ds. oefsr sektor miedź,Other / Unclear
cecff663-056c-4a71-88c6-73273b5ee3d2,WORLD METEOROLOGICAL ORGANIZATION,WORLD METEOROLOGICAL ORGANIZATION,world meteorological organization,False,world meteorological organizałion,world meteorological organizałion,Other / Unclear
cecff663-056c-4a71-88c6-73273b5ee3d2,OST,OST,ost,False,ost,ost,Other / Unclear
cff99106-00da-4b2d-a4ed-1826cde195d8,ziale Farmaceutycznym,ziale Farmaceutycznym,ziale farmaceutycznym,False,ziale farmaceutyczny,ziale farmaceutyczny,Other / Unclear
cff99106-00da-4b2d-a4ed-1826cde195d8,mypac.pl,mypac.pl,mypac.pl,False,mypac.pl,mypac.pl,Other / Unclear
d028a01f-29c8-4562-a940-1167e1b45af2,roc,roc,roc,False,roced,roced,Other / Unclear
d047f2c5-a6ab-4b9b-bb7b-3e88e487bc4e,National Geografic,National Geografic,national geografic,False,National geografic,National geografic,Other / Unclear
d0c12e46-8d48-4ffc-aa3a-d30796564be2,Sale,Sale,sale,False,sale,sale,Other / Unclear
d0c315d7-5b3f-49e3-bf55-020e16cf4b64,Dział,Dział,dział,False,dział,dział,Other / Unclear
d0c315d7-5b3f-49e3-bf55-020e16cf4b64,Spraw Studenckich,Spraw Studenckich,spraw studenckich,False,sprawa studencki,sprawa studencki,Other / Unclear
d0e24d91-b9af-40d8-8f9a-a064c8d0e149,Polityka,Polityka,polityka,False,polityka,polityka,Other / Unclear
d0e24d91-b9af-40d8-8f9a-a064c8d0e149,Polityki,Polityki,polityki,False,polityka,polityka,Other / Unclear
d0e24d91-b9af-40d8-8f9a-a064c8d0e149,„Polityka,Polityka,polityka,False,polityka,polityka,Other / Unclear
d0e24d91-b9af-40d8-8f9a-a064c8d0e149,„Polityki,Polityki,polityki,False,polityka,polityka,Other / Unclear
d11457fb-32e9-4df4-8682-388513b67d2c,Danych Lokalnych,Danych Lokalnych,danych lokalnych,False,dane lokalny,dane lokalny,Other / Unclear
d13b331f-c356-41a4-8b6e-5746b13a365d,Generalnej ds. Poli,Generalnej ds. Poli,generalnej ds. poli,False,generalny do_spraw . poli,generalny ds. poli,Other / Unclear
d1ca9a39-fd0d-4586-902a-7b0973bd30e8,IBPRS - PIB,IBPRS - PIB,ibprs - pib,False,IBPRS - PIB,IBPRS - PIB,Other / Unclear
d1ca9a39-fd0d-4586-902a-7b0973bd30e8,IBPRS -PIB,IBPRS -PIB,ibprs -pib,False,IBPRS - PIB,IBPRS - PIB,Other / Unclear
d2501523-58c0-4e2e-ba61-fe136719e39e,blekitny,blekitny,blekitny,False,blekitny,blekitny,Other / Unclear
d2501523-58c0-4e2e-ba61-fe136719e39e,patrol,patrol,patrol,False,patrol,patrol,Other / Unclear
d2e65cd7-616f-4840-9303-8ed6b3cd09ed,IUCN,IUCN,iucn,False,iucny,iucny,Other / Unclear
d332daf8-5d71-4c6f-b8da-aca3881ad119,Muzyki Dawnej,Muzyki Dawnej,muzyki dawnej,False,muzyka dawno,muzyka dawno,Other / Unclear
d353482d-0538-43d5-9582-5ebf69277ea1,CheckMate,CheckMate,checkmate,False,checkmate,checkmate,Other / Unclear
d39a0a98-6300-4281-9796-e5d469412eeb,PIE-ED,PIE-ED,pie-ed,False,pie-ed,pie-ed,Other / Unclear
d3a06354-3a77-471b-adfd-b8f71626a930,Global,Global,global,False,global,global,Other / Unclear
d3a06354-3a77-471b-adfd-b8f71626a930,Planu Konserwacji,Planu Konserwacji,planu konserwacji,False,plan konserwacje,plan konserwacje,Other / Unclear
d3a584db-2725-4d48-bc46-02ec0fc7cf00,Academy,Academy,academy,False,academy,academy,Other / Unclear
d3a584db-2725-4d48-bc46-02ec0fc7cf00,HARMONIA,HARMONIA,harmonia,False,harmonia,harmonia,Other / Unclear
d3a584db-2725-4d48-bc46-02ec0fc7cf00,SONATA,SONATA,sonata,False,sonata,sonata,Other / Unclear
d3a584db-2725-4d48-bc46-02ec0fc7cf00,MNi,MNi,mni,False,myj,myj,Other / Unclear
d3a584db-2725-4d48-bc46-02ec0fc7cf00,EURO-WABB,EURO-WABB,euro-wabb,False,euro-wabb,euro-wabb,Other / Unclear
d3ed0276-5a65-4996-946e-e69d6dce9164,cover,cover,cover,False,cover,cover,Other / Unclear
d4249065-81ab-4c0e-8402-13cc4841dac0,Pianohooligan,Pianohooligan,pianohooligan,False,pianohooligan,pianohooligan,Other / Unclear
d431fae3-c3ea-459e-8e18-d70b9b4936aa,„Europa przyszłości,Europa przyszłości,europa przyszłości,False,Europa przyszłość,Europa przyszłość,Other / Unclear
d431fae3-c3ea-459e-8e18-d70b9b4936aa,euroislam,euroislam,euroislam,False,euroislam,euroislam,Other / Unclear
d4cc740e-1556-4ceb-b98e-8b297d039bc8,Ann Rheum,Ann Rheum,ann rheum,False,ann rheum,ann rheum,Other / Unclear
d4cc740e-1556-4ceb-b98e-8b297d039bc8,Ultraschall Med,Ultraschall Med,ultraschall med,False,ultraschall med,ultraschall med,Other / Unclear
d4dc3a03-46a3-4dc8-b62b-b8e22106fdd2,soci,soci,soci,False,socie,socie,Other / Unclear
d4dc3a03-46a3-4dc8-b62b-b8e22106fdd2,"ação para a Formação, Investigação e Desenvolvimento Social dos Trabalhadores FIDESTRA","ação para a Formação, Investigação e Desenvolvimento Social dos Trabalhadores FIDESTRA","ação para a formação, investigação e desenvolvimento social dos trabalhadores fidestra",False,"ação para a formação , investigação e desenvolvimento social dos trabalhadores fidestra","ação para a formação , investigação e desenvolvimento social dos trabalhadores fidestra",Other / Unclear
d4dc3a03-46a3-4dc8-b62b-b8e22106fdd2,Confédération française des travailleurs chrétiens,Confédération française des travailleurs chrétiens,confédération française des travailleurs chrétiens,False,confédération française des travailleurs chrétiens,confédération française des travailleurs chrétiens,Other / Unclear
d4dc3a03-46a3-4dc8-b62b-b8e22106fdd2,NSZZ,NSZZ,nszz,False,NSZZ,NSZZ,Other / Unclear
d4dc3a03-46a3-4dc8-b62b-b8e22106fdd2,„Solidarność,Solidarność,solidarność,False,solidarność,solidarność,Other / Unclear
d51aae8c-fb6e-49f1-b12b-c644f38854db,Archives of Civil Engineering ACE,Archives of Civil Engineering ACE,archives of civil engineering ace,False,archives of civil engineering ace,archives of civil engineering ace,Other / Unclear
d563d02f-878d-47ee-bcce-342517345da8,Gość Niedzielny,Gość Niedzielny,gość niedzielny,False,gość niedzielny,gość niedzielny,Other / Unclear
d563d02f-878d-47ee-bcce-342517345da8,REFA,REFA,refa,False,refa,refa,Other / Unclear
d563d02f-878d-47ee-bcce-342517345da8,Ruch Ekologiczny św. Franciszka z Asy,Ruch Ekologiczny św. Franciszka z Asy,ruch ekologiczny św. franciszka z asy,False,ruch ekologiczny święty . Franciszek z asy,ruch ekologiczny święty . Franciszek z asy,Other / Unclear
d59d5a76-838e-4475-8378-8e27afe45977,pital Specjalistyczny,pital Specjalistyczny,pital specjalistyczny,False,pital specjalistyczny,pital specjalistyczny,Other / Unclear
d59d5a76-838e-4475-8378-8e27afe45977,Pogotowie Ratunkowe,Pogotowie Ratunkowe,pogotowie ratunkowe,False,pogotowie ratunkowy,pogotowie ratunkowy,Other / Unclear
d59d5a76-838e-4475-8378-8e27afe45977,jawsko - Pomorskie Centrum Pulmonologii,jawsko - Pomorskie Centrum Pulmonologii,jawsko - pomorskie centrum pulmonologii,False,jawsko - pomorski centrum pulmonologia,jawsko - pomorski centrum pulmonologia,Other / Unclear
d59f8f34-afb8-41f3-ab3c-1e4cf7a24d77,pital Kolejowy,pital Kolejowy,pital kolejowy,False,pital kolejowy,pital kolejowy,Other / Unclear
d5af1d4b-65af-4774-a495-1d291afc04de,Śląsk,Śląsk,śląsk,False,Śląsk,Śląsk,Other / Unclear
d5af1d4b-65af-4774-a495-1d291afc04de,Directorate-General for mobility and transport,Directorate-General for mobility and transport,directorate-general for mobility and transport,False,directorate - General forówna mobilit and transport,directorate - General forówna mobilit and transport,Other / Unclear
d5af1d4b-65af-4774-a495-1d291afc04de,Directorate B-Investment,Directorate B-Investment,directorate b-investment,False,directorate b-investment,directorate b-investment,Other / Unclear
d5cb1dbe-ec26-486b-8c57-e32742c0c7a3,społu,społu,społu,False,społo,społo,Other / Unclear
d5e19272-b5e2-4111-8128-da81cb4b1436,PCDRegistry,PCDRegistry,pcdregistry,False,pttregister,pttregister,Other / Unclear
d5e19272-b5e2-4111-8128-da81cb4b1436,ERN-LUNG,ERN-LUNG,ern-lung,False,ern-lung,ern-lung,Other / Unclear
d5e19272-b5e2-4111-8128-da81cb4b1436,Polskiego,Polskiego,polskiego,False,polski,polski,Other / Unclear
d5e19272-b5e2-4111-8128-da81cb4b1436,w. Dyskine,w. Dyskine,w. dyskine,False,w . dyskine,w . dyskine,Other / Unclear
d5efdbd4-5b51-4a34-a590-403d91082603,Centrum Cyklotronowego Bronowice,Centrum Cyklotronowego Bronowice,centrum cyklotronowego bronowice,False,centrum cyklotronowegego bronowice,centrum cyklotronowegego bronowice,Other / Unclear
d6249170-fc80-4668-a9f0-134d36e6f8af,Nat. Geosci.,Nat. Geosci.,nat. geosci.,False,nat . geosci .,nat . geosci .,Other / Unclear
d67ccd7a-6c51-4e58-b691-632d725d9b10,Polityka,Polityka,polityka,False,polityka,polityka,Other / Unclear
d6878b17-d781-469e-96eb-81c8ff2b3642,Unieszkodliwiania Odpadów,Unieszkodliwiania Odpadów,unieszkodliwiania odpadów,False,unieszkodliwiania odpad,unieszkodliwiania odpad,Other / Unclear
d697e0ab-660d-401c-8b9f-c910b5c8ca89,owego Banku Polskiego,owego Banku Polskiego,owego banku polskiego,False,ów bank polski,ów bank polski,Other / Unclear
d6b3db07-daf5-4f6e-90ce-8af35787a40a,Latech Bernard Latanowicz,Latech Bernard Latanowicz,latech bernard latanowicz,False,latech Bernard latanowicz,latech Bernard latanowicz,Other / Unclear
d72cb62d-8c07-4eea-ad66-aa6395f8c2d8,Makarony Polskie S.A,Makarony Polskie S.A,makarony polskie s.a,False,makarony polski S . a,makarony polski S . a,Other / Unclear
d741215d-27fa-4cd3-8bcf-9b2091150af8,Breast Unit,Breast Unit,breast unit,False,breast unit,breast unit,Other / Unclear
d83ca7bf-e1da-41a2-9dc3-9ea54f60045e,Wyd. UŁ,Wyd. UŁ,wyd. uł,False,wydo . UŁ,wydo . UŁ,Other / Unclear
d85452aa-f6a7-4b70-92c6-8560bd7e7ab9,Chorągwi Męskiej/,Chorągwi Męskiej,chorągwi męskiej,False,chorągwi męsko,chorągwi męsko,Other / Unclear
d85452aa-f6a7-4b70-92c6-8560bd7e7ab9,cerzy,cerzy,cerzy,False,cerzy,cerzy,Other / Unclear
d85452aa-f6a7-4b70-92c6-8560bd7e7ab9,Chorągwi Har,Chorągwi Har,chorągwi har,False,chorągwi har,chorągwi har,Other / Unclear
d85452aa-f6a7-4b70-92c6-8560bd7e7ab9,Chorągwi,Chorągwi,chorągwi,False,chorągwi,chorągwi,Other / Unclear
d85452aa-f6a7-4b70-92c6-8560bd7e7ab9,Krakow,Krakow,krakow,False,krakow,krakow,Other / Unclear
d85452aa-f6a7-4b70-92c6-8560bd7e7ab9,Drużyna Harcerzy,Drużyna Harcerzy,drużyna harcerzy,False,drużyna harcerzy,drużyna harcerzy,Other / Unclear
d85452aa-f6a7-4b70-92c6-8560bd7e7ab9,wir,wir,wir,False,wir,wir,Other / Unclear
d88e65ff-1bdf-4a2e-92a9-a4b30248c23c,WoS-,WoS,wos,False,WoS,WoS,Other / Unclear
d941211d-f1ca-4b4b-8d82-6f61ebb48950,Econwelfare,Econwelfare,econwelfare,False,econwelfare,econwelfare,Other / Unclear
d97a486e-ba20-4485-aa9b-d82856c47f22,Uniwers,Uniwers,uniwers,False,uniwers,uniwers,Other / Unclear
d9893993-8d65-4ab1-bd4b-9f8295557a47,MIR-PI,MIR-PI,mir-pi,False,mirypa,mirypa,Other / Unclear
d9eb411d-b495-4e88-aca8-d95f2c751ea2,GENOM,GENOM,genom,False,geno,geno,Other / Unclear
d9eb411d-b495-4e88-aca8-d95f2c751ea2,Genomed,Genomed,genomed,False,genomed,genomed,Other / Unclear
da3079bf-597c-4fa0-b0f8-bae278cd04c7,Komentarz,Komentarz,komentarz,False,komentarz,komentarz,Other / Unclear
da3079bf-597c-4fa0-b0f8-bae278cd04c7,Praw Pac,Praw Pac,praw pac,False,prawo pac,prawo pac,Other / Unclear
da6fc61e-1495-4851-8aac-d866f35faadb,ctwa J,ctwa J,ctwa j,False,ctwa J,ctwa J,Other / Unclear
da6fc61e-1495-4851-8aac-d866f35faadb,pos,pos,pos,False,poseł,poseł,Other / Unclear
da721604-9a33-43e3-95cb-226ac9ccd355,worldcat,worldcat,worldcat,False,worldcat,worldcat,Other / Unclear
da721604-9a33-43e3-95cb-226ac9ccd355,org,org,org,False,osoha,osoha,Other / Unclear
da78f704-90c1-4624-baab-7e00aa9738b3,ABC,ABC,abc,False,ABC,ABC,Other / Unclear
da9d1ebf-1a77-4b6a-a71b-feecb1b3f305,PACY,PACY,pacy,False,pacy,pacy,Other / Unclear
db5d315c-078b-4876-95aa-974909193c11,Pre,Pre,pre,False,pret,pret,Other / Unclear
dc0cf7fd-b286-4d1d-bdb1-37b55d728aae,NMP,NMP,nmp,False,Najświętsza_Maryja_Panna,Najświętsza_Maryja_Panna,Other / Unclear
dc140dc0-c01c-4615-aae7-485076fd821e,dSat,dSat,dsat,False,dsat,dsat,Other / Unclear
dc420e9e-e0c2-46b3-bc7b-931f5798d36f,PAK,PAK,pak,False,Pak,Pak,Other / Unclear
dcc00fa0-9225-4ae5-b0fa-dcc580fd6ce5,Tra,Tra,tra,False,tra,tra,Other / Unclear
dcc00fa0-9225-4ae5-b0fa-dcc580fd6ce5,Mod,Mod,mod,False,mod,mod,Other / Unclear
dcc00fa0-9225-4ae5-b0fa-dcc580fd6ce5,H.Cegielski-Fabryka Pojazdów Szynowych,H.Cegielski-Fabryka Pojazdów Szynowych,h.cegielski-fabryka pojazdów szynowych,False,H . cegielski - fabryka pojazdów szynowy,H . cegielski - fabryka pojazdów szynowy,Other / Unclear
dcc4640e-9d68-4122-87d3-1ba6b2c44ae3,i Ekonomiczno-Humanistycznej,i Ekonomiczno-Humanistycznej,i ekonomiczno-humanistycznej,False,i ekonomiczny - humanistyczna,i ekonomiczny - humanistyczna,Other / Unclear
dccdd05f-746d-4643-98e6-6d29b20b84e6,krea,krea,krea,False,krea,krea,Other / Unclear
dccdd05f-746d-4643-98e6-6d29b20b84e6,„Advanced Manufacturing,Advanced Manufacturing,advanced manufacturing,False,advanced manufacturing,advanced manufacturing,Other / Unclear
dcdcb7bf-ab26-4a50-8e58-2ba03c4a6a7e,Forum Ekonomiczne,Forum Ekonomiczne,forum ekonomiczne,False,forum ekonomiczne,forum ekonomiczne,Other / Unclear
dd336d66-3017-4518-b623-8ab2fab22b4d,iry,iry,iry,False,ir,ir,Other / Unclear
dd336d66-3017-4518-b623-8ab2fab22b4d,agri benchmark Beef and Sheep,agri benchmark Beef and Sheep,agri benchmark beef and sheep,False,agri benchmark beef and sheep,agri benchmark beef and sheep,Other / Unclear
dd336d66-3017-4518-b623-8ab2fab22b4d,benchmark,benchmark,benchmark,False,benchmark,benchmark,Other / Unclear
dd38c64d-b7e2-4c2c-8a6d-109769e85279,Zespo,Zespo,zespo,False,zespo,zespo,Other / Unclear
dd6cc065-03d0-4209-977b-5ac8d94bc677,ŚTNR,ŚTNR,śtnr,False,śtnr,śtnr,Other / Unclear
dd6cc065-03d0-4209-977b-5ac8d94bc677,Cri,Cri,cri,False,cięd,cięd,Other / Unclear
ddfe9350-11ab-40ff-8cbe-61288fb9a455,AHA/,AHA,aha,False,AHA,AHA,Other / Unclear
ddfe9350-11ab-40ff-8cbe-61288fb9a455,Eur,Eur,eur,False,eur,eur,Other / Unclear
de16d986-bc10-4c5f-82d5-30678e59c23f,Sygizman,Sygizman,sygizman,False,sygizman,sygizman,Other / Unclear
de16d986-bc10-4c5f-82d5-30678e59c23f,wizu,wizu,wizu,False,wiz,wiz,Other / Unclear
de96cfef-0732-4058-9e1e-23e53bb498ad,Centr,Centr,centr,False,centr,centr,Other / Unclear
debf29ef-e2b0-4842-aedd-270bb5df191d,Polityce,Polityce,polityce,False,polityka,polityka,Other / Unclear
debff0e8-599e-4650-8a8b-6903fedadbce,Austria,Austria,austria,False,Austria,Austria,Other / Unclear
df2ee72b-b70d-4c7e-ac90-a47b87ef794b,CHEMA-ELEKTROMET Rze,CHEMA-ELEKTROMET Rze,chema-elektromet rze,False,chemanelekoA rze,chemanelekoA rze,Other / Unclear
df42e18d-0306-4fcc-aa05-f2a45b9c7151,pożarną,pożarną,pożarną,False,pożarny,pożarny,Other / Unclear
df579f82-b323-4e21-b375-8d52a833ef91,Woj,Woj,woj,False,woj,woj,Other / Unclear
df579f82-b323-4e21-b375-8d52a833ef91,sk Lądowych,sk Lądowych,sk lądowych,False,skotprat lądowy,skotprat lądowy,Other / Unclear
df6ce6c7-bf4f-4583-9e6c-b93743ab39bc,ujd,ujd,ujd,False,ujdyp,ujdyp,Other / Unclear
df877334-5118-438a-9769-4157feb5f1b7,DAK-POL,DAK-POL,dak-pol,False,dak-pol,dak-pol,Other / Unclear
e0171ae8-016e-46fd-b911-70a0bab90c61,Fund,Fund,fund,False,fund,fund,Other / Unclear
e07d2eb3-87e7-4f93-8bc2-bc3865884805,łużby,łużby,łużby,False,łużba,łużba,Other / Unclear
e07d2eb3-87e7-4f93-8bc2-bc3865884805,ziennej,ziennej,ziennej,False,zienny,zienny,Other / Unclear
e0c8a1f0-32f0-4d27-b5e7-f9d29fe1e576,Zespól Roboczy,Zespól Roboczy,zespól roboczy,False,zespół roboczy,zespół roboczy,Other / Unclear
e12f8995-d58d-4525-b6a2-d584ae7d75ba,Praw Dziecka,Praw Dziecka,praw dziecka,False,prawo dziecko,prawo dziecko,Other / Unclear
e13273a6-d804-4cdd-8470-c3a7fe35ea5f,CAMD) KUL,CAMD) KUL,camd) kul,False,camd ) KUL,camd ) KUL,Other / Unclear
e14d79aa-9719-4806-ae0e-c58fd566f71f,YouTube,YouTube,youtube,False,YouTube,YouTube,Other / Unclear
e14d79aa-9719-4806-ae0e-c58fd566f71f,ZyXEL,ZyXEL,zyxel,False,zyxel,zyxel,Other / Unclear
e1690c77-42fa-41e9-91fd-f477aa29c580,Zespo,Zespo,zespo,False,zespo,zespo,Other / Unclear
e1b566df-ac78-488f-b8e5-69357955528b,Orchard Lake Schools,Orchard Lake Schools,orchard lake schools,False,orchard Lake schools,orchard Lake schools,Other / Unclear
e1c3507d-c39a-4b01-923e-4250d8b4f279,Związkiem Polaków na Biało,Związkiem Polaków na Biało,związkiem polaków na biało,False,związek Polak na biały,związek Polak na biały,Other / Unclear
e1c3507d-c39a-4b01-923e-4250d8b4f279,Związkiem Polaków na,Związkiem Polaków na,związkiem polaków na,False,związek Polak na,związek Polak na,Other / Unclear
e1d44aee-1ace-4f13-b85a-234c878239c6,Sch,Sch,sch,False,sch,sch,Other / Unclear
e1d44aee-1ace-4f13-b85a-234c878239c6,Algieria,Algieria,algieria,False,algieria,algieria,Other / Unclear
e1d44aee-1ace-4f13-b85a-234c878239c6,Cad,Cad,cad,False,cad,cad,Other / Unclear
e1e67d78-f35d-4212-8bbc-7e06b3e7520e,MARIA,MARIA,maria,False,Maria,Maria,Other / Unclear
e2130d1c-e46b-4184-b671-88a0d1206ad3,Wikipedii,Wikipedii,wikipedii,False,wikipedii,wikipedii,Other / Unclear
e2133f0c-d12a-42b0-ba7a-b167d7118adc,Lab. Bioprocesowym,Lab. Bioprocesowym,lab. bioprocesowym,False,lab . bioprocesowy,lab . bioprocesowy,Other / Unclear
e215e093-a381-42ca-89ad-8494ebce7561,Słabowidz,Słabowidz,słabowidz,False,słabowidz,słabowidz,Other / Unclear
e215e093-a381-42ca-89ad-8494ebce7561,Publicznym Gimnazjum nr 3,Publicznym Gimnazjum nr 3,publicznym gimnazjum nr 3,False,publiczenie gimnazjum numer 3,publiczenie gimnazjum numer 3,Other / Unclear
e215e093-a381-42ca-89ad-8494ebce7561,Integra,Integra,integra,False,integra,integra,Other / Unclear
e215e093-a381-42ca-89ad-8494ebce7561,YouTube,YouTube,youtube,False,YouTube,YouTube,Other / Unclear
e215e093-a381-42ca-89ad-8494ebce7561,PLATMAT,PLATMAT,platmat,False,platmat,platmat,Other / Unclear
e215e093-a381-42ca-89ad-8494ebce7561,OPTY,OPTY,opty,False,opty,opty,Other / Unclear
e219c4d7-d63e-473e-baa5-199dc40bb31d,ceneo.,ceneo.,ceneo.,False,ceneo .,ceneo .,Other / Unclear
e2566615-3418-4a55-93b3-5d26c88111ed,Prezes,Prezes,prezes,False,prezes,prezes,Other / Unclear
e290c6c6-10da-48c4-be5a-143a2131234c,Uniwersytecie Palackiego,Uniwersytecie Palackiego,uniwersytecie palackiego,False,uniwersytet palacki,uniwersytet palacki,Other / Unclear
e2ca1ad5-d784-4334-ac90-ba40d5e43a78,Nad,Nad,nad,False,nad,nad,Other / Unclear
e2ca1ad5-d784-4334-ac90-ba40d5e43a78,środka Techniki Leśnej,środka Techniki Leśnej,środka techniki leśnej,False,środek technika leśny,środek technika leśny,Other / Unclear
e2ca1ad5-d784-4334-ac90-ba40d5e43a78,Ośrodek Techniki Leśnej,Ośrodek Techniki Leśnej,ośrodek techniki leśnej,False,ośrodek technika leśny,ośrodek technika leśny,Other / Unclear
e2ca1ad5-d784-4334-ac90-ba40d5e43a78,Nadleśnictwo Dąbrowa,Nadleśnictwo Dąbrowa,nadleśnictwo dąbrowa,False,nadleśnictwo dąbrowa,nadleśnictwo dąbrowa,Other / Unclear
e2d9cd4a-d2f1-490b-95a7-d254ef05be5d,ML System S.A,ML System S.A,ml system s.a,False,mlita system S . a,mlita system S . a,Other / Unclear
e2f41e3c-f776-4e72-9dfa-1a9370ad191f,bookauthority.org,bookauthority.org,bookauthority.org,False,bookauthority.org,bookauthority.org,Other / Unclear
e3229459-91bf-47b7-a040-e1b19724545b,SCOPUS,SCOPUS,scopus,False,scopus,scopus,Other / Unclear
e37e4937-e57c-41f4-8148-abc091f79bbe,IORIN,IORIN,iorin,False,iorin,iorin,Other / Unclear
e37e4937-e57c-41f4-8148-abc091f79bbe,Oddział I,Oddział I,oddział i,False,oddział i,oddział i,Other / Unclear
e3d71ff8-846c-471f-b530-a4d0ca2eab52,Ophthalmic Pathol,Ophthalmic Pathol,ophthalmic pathol,False,ophthalmic pathol,ophthalmic pathol,Other / Unclear
e4459ab6-e365-447e-98b0-4f20a7d8853f,EASAC,EASAC,easac,False,easac,easac,Other / Unclear
e503dfdf-37a5-48eb-945c-28a5a182b9a8,Zwią,Zwią,zwią,False,zwią,zwią,Other / Unclear
e527ab05-c608-46a0-95a9-0b8d40342759,Konserwatorom Zabytków,Konserwatorom Zabytków,konserwatorom zabytków,False,konserwatorom zabytków,konserwatorom zabytków,Other / Unclear
e52a31fc-4386-4768-bad7-f15d4c917f53,Salon,Salon,salon,False,salon,salon,Other / Unclear
e5358c4a-b192-4c76-a233-bd5aa3c48955,resort,resort,resort,False,resort,resort,Other / Unclear
e5358c4a-b192-4c76-a233-bd5aa3c48955,Departament Kadr,Departament Kadr,departament kadr,False,departament kadr,departament kadr,Other / Unclear
e577812a-b213-423c-b023-33d06aa53a21,LAND,LAND,land,False,land,land,Other / Unclear
e5afe989-789d-45d6-9294-1a15e7e02bb1,Jedność,Jedność,jedność,False,jedność,jedność,Other / Unclear
e67a7a52-09a7-43ee-8c63-d815027af4e8,Pozytywne Emocje,Pozytywne Emocje,pozytywne emocje,False,pozytywne emocja,pozytywne emocja,Other / Unclear
e67a7a52-09a7-43ee-8c63-d815027af4e8,pozytywneemocje.pl,pozytywneemocje.pl,pozytywneemocje.pl,False,pozytywneemocje.pl,pozytywneemocje.pl,Other / Unclear
e68ce44a-67cb-4bfb-981c-ab669621718c,EU O,EU O,eu o,False,ey o,ey o,Other / Unclear
e68ce44a-67cb-4bfb-981c-ab669621718c,COLąd - DKL,COLąd - DKL,coląd - dkl,False,coląd - DKL,coląd - DKL,Other / Unclear
e6b40344-0103-4fdc-9d3a-2b4630e215df,„Sieć plus”,Sieć plus,sieć plus,False,sieć plus,sieć plus,Other / Unclear
e6b40344-0103-4fdc-9d3a-2b4630e215df,„Dadu”,Dadu,dadu,False,dad,dad,Other / Unclear
e6b40344-0103-4fdc-9d3a-2b4630e215df,ytetu Stanforda,ytetu Stanforda,ytetu stanforda,False,ytet stanforda,ytet stanforda,Other / Unclear
e6eda213-82f6-4ece-aac1-3118a1c6a4e0,Polityka,Polityka,polityka,False,polityka,polityka,Other / Unclear
e7755cfb-0767-4015-9b12-a0c0a66ba076,colfi,colfi,colfi,False,colfi,colfi,Other / Unclear
e7755cfb-0767-4015-9b12-a0c0a66ba076,sio,sio,sio,False,sio,sio,Other / Unclear
e7755cfb-0767-4015-9b12-a0c0a66ba076,org,org,org,False,osoha,osoha,Other / Unclear
e7755cfb-0767-4015-9b12-a0c0a66ba076,kif.info.pl,kif.info.pl,kif.info.pl,False,kif.info.pl,kif.info.pl,Other / Unclear
e7c98a46-4c8d-4876-a0d9-e7b3ca64d2ab,YT „Kanon 21,YT „Kanon 21,yt „kanon 21,False,że „ kanon 21,że „ kanon 21,Other / Unclear
e7dda497-fc13-4855-851f-aa562381fd21,bityl.pl,bityl.pl,bityl.pl,False,bityl.pl,bityl.pl,Other / Unclear
e7dda497-fc13-4855-851f-aa562381fd21,Trialo,Trialo,trialo,False,trialo,trialo,Other / Unclear
e7dda497-fc13-4855-851f-aa562381fd21,Białoruskiego,Białoruskiego,białoruskiego,False,białoruski,białoruski,Other / Unclear
e7dda497-fc13-4855-851f-aa562381fd21,bit,bit,bit,False,bit,bit,Other / Unclear
e7dda497-fc13-4855-851f-aa562381fd21,ełsat,ełsat,ełsat,False,ełsat,ełsat,Other / Unclear
e7dda497-fc13-4855-851f-aa562381fd21,Niwa,Niwa,niwa,False,niwa,niwa,Other / Unclear
e7dda497-fc13-4855-851f-aa562381fd21,oruskie Zeszyty,oruskie Zeszyty,oruskie zeszyty,False,orusko zeszyt,orusko zeszyt,Other / Unclear
e8050010-b0bc-4e0b-9649-d27078197d0c,OmniWatch,OmniWatch,omniwatch,False,omniWat,omniWat,Other / Unclear
e83b1765-6e88-4337-af8c-1f448c0a7100,BRTP,BRTP,brtp,False,brtpe,brtpe,Other / Unclear
e842023c-d08c-43f9-9076-4c97973f44ee,polskiego,polskiego,polskiego,False,polski,polski,Other / Unclear
e8ba2314-1e3d-41f4-94aa-25fb2a94f3fc,Miejski,Miejski,miejski,False,miejski,miejski,Other / Unclear
e8d71052-6273-47e9-8186-48babe26cadc,-PIB,PIB,pib,False,PIB,PIB,Other / Unclear
e8e29d38-a8fc-4799-9fd0-d22d85d95beb,Public,Public,public,False,Public,Public,Other / Unclear
e8e29d38-a8fc-4799-9fd0-d22d85d95beb,Mareno di Piave,Mareno di Piave,mareno di piave,False,mareno di piave,mareno di piave,Other / Unclear
e905c0ba-77c9-4263-a483-0f8a0bd30148,ście,ście,ście,False,być,być,Other / Unclear
e905c0ba-77c9-4263-a483-0f8a0bd30148,katolickim,katolickim,katolickim,False,katolicki,katolicki,Other / Unclear
e9411581-2c36-44a7-850d-39dbe14f21ad,EMT Systems Sp. z o. o.,EMT Systems Sp. z o. o.,emt systems sp. z o. o.,False,Emtym_połora_dabołół systems Sp . z o . o .,Emtym_połora_dabołół systems Sp . z o . o .,Other / Unclear
e9411581-2c36-44a7-850d-39dbe14f21ad,Pośredni,Pośredni,pośredni,False,pośredni,pośredni,Other / Unclear
e94a4051-fa86-49b3-9265-e11802f18a28,Uniwersytecie,Uniwersytecie,uniwersytecie,False,uniwersytet,uniwersytet,Other / Unclear
e9a96039-3d42-4a42-8702-9f9164d34869,SK-PIB,SK-PIB,sk-pib,False,SK-PIB,SK-PIB,Other / Unclear
e9a96039-3d42-4a42-8702-9f9164d34869,Ogólnopolską Sieć Edukacyjną,Ogólnopolską Sieć Edukacyjną,ogólnopolską sieć edukacyjną,False,ogólnopolską sieć edukacyjną,ogólnopolską sieć edukacyjną,Other / Unclear
e9a96039-3d42-4a42-8702-9f9164d34869,GOV.PL,GOV.PL,gov.pl,False,gas .PL,gas .PL,Other / Unclear
e9ac6ce9-fc02-4f0d-8a7e-24b300fce9f5,stytucie Muzykologii UAM,stytucie Muzykologii UAM,stytucie muzykologii uam,False,stytucie muzykologia gam,stytucie muzykologia gam,Other / Unclear
e9f65ab4-a90e-4cec-a044-a42937a29631,gios,gios,gios,False,gios,gios,Other / Unclear
ea29556d-64d4-4b0a-acf6-068b5cbd52ca,Alberta Beekeepers Commission,Alberta Beekeepers Commission,alberta beekeepers commission,False,alberta beekeepers commission,alberta beekeepers commission,Other / Unclear
ea3318ad-0146-4b63-8595-c49dab79d939,Auschwitz,Auschwitz,auschwitz,False,auschwitz,auschwitz,Other / Unclear
ea80dd73-4fb3-4e6d-bf9a-02f551199379,Ekonomii,Ekonomii,ekonomii,False,ekonomia,ekonomia,Other / Unclear
ea951da0-315b-49c0-b779-7e9fc6a6cbda,Forum,Forum,forum,False,forum,forum,Other / Unclear
eaa3e1a9-cb43-4b25-b00f-8baa78573971,ZBA IS-PIB,ZBA IS-PIB,zba is-pib,False,zak IS-PIB,zak IS-PIB,Other / Unclear
eaa3e1a9-cb43-4b25-b00f-8baa78573971,Reprezentacji Polski,Reprezentacji Polski,reprezentacji polski,False,reprezentacja Polska,reprezentacja Polska,Other / Unclear
eaa77237-9c7d-46bf-8efc-d1375a69f8e4,rzecz,rzecz,rzecz,False,rzecz,rzecz,Other / Unclear
eaa77237-9c7d-46bf-8efc-d1375a69f8e4,ipar.,ipar.,ipar.,False,ipar .,ipar .,Other / Unclear
eaa77237-9c7d-46bf-8efc-d1375a69f8e4,Magazynie Weterynaryjnym,Magazynie Weterynaryjnym,magazynie weterynaryjnym,False,Magazynie weterynaryjny,Magazynie weterynaryjny,Other / Unclear
eaa77237-9c7d-46bf-8efc-d1375a69f8e4,magwet,magwet,magwet,False,magwet,magwet,Other / Unclear
eab9a76d-d92f-4704-a317-510edb593f67,Partnerstwa Strategiczne na rzecz młodzieży,Partnerstwa Strategiczne na rzecz młodzieży,partnerstwa strategiczne na rzecz młodzieży,False,partnerstwo strategiczne na rzecz młodzież,partnerstwo strategiczne na rzecz młodzież,Other / Unclear
eab9a76d-d92f-4704-a317-510edb593f67,ARNO”,ARNO,arno,False,arno,arno,Other / Unclear
eab9a76d-d92f-4704-a317-510edb593f67,Desert Bloom for Training and Sustainable Development,Desert Bloom for Training and Sustainable Development,desert bloom for training and sustainable development,False,desert bloom forówna training and sustainable Development,desert bloom forówna training and sustainable Development,Other / Unclear
eae3e8c0-5e4a-48cf-a096-e69314655470,Kom,Kom,kom,False,kom,kom,Other / Unclear
eae3e8c0-5e4a-48cf-a096-e69314655470,atur,atur,atur,False,atur,atur,Other / Unclear
eb00b5ad-6637-49c1-b889-19f7084964cb,„Błękitnej Armii,Błękitnej Armii,błękitnej armii,False,błękitej armia,błękitej armia,Other / Unclear
eb52903a-c346-4e9a-b84a-8552c9d06382,czelni Łazarskiego,czelni Łazarskiego,czelni łazarskiego,False,czelni łazarski,czelni łazarski,Other / Unclear
eb7acfd2-7f24-4dcd-aeec-52cdfc54f1a9,Zakładów,Zakładów,zakładów,False,zakład,zakład,Other / Unclear
eb8218cc-be96-4a28-8a31-cab820f9db03,Jedno,Jedno,jedno,False,jedno,jedno,Other / Unclear
ebc819ea-f00b-474e-bc8e-30748b71abfe,Interwencyjnych Służby Więziennej,Interwencyjnych Służby Więziennej,interwencyjnych służby więziennej,False,interwencyjny służba więzienny,interwencyjny służba więzienny,Other / Unclear
ebdbfed4-280f-47ee-a699-6257986a888d,Astaldi,Astaldi,astaldi,False,astaldi,astaldi,Other / Unclear
ebdbfed4-280f-47ee-a699-6257986a888d,PORR,PORR,porr,False,Porry_za,Porry_za,Other / Unclear
ebdbfed4-280f-47ee-a699-6257986a888d,URANPRES spol.,URANPRES spol.,uranpres spol.,False,uranpres spole .,uranpres spole .,Other / Unclear
ec183953-c601-439d-8ce0-634e47a15a38,Pol,Pol,pol,False,pol,pol,Other / Unclear
ec28b36c-3b68-406f-a3dc-7d7f998f3653,CeB,CeB,ceb,False,CeB,CeB,Other / Unclear
ec28b36c-3b68-406f-a3dc-7d7f998f3653,Plakatu,Plakatu,plakatu,False,plakat,plakat,Other / Unclear
ec28b36c-3b68-406f-a3dc-7d7f998f3653,LA RAZON,LA RAZON,la razon,False,LA razon,LA razon,Other / Unclear
ec28b36c-3b68-406f-a3dc-7d7f998f3653,Graphis,Graphis,graphis,False,graphis,graphis,Other / Unclear
ec346385-74e3-4996-a120-c8445af67af2,Elektrociepłowni „Zielona Góra,Elektrociepłowni „Zielona Góra,elektrociepłowni „zielona góra,False,elektrociepłownia „ zielony góra,elektrociepłownia „ zielony góra,Other / Unclear
ed22bf62-4eef-4db8-8f24-4bf068cc5cd2,Web of Science,Web of Science,web of science,False,web of science,web of science,Other / Unclear
ed5eaf74-ea60-4106-b846-e2a428c94a5b,Experimental Centre for Furniture and Furnishings,Experimental Centre for Furniture and Furnishings,experimental centre for furniture and furnishings,False,experimental centre forówna furniture and furnishings,experimental centre forówna furniture and furnishings,Other / Unclear
ed5eaf74-ea60-4106-b846-e2a428c94a5b,OD&M,OD&M,od&m,False,OD & M,OD & M,Other / Unclear
edc59f2f-8851-4788-b735-f3c9bbb2fc0c,sty,sty,sty,False,sty,sty,Other / Unclear
ede1f22f-399f-4aff-b376-1408d691b04f,FIBRE,FIBRE,fibre,False,FIBRE,FIBRE,Other / Unclear
ede1f22f-399f-4aff-b376-1408d691b04f,UBB,UBB,ubb,False,gła,gła,Other / Unclear
ede1f22f-399f-4aff-b376-1408d691b04f,UCU,UCU,ucu,False,zec,zec,Other / Unclear
ee035d5e-ad49-4721-8453-b074d951381b,i Morskiej,i Morskiej,i morskiej,False,i morski,i morski,Other / Unclear
ee035d5e-ad49-4721-8453-b074d951381b,Kapitan Poinc,Kapitan Poinc,kapitan poinc,False,kapitan poinc,kapitan poinc,Other / Unclear
ee035d5e-ad49-4721-8453-b074d951381b,Czesław II,Czesław II,czesław ii,False,Czesław II,Czesław II,Other / Unclear
ee10c843-cb44-4112-b749-65464acf3fbc,Banku PeKaO S.A,Banku PeKaO S.A,banku pekao s.a,False,bank pekao S . a,bank pekao S . a,Other / Unclear
ee7a1d84-4493-40dd-bc34-b280fdd2713f,Rehabilita,Rehabilita,rehabilita,False,rehabilita,rehabilita,Other / Unclear
ef1ccb63-f5d9-4080-a380-7b41cab3299d,Zespo,Zespo,zespo,False,zespo,zespo,Other / Unclear
ef1ccb63-f5d9-4080-a380-7b41cab3299d,Komite,Komite,komite,False,komite,komite,Other / Unclear
ef389261-7a55-46ec-a4cf-a6f1983e85a7,Nawiga,Nawiga,nawiga,False,nawiga,nawiga,Other / Unclear
ef389261-7a55-46ec-a4cf-a6f1983e85a7,Enamor Sp. z.o.o.,Enamor Sp. z.o.o.,enamor sp. z.o.o.,False,enamor Sp . z.o.o .,enamor Sp . z.o.o. .,Other / Unclear
ef5a2768-4ff4-4fd8-aaa0-b5dbcfda6589,uwb,uwb,uwb,False,uwba,uwba,Other / Unclear
ef5a2768-4ff4-4fd8-aaa0-b5dbcfda6589,Młodego Odkrywcy,Młodego Odkrywcy,młodego odkrywcy,False,młody odkrywcy,młody odkrywcy,Other / Unclear
ef8b20d8-ccd4-42c6-879a-894fc5822957,Zespo,Zespo,zespo,False,zespo,zespo,Other / Unclear
efa719da-7c7e-45a4-845b-593958d64687,ATROM Sp. z o. o.,ATROM Sp. z o. o.,atrom sp. z o. o.,False,atrom Sp . z o . o .,atrom Sp . z o . o .,Other / Unclear
efdb091d-ca72-49cf-ab46-5aef199eda13,DW-1),DW-1,dw-1,False,do - 1,do - 1,Other / Unclear
efdb091d-ca72-49cf-ab46-5aef199eda13,DW-2,DW-2,dw-2,False,do - 2,do - 2,Other / Unclear
efdb091d-ca72-49cf-ab46-5aef199eda13,Sinthome,Sinthome,sinthome,False,sinthome,sinthome,Other / Unclear
efdb091d-ca72-49cf-ab46-5aef199eda13,PTPP,PTPP,ptpp,False,PTPP,PTPP,Other / Unclear
efdb091d-ca72-49cf-ab46-5aef199eda13,Wolna Sobota,Wolna Sobota,wolna sobota,False,wolny Sobota,wolny Sobota,Other / Unclear
f03902a6-d30b-4be3-abe6-a65279be9816,ki Morskiej,ki Morskiej,ki morskiej,False,ki morski,ki morski,Other / Unclear
f03902a6-d30b-4be3-abe6-a65279be9816,Żeglugi Śródlądowej,Żeglugi Śródlądowej,żeglugi śródlądowej,False,żeglugi śródlądowa,żeglugi śródlądowa,Other / Unclear
f04cfdcd-f377-4076-b3a2-e88bcfeea0b4,You tube,You tube,you tube,False,You tube,You tube,Other / Unclear
f04cfdcd-f377-4076-b3a2-e88bcfeea0b4,Polityka,Polityka,polityka,False,polityka,polityka,Other / Unclear
f0a3d364-4281-4510-a650-fed3a07425a6,Las,Las,las,False,las,las,Other / Unclear
f0f5765a-5c8f-4872-abae-ae24312e56cc,Spraw Zagranicznych,Spraw Zagranicznych,spraw zagranicznych,False,sprawa zagraniczny,sprawa zagraniczny,Other / Unclear
f0f5765a-5c8f-4872-abae-ae24312e56cc,czeństwa,czeństwa,czeństwa,False,czeństwo,czeństwo,Other / Unclear
f0ffeefd-b37b-4011-ac18-ef28cf554f25,Sie,Sie,sie,False,sie,sie,Other / Unclear
f0ffeefd-b37b-4011-ac18-ef28cf554f25,Sieci UNITWIN,Sieci UNITWIN,sieci unitwin,False,sieć unftwine,sieć unftwine,Other / Unclear
f10b9f02-a416-4305-9ef4-62d46d007757,SP 28,SP 28,sp 28,False,SP 28,SP 28,Other / Unclear
f12457d7-10df-475a-9e78-5689c7e4453f,Okno na Wschód,Okno na Wschód,okno na wschód,False,okno na wschód,okno na wschód,Other / Unclear
f12457d7-10df-475a-9e78-5689c7e4453f,Centrum Aktywności Społecznej,Centrum Aktywności Społecznej,centrum aktywności społecznej,False,centrum aktywność społeczny,centrum aktywność społeczny,Other / Unclear
f1316376-fd47-4702-968a-a4af0659ddd3,Zapałczarnia,Zapałczarnia,zapałczarnia,False,zapałczarnia,zapałczarnia,Other / Unclear
f1512371-6124-4957-ad0c-97304e8ea31e,Zespołu ds. COVID-19,Zespołu ds. COVID-19,zespołu ds. covid-19,False,zespół do_spraw . covid- 19,zespół ds. covid- 19,Other / Unclear
f20d5b67-e18e-4b0f-b8f2-4281e82892a5,SanP,SanP,sanp,False,SanP,SanP,Other / Unclear
f213e523-4b18-412f-a34c-aa986ba7e244,Konwencji Berneńskiej,Konwencji Berneńskiej,konwencji berneńskiej,False,konwencja berneńska,konwencja berneńska,Other / Unclear
f213e523-4b18-412f-a34c-aa986ba7e244,Forum,Forum,forum,False,forum,forum,Other / Unclear
f213e523-4b18-412f-a34c-aa986ba7e244,W. Solarz,W. Solarz,w. solarz,False,w . Solarz,w . Solarz,Other / Unclear
f2244ccf-a79a-46f9-bf32-0bb10f2340a7,Science,Science,science,False,science,science,Other / Unclear
f2447b65-7418-4c6d-bdcd-5455987f6092,„Herbapol,Herbapol,herbapol,False,herbapol,herbapol,Other / Unclear
f25c5a94-a41c-477d-9d02-2ae9aa1c1959,Departament Polityki Przestrzennej,Departament Polityki Przestrzennej,departament polityki przestrzennej,False,departament polityka Przestrzenna,departament polityka Przestrzenna,Other / Unclear
f27bcaa1-95a1-4995-8eed-7cae13d2c82d,Sp. J.,Sp. J.,sp. j.,False,Sp . J .,Sp . J .,Other / Unclear
f28a1316-d165-47c2-b3aa-9440b157b97d,Departamentu Leśnego,Departamentu Leśnego,departamentu leśnego,False,departament leśny,departament leśny,Other / Unclear
f28a1316-d165-47c2-b3aa-9440b157b97d,Organ,Organ,organ,False,organ,organ,Other / Unclear
f28a1316-d165-47c2-b3aa-9440b157b97d,izacja Narodów Zjednoczonych do spraw Wyżywienia i Rolnictwa,izacja Narodów Zjednoczonych do spraw Wyżywienia i Rolnictwa,izacja narodów zjednoczonych do spraw wyżywienia i rolnictwa,False,izacja naród Zjednoczony do sprawa wyżywienie i rolnictwo,izacja naród Zjednoczony do sprawa wyżywienie i rolnictwo,Other / Unclear
f2b5cee3-b796-447a-9b56-dd1f89c4d61f,ped,ped,ped,False,ped,ped,Other / Unclear
f2b5cee3-b796-447a-9b56-dd1f89c4d61f,tion Safety,tion Safety,tion safety,False,tion safety,tion safety,Other / Unclear
f2c73334-bb71-41f5-845e-383493c99883,nin,nin,nin,False,nina,nina,Other / Unclear
f2c73334-bb71-41f5-845e-383493c99883,kina,kina,kina,False,kino,kino,Other / Unclear
f43b235b-6053-465c-8e83-14f76804fb98,Scientific American,Scientific American,scientific american,False,scientific american,scientific american,Other / Unclear
f43b235b-6053-465c-8e83-14f76804fb98,YouTube,YouTube,youtube,False,YouTube,YouTube,Other / Unclear
f43b235b-6053-465c-8e83-14f76804fb98,Tygod,Tygod,tygod,False,tygod,tygod,Other / Unclear
f46cd185-fd00-44e3-bfe5-de894fbd2d2b,GOSPOSTRATEG,GOSPOSTRATEG,gospostrateg,False,gospóstrat,gospóstrat,Other / Unclear
f4de9641-64ed-4421-80b5-772a20c62362,Źródłoznawstwa im. M. Hruszewskiego,Źródłoznawstwa im. M. Hruszewskiego,źródłoznawstwa im. m. hruszewskiego,False,śródłoznawstwo on . M . hruszewski,śródłoznawstwo on . M . hruszewski,Other / Unclear
f5052f3d-4854-413b-a850-9a321c949fde,Centrum Nowotworów Dziedzicznych,Centrum Nowotworów Dziedzicznych,centrum nowotworów dziedzicznych,False,centrum nowotwór dziedziczny,centrum nowotwór dziedziczny,Other / Unclear
f596be7e-f43a-492c-bfc2-c47d99f9ee36,NIW,NIW,niw,False,niw,niw,Other / Unclear
f596be7e-f43a-492c-bfc2-c47d99f9ee36,Kaszubski Uniwersy,Kaszubski Uniwersy,kaszubski uniwersy,False,kaszubski uniwersy,kaszubski uniwersy,Other / Unclear
f5f637dd-e991-470b-a5ce-be869686185d,Rodzić po Ludzku,Rodzić po Ludzku,rodzić po ludzku,False,rodzić po ludzko,rodzić po ludzko,Other / Unclear
f602bd5e-b5e6-411f-9dd6-f561d28e2187,Uniwersytecie,Uniwersytecie,uniwersytecie,False,uniwersytet,uniwersytet,Other / Unclear
f674f94d-44ac-4657-a3c1-2c339da0c6aa,Kapitułą Nagrody,Kapitułą Nagrody,kapitułą nagrody,False,kapitułą nagroda,kapitułą nagroda,Other / Unclear
f67774d0-9a89-4b6e-b51c-9ea586aedab6,y Drobiarstwa i Pszczelnictwa,y Drobiarstwa i Pszczelnictwa,y drobiarstwa i pszczelnictwa,False,” drobiarstwo i pszczelnictwo,” drobiarstwo i pszczelnictwo,Other / Unclear
f6994e93-aa26-4a92-8c82-46458161ece5,Wyborczą,Wyborczą,wyborczą,False,wyborczą,wyborczą,Other / Unclear
f6994e93-aa26-4a92-8c82-46458161ece5,Nieder Schleschsischer Kurier,Nieder Schleschsischer Kurier,nieder schleschsischer kurier,False,nieder schleschsischer kurier,nieder schleschsischer kurier,Other / Unclear
f6994e93-aa26-4a92-8c82-46458161ece5,Bauwelt,Bauwelt,bauwelt,False,bauwelt,bauwelt,Other / Unclear
f6994e93-aa26-4a92-8c82-46458161ece5,tiftung für Deutsch-Polnische Zusammenarbeit,tiftung für Deutsch-Polnische Zusammenarbeit,tiftung für deutsch-polnische zusammenarbeit,False,tiftung fod_wnaw deutsch - polnische zusammenarbeit,tiftung fod_wnaw deutsch - polnische zusammenarbeit,Other / Unclear
f6994e93-aa26-4a92-8c82-46458161ece5,Blickwechsel,Blickwechsel,blickwechsel,False,blickwechsel,blickwechsel,Other / Unclear
f6fa28fd-4bcb-4111-9af5-d093b165e995,16 RIO,16 RIO,16 rio,False,16 rowyznam,16 rowyznam,Other / Unclear
f73600ed-31fc-46cc-a09b-04e2c34e45cd,ŚP Bioatlantis Ltd.,ŚP Bioatlantis Ltd.,śp bioatlantis ltd.,False,ŚP bioatlantis Li_typtap .,ŚP bioatlantis Li_typtap .,Other / Unclear
f73600ed-31fc-46cc-a09b-04e2c34e45cd,P Drobex-Agro,P Drobex-Agro,p drobex-agro,False,P drobex - agro,P drobex - agro,Other / Unclear
f73600ed-31fc-46cc-a09b-04e2c34e45cd,Drobex-Agro- Vetdiagnostica Sp. z o.,Drobex-Agro- Vetdiagnostica Sp. z o.,drobex-agro- vetdiagnostica sp. z o.,False,drobex - agro- vetdiagnostica Sp . z o .,drobex - agro- vetdiagnostica Sp . z o .,Other / Unclear
f7bab6be-6222-407d-8780-415552aabf4a,WTC),WTC,wtc,False,wttykosKzajska,wttykosKzajska,Other / Unclear
f7bfc071-174e-4035-836b-cf1322fcdd33,GizerS,GizerS,gizers,False,gizers,gizers,Other / Unclear
f7bfc071-174e-4035-836b-cf1322fcdd33,iOŚ,iOŚ,ioś,False,ioś,ioś,Other / Unclear
f7bfc071-174e-4035-836b-cf1322fcdd33,agh,agh,agh,False,agh,agh,Other / Unclear
f7bfc071-174e-4035-836b-cf1322fcdd33,dębice,dębice,dębice,False,dębice,dębice,Other / Unclear
f87c773b-db51-4e78-9b2e-c72a98142cb0,Ekonomii Społecznej,Ekonomii Społecznej,ekonomii społecznej,False,ekonomia społeczny,ekonomia społeczny,Other / Unclear
f87d09b9-8834-4d60-9534-f0133de8b78c,Centrum Żydowskiego,Centrum Żydowskiego,centrum żydowskiego,False,centrum żydowski,centrum żydowski,Other / Unclear
f8bc421b-7c8f-4fc7-a9d7-7ee8270bf706,onart,onart,onart,False,onart,onart,Other / Unclear
f8f28f61-e40d-4115-8308-f5bee2902f02,Portal gospodarczy wnp.pl,Portal gospodarczy wnp.pl,portal gospodarczy wnp.pl,False,portal gospodarczy wnpgple,portal gospodarczy wnpgple,Other / Unclear
f8f28f61-e40d-4115-8308-f5bee2902f02,onet.pl,onet.pl,onet.pl,False,onet.pl,onet.pl,Other / Unclear
f8f28f61-e40d-4115-8308-f5bee2902f02,forsal.pl,forsal.pl,forsal.pl,False,forsal.pl,forsal.pl,Other / Unclear
f8f28f61-e40d-4115-8308-f5bee2902f02,silesia24.pl,silesia24.pl,silesia24.pl,False,silesia24.pl,silesia24.pl,Other / Unclear
f8f43bec-fb8c-45be-9844-fd0ff984e861,Web of Science,Web of Science,web of science,False,web of science,web of science,Other / Unclear
f900c8c1-3c83-4407-990c-695b92612483,D 3),D 3,d 3,False,D 3,D 3,Other / Unclear
f9ec9759-6af4-41c1-af26-7ccafb0d8ae0,stytucie Muzyki,stytucie Muzyki,stytucie muzyki,False,stytucie muzyka,stytucie muzyka,Other / Unclear
f9ec9759-6af4-41c1-af26-7ccafb0d8ae0,Przyjaciele,Przyjaciele,przyjaciele,False,przyjaciele,przyjaciele,Other / Unclear
fa01c57a-4fe1-40c7-be91-7ead200af374,e Baltica,e Baltica,e baltica,False,e Baltica,e Baltica,Other / Unclear
fa3842c6-56b8-457a-a327-9877143ebc6a,Sensenbrenner,Sensenbrenner,sensenbrenner,False,sensenbrenner,sensenbrenner,Other / Unclear
fa5724e2-4cb6-4650-9eec-790c7446046d,WDIB UW,WDIB UW,wdib uw,False,Wdebyg UW,Wdebyg UW,Other / Unclear
fa5724e2-4cb6-4650-9eec-790c7446046d,WDIB,WDIB,wdib,False,Wdebyg,Wdebyg,Other / Unclear
fa6818b5-2280-41f4-a395-034cdb7ee59f,REGENT V,REGENT V,regent v,False,regent V,regent V,Other / Unclear
fa8e982f-fa98-4a32-9b56-47eaffb3a751,Gar,Gar,gar,False,gar,gar,Other / Unclear
fa8e982f-fa98-4a32-9b56-47eaffb3a751,ching,ching,ching,False,ching,ching,Other / Unclear
fa8e982f-fa98-4a32-9b56-47eaffb3a751,YouTube,YouTube,youtube,False,YouTube,YouTube,Other / Unclear
fb375a81-379a-42a1-bbaf-509e3dba78fc,u Informatyki UP,u Informatyki UP,u informatyki up,False,u informatyka UP,u informatyka UP,Other / Unclear
fb375a81-379a-42a1-bbaf-509e3dba78fc,CYFRONET,CYFRONET,cyfronet,False,cyfronet,cyfronet,Other / Unclear
fbbf5678-c4da-44ac-a9a1-d0de6f00675d,Nature,Nature,nature,False,nature,nature,Other / Unclear
fbdd8089-2a2b-40f9-8c29-0e682270f6f6,Football Masters,Football Masters,football masters,False,football masters,football masters,Other / Unclear
fc08fc35-c1ae-4e7b-b478-0947e926b4c5,Komitet Inżynierii Środowiska,Komitet Inżynierii Środowiska,komitet inżynierii środowiska,False,komitet inżynierii środowisko,komitet inżynierii środowisko,Other / Unclear
fc51d278-70a3-4724-887e-f78aa6250407,Aresztem Śledczym w,Aresztem Śledczym w,aresztem śledczym w,False,aresztem śledczy w,aresztem śledczy w,Other / Unclear
fc51d278-70a3-4724-887e-f78aa6250407,„Nie,Nie,nie,False,nie,nie,Other / Unclear
fc92e675-22b6-421c-bbea-20c9572d7cd0,Infrastruktury i Rozwoju,Infrastruktury i Rozwoju,infrastruktury i rozwoju,False,infrastruktury i rozwój,infrastruktury i rozwój,Other / Unclear
fc9755d4-529b-440f-9159-8b72e857e059,Nat Rev Drug,Nat Rev Drug,nat rev drug,False,nat rev drug,nat rev drug,Other / Unclear
fc9755d4-529b-440f-9159-8b72e857e059,JAMA,JAMA,jama,False,jama,jama,Other / Unclear
fcb76816-6ae4-4d9e-921f-3eb8102873a2,Stra,Stra,stra,False,stra,stra,Other / Unclear
fcb76816-6ae4-4d9e-921f-3eb8102873a2,Sportowy Poznań,Sportowy Poznań,sportowy poznań,False,sportowy Poznań,sportowy Poznań,Other / Unclear
fddd9e87-93b8-4bec-b9ca-64771c377cd2,JPR,JPR,jpr,False,jSf,jSf,Other / Unclear
fddd9e87-93b8-4bec-b9ca-64771c377cd2,IJODS,IJODS,ijods,False,IJODS,IJODS,Other / Unclear
fddd9e87-93b8-4bec-b9ca-64771c377cd2,IJSME,IJSME,ijsme,False,ijsme,ijsme,Other / Unclear
fddd9e87-93b8-4bec-b9ca-64771c377cd2,matical Transgressions,matical Transgressions,matical transgressions,False,matical transgressions,matical transgressions,Other / Unclear
fe27a111-7636-4f82-b0f1-32a7d714c085,undacja Salony,undacja Salony,undacja salony,False,undacja salony,undacja salony,Other / Unclear
ff086efd-fce7-42fe-8e82-89a5b24a6eef,CM UMK,CM UMK,cm umk,False,CM dmk,CM dmk,Other / Unclear
ff57f7b4-6a4d-4a42-8229-63732e2f83ec,Lin,Lin,lin,False,lin,lin,Other / Unclear
ff57f7b4-6a4d-4a42-8229-63732e2f83ec,SAMtools utili,SAMtools utili,samtools utili,False,SAMtools utili,SAMtools utili,Other / Unclear
ff57f7b4-6a4d-4a42-8229-63732e2f83ec,Dropbox,Dropbox,dropbox,False,dropbox,dropbox,Other / Unclear
ff725e09-d0d2-4eda-952a-dbf095274a72,TRB”R”.,TRB”R”.,trb”r”.,False,tro ” R ” .,tro ” R ” .,Other / Unclear
ffabf1ae-d31f-43db-93ea-df8e7f5c9456,Tripadvisor,Tripadvisor,tripadvisor,False,tripadvisor,tripadvisor,Other / Unclear
ffafd7f0-5d95-4e80-9ce8-cd164d68c3e2,IUCN,IUCN,iucn,False,iucny,iucny,Other / Unclear
ffafd7f0-5d95-4e80-9ce8-cd164d68c3e2,Lasów,Lasów,lasów,False,las,las,Other / Unclear
ffe0c3a8-94f9-4bd0-b71b-ed143e2ec7f1,Science,Science,science,False,science,science,Other / Unclear
ffe0c3a8-94f9-4bd0-b71b-ed143e2ec7f1,„ScienceDaily,ScienceDaily,sciencedaily,False,scienceDaily,scienceDaily,Other / Unclear
ffe0c3a8-94f9-4bd0-b71b-ed143e2ec7f1,Discover Magazine,Discover Magazine,discover magazine,False,discover magazine,discover magazine,Other / Unclear
ffe0c3a8-94f9-4bd0-b71b-ed143e2ec7f1,Climatechange.ie,Climatechange.ie,climatechange.ie,False,climatechange.ie,climatechange.ie,Other / Unclear
fffc2b97-1238-4ab5-acaa-1baa2417f64b,iung,iung,iung,False,iung,iung,Other / Unclear
