ICS_ID,ORG_Entity,Cleaned_Entity,entity_lower,Is_Academic,Lemma_Entity,Lemma_Cleaned,Matched_Category
002768f1-8b96-4e0f-bcc8-192eb0594e60,„Grupa EkoLogiczna”,Grupa EkoLogiczna,grupa ekologiczna,False,grupa ekologiczna,grupa ekologiczna,Company / Business
00a8ec3d-d9ed-4754-8ec0-0e1835125d89,Ministerstwa Gospodarki Morskiej i Żeglugi Śródlądowej,Ministerstwa Gospodarki Morskiej i Żeglugi Śródlądowej,ministerstwa gospodarki morskiej i żeglugi śródlądowej,False,ministerstwo gospodarka morski i żeglugi śródlądowa,ministerstwo gospodarka morski i żeglugi śródlądowa,Government / Public Administration
00a8ec3d-d9ed-4754-8ec0-0e1835125d89,Ministrów,Ministrów,ministrów,False,minister,minister,Government / Public Administration
00a8ec3d-d9ed-4754-8ec0-0e1835125d89,Ministerstwem właściw,Ministerstwem właściw,ministerstwem właściw,False,ministerstwo właściw,ministerstwo właściw,Government / Public Administration
00be555b-d946-4277-9aa3-974fbdf4a04b,"Izba Gospodarcza ""FARMACJA POLSKA","Izba Gospodarcza ""FARMACJA POLSKA","izba gospodarcza ""farmacja polska",False,"izba gospodarcza "" farmacja Polska","izba gospodarcza "" farmacja Polska",Government / Public Administration
00be555b-d946-4277-9aa3-974fbdf4a04b,Związek Pracodawców Innowacyjnych Firm Farmaceutycznych,Związek Pracodawców Innowacyjnych Firm Farmaceutycznych,związek pracodawców innowacyjnych firm farmaceutycznych,False,związek pracodawca innowacyjny firm farmaceutycznych,związek pracodawca innowacyjny firm farmaceutycznych,NGO / Association / Foundation
0115f663-3b9a-4ff0-a84c-b0ceffb894d7,Fundacji Kresy-Syberia,Fundacji Kresy-Syberia,fundacji kresy-syberia,False,fundacja kresy - syberia,fundacja kresy - syberia,NGO / Association / Foundation
014e7d4e-524b-4ed6-9bbf-37a69ac17746,Muzeum II,Muzeum II,muzeum ii,False,muzeum II,muzeum II,Cultural Institution / Arts
0188586e-eb3c-4959-aade-cf1a5602786f,Remondis sp. z o.o,Remondis sp. z o.o,remondis sp. z o.o,False,remondis sa . z ograniczona_odpowiedzialność,remondis s.a. z o.o.,Company / Business
0188586e-eb3c-4959-aade-cf1a5602786f,kk-group,kk-group,kk-group,False,ka_tan - group,ka_tan - group,Company / Business
0188586e-eb3c-4959-aade-cf1a5602786f,Organizacji Pozarządowych,Organizacji Pozarządowych,organizacji pozarządowych,False,organizacja pozarządowy,organizacja pozarządowy,Government / Public Administration
01fb40a7-674a-44a7-8e0d-06324491ff6c,Zespół ds. Promocji Zdrowia w Szkole,Zespół ds. Promocji Zdrowia w Szkole,zespół ds. promocji zdrowia w szkole,False,zespół do_spraw . promocja zdrowie w szkoła,zespół ds. promocja zdrowie w szkoła,Health / Hospitals / Medical
02c005d3-2291-4cea-bfd5-f5cf9e555d98,polskieradio,polskieradio,polskieradio,False,polskieradio,polskieradio,Media / Publishing
031c7df7-f84a-4322-bccf-eb23191e5d13,Scientific-Practical Museum-Laboratory,Scientific-Practical Museum-Laboratory,scientific-practical museum-laboratory,False,scientific - practical museum - laboratory,scientific - practical museum - laboratory,Cultural Institution / Arts
0333ac8f-0dec-4502-b723-bb2ebd27e77f,European Association for the Study of the Liver,European Association for the Study of the Liver,european association for the study of the liver,False,european Association forówna the study of the liver,european Association forówna the study of the liver,NGO / Association / Foundation
033c8a5e-2fc4-43c2-9035-1804f21e9cc1,ł Zbrojnych RP,ł Zbrojnych RP,ł zbrojnych rp,False,jarzopta zbrojny RP,jarzopta zbrojny RP,Government / Public Administration
033c8a5e-2fc4-43c2-9035-1804f21e9cc1,resortu obrony narodowej,resortu obrony narodowej,resortu obrony narodowej,False,resort obrona narodowy,resort obrona narodowy,Government / Public Administration
037866ed-21b4-458f-b658-01cd38331324,Oddział Polskiego Towarzystwa Historycznego,Oddział Polskiego Towarzystwa Historycznego,oddział polskiego towarzystwa historycznego,False,oddział polski towarzystwo historyczny,oddział polski towarzystwo historyczny,NGO / Association / Foundation
037866ed-21b4-458f-b658-01cd38331324,Wydawnictwa,Wydawnictwa,wydawnictwa,False,wydawnictwo,wydawnictwo,Media / Publishing
03821e3d-73e7-41d3-a2b0-7cf96b6a1236,European Environment Agency,European Environment Agency,european environment agency,False,european environment agency,european environment agency,International Organization / EU
03821e3d-73e7-41d3-a2b0-7cf96b6a1236,United Nations,United Nations,united nations,False,United nations,United nations,International Organization / EU
03c05ae8-25f0-4b27-ae9e-8f7e203246a8,uni,uni,uni,False,unia,unia,International Organization / EU
041ae256-acbc-40f6-a067-cecfa8dd68f4,Technologi,Technologi,technologi,False,technologi,technologi,Company / Business
05348605-ac86-4f33-b7c2-c2a1c32217de,Europejskiej,Europejskiej,europejskiej,False,europejski,europejski,International Organization / EU
05412fa3-afb4-4791-b227-cb8dcc762465,łódzkiej Szkoły Filmowej,łódzkiej Szkoły Filmowej,łódzkiej szkoły filmowej,False,łódzki szkoła filmowa,łódzki szkoła filmowa,Cultural Institution / Arts
05889807-e21b-4efe-8ec1-ba1ee3c79fe6,Międzynarodowej grupy badawcze,Międzynarodowej grupy badawcze,międzynarodowej grupy badawcze,False,międzynarodowy grupa badawczy,międzynarodowy grupa badawczy,Government / Public Administration
05cfce2d-3eb8-4f5b-a50d-1403186f06b0,Radzie Progr.,Radzie Progr.,radzie progr.,False,rada progr .,rada progr .,Government / Public Administration
05cfce2d-3eb8-4f5b-a50d-1403186f06b0,Kraj. Izba Producentów Audiowiz.,Kraj. Izba Producentów Audiowiz.,kraj. izba producentów audiowiz.,False,kraj . izba producent audiowiz .,kraj . izba producent audiowiz .,Government / Public Administration
05cfce2d-3eb8-4f5b-a50d-1403186f06b0,Min. Edukacji,Min. Edukacji,min. edukacji,False,min . edukacja,min . edukacja,Education (non-university)
05de10ff-f49a-4ae9-a488-855f9273d25c,Rinnovamento nello Spirito Santo,Rinnovamento nello Spirito Santo,rinnovamento nello spirito santo,False,rinnovamento nello spirito santo,rinnovamento nello spirito santo,NGO / Association / Foundation
05fb8709-b7e6-4284-b643-b13a2bfe05ee,Lokalna Grupa Działania „Gościnna Wielkopolska,Lokalna Grupa Działania „Gościnna Wielkopolska,lokalna grupa działania „gościnna wielkopolska,False,lokalna grupa działanie „ gościnna wielkopolski,lokalna grupa działanie „ gościnna wielkopolski,Company / Business
060e8bd4-6836-4d44-9c0d-cd0a5f74b8d7,Głównemu Inspektoratowi Ochrony Środowiska,Głównemu Inspektoratowi Ochrony Środowiska,głównemu inspektoratowi ochrony środowiska,False,głównem inspektorat ochrona środowisko,głównem inspektorat ochrona środowisko,Government / Public Administration
06e27eda-694f-4b93-9365-a6edcc7eac1d,tyka w Szkole,tyka w Szkole,tyka w szkole,False,tykać w szkoła,tykać w szkoła,Education (non-university)
06e4cdef-1817-478a-b300-50c4c3e00b45,Szpitalem Specjalistycznym,Szpitalem Specjalistycznym,szpitalem specjalistycznym,False,szpital specjalistyczny,szpital specjalistyczny,Health / Hospitals / Medical
06ecbbeb-a9a6-405f-94b3-a6fb0c9f7bc6,sp. z o.o.,sp. z o.o.,sp. z o.o.,False,sa . z ograniczona_odpowiedzialność .,s.a. z o.o.,Company / Business
06ecbbeb-a9a6-405f-94b3-a6fb0c9f7bc6,m Ośrodkiem Pomocy Społecznej,m Ośrodkiem Pomocy Społecznej,m ośrodkiem pomocy społecznej,False,być ośrodek pomoc społeczny,być ośrodek pomoc społeczny,NGO / Association / Foundation
06ecbbeb-a9a6-405f-94b3-a6fb0c9f7bc6,Minister,Minister,minister,False,minister,minister,Government / Public Administration
06ecbbeb-a9a6-405f-94b3-a6fb0c9f7bc6,wu Edukacji i Kultury,wu Edukacji i Kultury,wu edukacji i kultury,False,wu edukacja i kultura,wu edukacja i kultura,Cultural Institution / Arts
06ecbbeb-a9a6-405f-94b3-a6fb0c9f7bc6,Education & Information Technology Centre,Education & Information Technology Centre,education & information technology centre,False,education & information Technology centre,education & information Technology centre,Company / Business
06ecbbeb-a9a6-405f-94b3-a6fb0c9f7bc6,Starostwo Powiatowe w Przysus,Starostwo Powiatowe w Przysus,starostwo powiatowe w przysus,False,starostwo powiatowe w przysus,starostwo powiatowe w przysus,Government / Public Administration
07057f07-89f3-442c-9c1a-c0b8758b516e,dziale Zarządzania i Modelowania Komputerowego,dziale Zarządzania i Modelowania Komputerowego,dziale zarządzania i modelowania komputerowego,False,dział zarządzanie i modelowanie komputerowego,dział zarządzanie i modelowanie komputerowego,Government / Public Administration
07574562-5d88-4aa3-8db3-705f01b8d3fb,Teatrze The Globe,Teatrze The Globe,teatrze the globe,False,teatr The globe,teatr The globe,Cultural Institution / Arts
08276264-cec6-411f-858e-e362c3b7a901,Pary Prezydenckiej RP,Pary Prezydenckiej RP,pary prezydenckiej rp,False,pary prezydencka RP,pary prezydencka RP,Government / Public Administration
08276264-cec6-411f-858e-e362c3b7a901,Muzeum Narodowego w,Muzeum Narodowego w,muzeum narodowego w,False,muzeum narodowy w,muzeum narodowy w,Government / Public Administration
084e1ea3-81f9-4bf1-a35c-b995856a6292,OptiNav sp. z o.o,OptiNav sp. z o.o,optinav sp. z o.o,False,optinav sa . z ograniczona_odpowiedzialność,optinav s.a. z o.o.,Company / Business
08a3e25a-22a0-479e-9705-97baed9dbf3f,stwowa Inspekcja Sanitarna,stwowa Inspekcja Sanitarna,stwowa inspekcja sanitarna,False,stwowa inspekcja sanitarna,stwowa inspekcja sanitarna,Government / Public Administration
08f0dcc0-8c8b-4969-b498-6b10709a5f72,ur Informacji Turystycznych,ur Informacji Turystycznych,ur informacji turystycznych,False,uż informacja turystyczny,uż informacja turystyczny,Government / Public Administration
08f0dcc0-8c8b-4969-b498-6b10709a5f72,Informacji Turystycznej,Informacji Turystycznej,informacji turystycznej,False,informacja turystyczna,informacja turystyczna,Government / Public Administration
08f0dcc0-8c8b-4969-b498-6b10709a5f72,ur Informacji Turystycznej,ur Informacji Turystycznej,ur informacji turystycznej,False,uż informacja turystyczna,uż informacja turystyczna,Government / Public Administration
08f0dcc0-8c8b-4969-b498-6b10709a5f72,Vienne-Condrieu Tourisme,Vienne-Condrieu Tourisme,vienne-condrieu tourisme,False,vienne - condrieu tourisme,vienne - condrieu tourisme,Government / Public Administration
08f0dcc0-8c8b-4969-b498-6b10709a5f72,dèche-Hermitage Tourisme,dèche-Hermitage Tourisme,dèche-hermitage tourisme,False,dèche - hermitage tourisme,dèche - hermitage tourisme,Government / Public Administration
08f0dcc0-8c8b-4969-b498-6b10709a5f72,Rhône Crussol Tourisme,Rhône Crussol Tourisme,rhône crussol tourisme,False,rhône crussol tourisme,rhône crussol tourisme,Government / Public Administration
091baf86-8da2-491c-9c8b-53e13bbb79e8,wydawnictwa,wydawnictwa,wydawnictwa,False,wydawnictwo,wydawnictwo,Media / Publishing
09de88a8-93ed-42dc-9050-37eb12bae060,Europejskiego Centrum Muz,Europejskiego Centrum Muz,europejskiego centrum muz,False,europejski centrum muz,europejski centrum muz,International Organization / EU
0a4a6cec-05d2-4de0-8168-fa0a4b423528,Rzecz o innowacjach,Rzecz o innowacjach,rzecz o innowacjach,False,rzecz o innowacja,rzecz o innowacja,NGO / Association / Foundation
0a88ad9c-4b17-4772-871a-bb16c557f127,"cka Agencja ds. MŚP, Innowacji i Inwestycji","cka Agencja ds. MŚP, Innowacji i Inwestycji","cka agencja ds. mśp, innowacji i inwestycji",False,"cko agencja do_spraw . MŚP , innowacji i inwestycji","cko agencja ds. MŚP , innowacji i inwestycji",Government / Public Administration
0a88ad9c-4b17-4772-871a-bb16c557f127,Zarząd,Zarząd,zarząd,False,zarząd,zarząd,Government / Public Administration
0acaeeae-4f1c-411b-ac33-8f752b6bfd86,Starostwa Powiatowego,Starostwa Powiatowego,starostwa powiatowego,False,starostwo powiatowy,starostwo powiatowy,Government / Public Administration
0acaeeae-4f1c-411b-ac33-8f752b6bfd86,Resort obrony narodowej,Resort obrony narodowej,resort obrony narodowej,False,resort obrona narodowy,resort obrona narodowy,Government / Public Administration
0acaeeae-4f1c-411b-ac33-8f752b6bfd86,I Liceum Ogólnokształcącego,I Liceum Ogólnokształcącego,i liceum ogólnokształcącego,False,i liceum ogólnokształcący,i liceum ogólnokształcący,Education (non-university)
0acec45c-0350-4176-a88d-5990900d8d3e,Powiat Olsztyński,Powiat Olsztyński,powiat olsztyński,False,powiat olsztyński,powiat olsztyński,Government / Public Administration
0ad33767-74d3-41b7-b444-b70aace98925,Rondo Sztuki,Rondo Sztuki,rondo sztuki,False,rondo sztuka,rondo sztuka,Cultural Institution / Arts
0ad33767-74d3-41b7-b444-b70aace98925,Ronda Sztuki,Ronda Sztuki,ronda sztuki,False,ronda sztuka,ronda sztuka,Cultural Institution / Arts
0ad33767-74d3-41b7-b444-b70aace98925,Rondzie Sztuki,Rondzie Sztuki,rondzie sztuki,False,rondzie sztuka,rondzie sztuka,Cultural Institution / Arts
0ade2835-230b-4879-8e64-56c8adbc0f50,Olsztyński Ośrodek Onkologiczny „Kopernik”,Olsztyński Ośrodek Onkologiczny „Kopernik,olsztyński ośrodek onkologiczny „kopernik,False,olsztyński ośrodek onkologiczny „ Kopernik,olsztyński ośrodek onkologiczny „ Kopernik,Health / Hospitals / Medical
0ae703d5-d193-440b-ace6-abf35433b4a8,Województwa Zachodniopomorskiego,Województwa Zachodniopomorskiego,województwa zachodniopomorskiego,False,województwo zachodniopomorskie,województwo zachodniopomorskie,Government / Public Administration
0b3740ce-6d69-4dd7-9602-03de82701a57,Technologii,Technologii,technologii,False,technologia,technologia,Company / Business
0bcb718c-bb27-4918-9e7c-3065d068951e,aris,aris,aris,False,aris,aris,Government / Public Administration
0bcb718c-bb27-4918-9e7c-3065d068951e,„Solaris,Solaris,solaris,False,solaris,solaris,Government / Public Administration
0bdffa9a-10dd-4fd5-be9d-7ba74b41390d,Minister,Minister,minister,False,minister,minister,Government / Public Administration
0c384fe9-4788-4178-8808-79c4579434d1,Radia Pomorza i Kujaw,Radia Pomorza i Kujaw,radia pomorza i kujaw,False,radio pomorze i Kujawy,radio pomorze i Kujawy,Media / Publishing
0c384fe9-4788-4178-8808-79c4579434d1,Wydawnictwem Wulkan Dominika,Wydawnictwem Wulkan Dominika,wydawnictwem wulkan dominika,False,wydawnictwo wulkan Dominika,wydawnictwo wulkan Dominika,Media / Publishing
0c54b7a8-5f21-4368-a864-645dfc444ea7,Urzędem Statystycznym,Urzędem Statystycznym,urzędem statystycznym,False,urząd statystyczny,urząd statystyczny,Government / Public Administration
0c578111-5e7c-495a-b0b2-efac0b580353,elnego Sądu Administracyjnego,elnego Sądu Administracyjnego,elnego sądu administracyjnego,False,elny sąd administracyjny,elny sąd administracyjny,Government / Public Administration
0c578111-5e7c-495a-b0b2-efac0b580353,Wojewódzkiego Sądu Administracyjnego,Wojewódzkiego Sądu Administracyjnego,wojewódzkiego sądu administracyjnego,False,wojewódzki sąd administracyjny,wojewódzki sąd administracyjny,Government / Public Administration
0cc60539-3ca0-46e8-912c-53eaea70ea02,nanoplus Nanosystems and Technologies GmbH,nanoplus Nanosystems and Technologies GmbH,nanoplus nanosystems and technologies gmbh,False,nanoplus nanosystems and technologies gmba,nanoplus nanosystems and technologies gmba,Company / Business
0d78ff8f-4c47-4edd-b281-3bbb47557851,ościelny Inspektor Ochrony Danych,ościelny Inspektor Ochrony Danych,ościelny inspektor ochrony danych,False,ościelny inspektor ochrona dane,ościelny inspektor ochrona dane,Government / Public Administration
0dbd214b-8973-4854-b9ed-55a67aea4a08,Krajowego Oś,Krajowego Oś,krajowego oś,False,krajowy oś,krajowy oś,Government / Public Administration
0e759be4-eb76-4edf-99af-ef97bc0688be,Minister,Minister,minister,False,minister,minister,Government / Public Administration
0e759be4-eb76-4edf-99af-ef97bc0688be,Urząd Morski w,Urząd Morski w,urząd morski w,False,urząd morski w,urząd morski w,Government / Public Administration
0f1b6221-7fa6-42be-9b6f-0dbeafa020f2,I Liceum Ogólnokształcące,I Liceum Ogólnokształcące,i liceum ogólnokształcące,False,i liceum ogólnokształcące,i liceum ogólnokształcące,Education (non-university)
0f6f87a3-45e0-4ba5-91b7-9c7382575886,nie Sp. z o.o.,nie Sp. z o.o.,nie sp. z o.o.,False,nie Sp . z ograniczona_odpowiedzialność .,nie Sp . z o.o.,Company / Business
0fa1166b-eb3c-4f9a-ae42-ce5f3d39dc89,Kraj,Kraj,kraj,False,kraj,kraj,Government / Public Administration
0fad32ca-a83d-469e-9c0a-06887627cf8c,AMC Tech sp.,AMC Tech sp.,amc tech sp.,False,Amcyhiczy tech sa .,Amcyhiczy tech s.a.,Company / Business
0fad32ca-a83d-469e-9c0a-06887627cf8c,Nokia Solutions and Networks sp.,Nokia Solutions and Networks sp.,nokia solutions and networks sp.,False,nokia solutions and networks sa .,nokia solutions and networks s.a.,Company / Business
0ff436cb-6624-4c69-a2e5-a870612941fc,bezpieczeństwa,bezpieczeństwa,bezpieczeństwa,False,bezpieczeństwo,bezpieczeństwo,Military / Defense / Security
1064f16e-82e9-481d-adfa-dc1398ff109e,Komisji Standaryzacji Nazw Geograficznych,Komisji Standaryzacji Nazw Geograficznych,komisji standaryzacji nazw geograficznych,False,komisja standaryzacji nazwa geograficzny,komisja standaryzacji nazwa geograficzny,Government / Public Administration
10867b4d-05b2-480a-ba4a-249037290946,Urzęd,Urzęd,urzęd,False,urzęd,urzęd,Government / Public Administration
10867b4d-05b2-480a-ba4a-249037290946,em Miasta,em Miasta,em miasta,False,być miasto,być miasto,Government / Public Administration
10d33af4-f099-49fa-997b-ec92c552785d,International Summer Courses - Printmaking and Textile Art,International Summer Courses - Printmaking and Textile Art,international summer courses - printmaking and textile art,False,International summer courses - printmaking and textile artykuł,International summer courses - printmaking and textile artykuł,International Organization / EU
1100aeb9-d0d1-4158-b4fa-1c4fe611f28c,Nadbałtyckie Centrum Kultury,Nadbałtyckie Centrum Kultury,nadbałtyckie centrum kultury,False,nadbałtyckie centrum kultura,nadbałtyckie centrum kultura,Cultural Institution / Arts
1109d499-0c17-44a0-90a7-e193975c0665,Forum Regionalnych Organizacji Turystycznych,Forum Regionalnych Organizacji Turystycznych,forum regionalnych organizacji turystycznych,False,forum regionalny organizacja turystyczny,forum regionalny organizacja turystyczny,Government / Public Administration
110bf1f8-b6d4-4174-bc02-f4a34d2d7ea8,Technology Flag,Technology Flag,technology flag,False,Technology flag,Technology flag,Company / Business
111929dd-ed02-4972-9d3f-e4da62207982,Polski Holding Obronny,Polski Holding Obronny,polski holding obronny,False,Polska holding obronny,Polska holding obronny,Military / Defense / Security
11af6545-6e32-401b-bf86-6a9c5b2f604c,Dyrektor Departamentu Zdrowia,Dyrektor Departamentu Zdrowia,dyrektor departamentu zdrowia,False,dyrektor departament zdrowie,dyrektor departament zdrowie,Health / Hospitals / Medical
128d7a02-43fb-4dbe-aa62-a39ffaded909,"European Society for Literature, Science and the Arts","European Society for Literature, Science and the Arts","european society for literature, science and the arts",False,"european society forówna literature , science and the artko_pacyj","european society forówna literature , science and the artko_pacyj",International Organization / EU
128d7a02-43fb-4dbe-aa62-a39ffaded909,Muzeum Zachęta,Muzeum Zachęta,muzeum zachęta,False,muzeum zachęt,muzeum zachęt,Cultural Institution / Arts
128d7a02-43fb-4dbe-aa62-a39ffaded909,Ad-Venture (Multimedialne Muzea,Ad-Venture (Multimedialne Muzea,ad-venture (multimedialne muzea,False,ad - venture ( multimedialne muzea,ad - venture ( multimedialne muzea,Media / Publishing
128d7a02-43fb-4dbe-aa62-a39ffaded909,Muzeum w Sko,Muzeum w Sko,muzeum w sko,False,muzeum w sko,muzeum w sko,Cultural Institution / Arts
13418065-d08f-43c7-bfee-19ae1b581eaa,Europe,Europe,europe,False,europe,europe,International Organization / EU
13f8bfdc-47cb-4bf7-a291-42f0e1a64ab0,JSW Innowacje,JSW Innowacje,jsw innowacje,False,JSW innowacje,JSW innowacje,NGO / Association / Foundation
13f8bfdc-47cb-4bf7-a291-42f0e1a64ab0,JSW S.A.,JSW S.A.,jsw s.a.,False,JSW spółka_akcyjna .,JSW spółka_akcyjna .,Company / Business
14116e79-3a7b-40a6-8174-72ca549b962e,Polsko-Amerykańska Komisja Fulbrighta,Polsko-Amerykańska Komisja Fulbrighta,polsko-amerykańska komisja fulbrighta,False,polski - amerykański komisja fulbrighta,polski - amerykański komisja fulbrighta,Government / Public Administration
141f608f-8b54-468f-af6d-3fb09715173d,rajowa Administracja Skarbowa,rajowa Administracja Skarbowa,rajowa administracja skarbowa,False,rajowa administracja skarbowa,rajowa administracja skarbowa,Government / Public Administration
14868535-451f-45cd-bc0b-5615314b11b1,NovaPUR Sp. z o.o,NovaPUR Sp. z o.o,novapur sp. z o.o,False,novapur Sp . z ograniczona_odpowiedzialność,novapur Sp . z o.o.,Company / Business
149071c8-b179-4b9d-925c-f496fcf94a55,Podkarpackiej Platform,Podkarpackiej Platform,podkarpackiej platform,False,podkarpacki platform,podkarpacki platform,Government / Public Administration
14fd690e-f77c-43ce-b112-4bd79fdd54bb,Fundacji Azji-Pacyfiku,Fundacji Azji-Pacyfiku,fundacji azji-pacyfiku,False,fundacja Azja - pacyfik,fundacja Azja - pacyfik,NGO / Association / Foundation
14fd690e-f77c-43ce-b112-4bd79fdd54bb,NATO DE,NATO DE,nato de,False,NATO de,NATO de,International Organization / EU
15f3e1b6-a077-4c1f-ba8e-1acf983e8bbe,Muzeum Żup Krakowskich,Muzeum Żup Krakowskich,muzeum żup krakowskich,False,muzeum żup krakowski,muzeum żup krakowski,Cultural Institution / Arts
161645c8-784b-413c-b6bc-6215b20a25a2,Szkoleniowo Edukacyjną Polskiego Związku Łowieckiego,Szkoleniowo Edukacyjną Polskiego Związku Łowieckiego,szkoleniowo edukacyjną polskiego związku łowieckiego,False,szkoleniowy edukacyjną polski związek łowiecki,szkoleniowy edukacyjną polski związek łowiecki,Education (non-university)
167165b2-ccbc-4ecf-b3a3-48703ca6f4a2,XI Letnia Szkoła Neonatologii,XI Letnia Szkoła Neonatologii,xi letnia szkoła neonatologii,False,XI letnia szkoła neonatologii,XI letnia szkoła neonatologii,International Organization / EU
167a760a-2b06-4046-b627-e8fbf670e768,Eseju Filmowego,Eseju Filmowego,eseju filmowego,False,esej filmowego,esej filmowego,Cultural Institution / Arts
16b30a7c-87fe-4a1f-9909-608701b9d7e2,Filharmonii Podlaskiej,Filharmonii Podlaskiej,filharmonii podlaskiej,False,filharmonia Podlaski,filharmonia Podlaski,Cultural Institution / Arts
16b30a7c-87fe-4a1f-9909-608701b9d7e2,Sztuki Społecznej,Sztuki Społecznej,sztuki społecznej,False,sztuka społeczny,sztuka społeczny,Cultural Institution / Arts
16d35238-208a-4475-9923-2fe7a0f4ccd2,czelnego Sądu Administracyjnego,czelnego Sądu Administracyjnego,czelnego sądu administracyjnego,False,czelny sąd administracyjny,czelny sąd administracyjny,Government / Public Administration
16d35238-208a-4475-9923-2fe7a0f4ccd2,dziale Prawa i Administracji,dziale Prawa i Administracji,dziale prawa i administracji,False,dział prawo i administracja,dział prawo i administracja,Government / Public Administration
172ac364-ac61-406d-a0e1-fcdade9bf33e,Światowego Dziedzictwa UNESCO,Światowego Dziedzictwa UNESCO,światowego dziedzictwa unesco,False,światowy dziedzictwo UNESCO,światowy dziedzictwo UNESCO,International Organization / EU
172ac364-ac61-406d-a0e1-fcdade9bf33e,Forum Zarządców Miejsc Świat,Forum Zarządców Miejsc Świat,forum zarządców miejsc świat,False,forum zarządców miejsce świat,forum zarządców miejsce świat,Government / Public Administration
17aa87dd-9029-4ced-8adb-4e1700537838,Szkole Głównej Służby Pożarniczej,Szkole Głównej Służby Pożarniczej,szkole głównej służby pożarniczej,False,szkoła główny służba pożarniczej,szkoła główny służba pożarniczej,Education (non-university)
18120af7-0dc3-4217-8f5a-7046b5d49b16,dzi Copper Corporation,dzi Copper Corporation,dzi copper corporation,False,da copper corporation,da copper corporation,Government / Public Administration
185435c5-b3e1-42b0-ab17-8bfd66bb3d42,Muzeum Ziemi Chełmi,Muzeum Ziemi Chełmi,muzeum ziemi chełmi,False,muzeum Ziemia chełmi,muzeum Ziemia chełmi,Cultural Institution / Arts
185435c5-b3e1-42b0-ab17-8bfd66bb3d42,Muzeum Podkarpackie,Muzeum Podkarpackie,muzeum podkarpackie,False,muzeum podkarpackie,muzeum podkarpackie,Government / Public Administration
185435c5-b3e1-42b0-ab17-8bfd66bb3d42,Galeria Sztuki Współczesnej Pastula,Galeria Sztuki Współczesnej Pastula,galeria sztuki współczesnej pastula,False,galeria sztuka współczesny pastula,galeria sztuka współczesny pastula,Cultural Institution / Arts
185435c5-b3e1-42b0-ab17-8bfd66bb3d42,Muzeum Diecezjalne,Muzeum Diecezjalne,muzeum diecezjalne,False,muzeum diecezjalne,muzeum diecezjalne,Cultural Institution / Arts
18881767-9a66-47f1-b7d6-545d5923a7ea,Miranda S.A.,Miranda S.A.,miranda s.a.,False,miranda spółka_akcyjna .,miranda spółka_akcyjna .,Company / Business
18e9ae89-b171-415f-8564-9a0159c74236,Urzęd,Urzęd,urzęd,False,urzęd,urzęd,Government / Public Administration
18e9ae89-b171-415f-8564-9a0159c74236,em Marszałkowskim,em Marszałkowskim,em marszałkowskim,False,być marszałkowski,być marszałkowski,Government / Public Administration
1a1b1732-4006-493f-96ee-999c3bb5a10c,Ministra,Ministra,ministra,False,minister,minister,Government / Public Administration
1a26e671-b5c1-461a-9691-b59b653e6dd4,PODSTAWOWE,PODSTAWOWE,podstawowe,False,podstawowe,podstawowe,Education (non-university)
1a26e671-b5c1-461a-9691-b59b653e6dd4,Zespołem Szkół w,Zespołem Szkół w,zespołem szkół w,False,zespoło szkoła w,zespoło szkoła w,Education (non-university)
1a26e671-b5c1-461a-9691-b59b653e6dd4,Przedszkolu Miejskim nr 109,Przedszkolu Miejskim nr 109,przedszkolu miejskim nr 109,False,przedszkole miejski numer 109,przedszkole miejski numer 109,Education (non-university)
1a26e671-b5c1-461a-9691-b59b653e6dd4,Przedszkolu Specjalnym nr 1,Przedszkolu Specjalnym nr 1,przedszkolu specjalnym nr 1,False,przedszkole specjalny numer 1,przedszkole specjalny numer 1,Education (non-university)
1a26e671-b5c1-461a-9691-b59b653e6dd4,Przedszkolu Integracyjnym nr 36,Przedszkolu Integracyjnym nr 36,przedszkolu integracyjnym nr 36,False,przedszkole integracyjny numer 36,przedszkole integracyjny numer 36,Education (non-university)
1a8649fd-52e2-40e1-b395-fe26a20455b2,European Union Reference Laboratory for GM Food and Feed,European Union Reference Laboratory for GM Food and Feed,european union reference laboratory for gm food and feed,False,european Union reference laboratory forówna GM food and feed,european Union reference laboratory forówna GM food and feed,International Organization / EU
1a8649fd-52e2-40e1-b395-fe26a20455b2,Komisji ds. Gene,Komisji ds. Gene,komisji ds. gene,False,komisja do_spraw . Gene,komisja ds. Gene,Government / Public Administration
1a8b9be6-376b-4e91-b39a-ee3f7a22c81a,um Pałacu Króla Jana III,um Pałacu Króla Jana III,um pałacu króla jana iii,False,um pałac król Jan III,um pałac król Jan III,Cultural Institution / Arts
1a8bb353-f4b9-4a3f-bc88-3390e018fb0a,TV Polsat,TV Polsat,tv polsat,False,TV Polsat,TV Polsat,Media / Publishing
1aa04d80-c241-42e5-b9f0-a09a2f66919d,Grupą Kapitałową Jastrzębska Spółka Węglowa SA.,Grupą Kapitałową Jastrzębska Spółka Węglowa SA.,grupą kapitałową jastrzębska spółka węglowa sa.,False,grupa kapitałową jastrzębska spółka węglowy SA .,grupa kapitałową jastrzębska spółka węglowy SA .,Company / Business
1af1633f-63e7-4bca-92ca-276a5ce42177,ządowa Rada Ludnościowa,ządowa Rada Ludnościowa,ządowa rada ludnościowa,False,ządowa rada ludnościowa,ządowa rada ludnościowa,Government / Public Administration
1af29db2-880f-45ec-a3b1-8887f3b30863,Minister,Minister,minister,False,minister,minister,Government / Public Administration
1af29db2-880f-45ec-a3b1-8887f3b30863,stwo Zdrowia,stwo Zdrowia,stwo zdrowia,False,stwo zdrowie,stwo zdrowie,Health / Hospitals / Medical
1af29db2-880f-45ec-a3b1-8887f3b30863,Krajową Izbę Diagnostów Laboratoryjnych i Konsult,Krajową Izbę Diagnostów Laboratoryjnych i Konsult,krajową izbę diagnostów laboratoryjnych i konsult,False,krajowy izba diagnostów laboratoryjny i konsult,krajowy izba diagnostów laboratoryjny i konsult,Government / Public Administration
1b550b2c-f8b2-43d1-a063-316e0cd6f64b,Ministra,Ministra,ministra,False,minister,minister,Government / Public Administration
1b550b2c-f8b2-43d1-a063-316e0cd6f64b,Kraj,Kraj,kraj,False,kraj,kraj,Government / Public Administration
1b551122-e7f1-4ead-bb78-cf35b6bafc9d,Górażdże-Cement S.A.,Górażdże-Cement S.A.,górażdże-cement s.a.,False,górażdże - cement spółka_akcyjna .,górażdże - cement spółka_akcyjna .,Company / Business
1b551122-e7f1-4ead-bb78-cf35b6bafc9d,idelberg Cement Group,idelberg Cement Group,idelberg cement group,False,idelberg cement Group,idelberg cement Group,Company / Business
1b8139da-a78c-4aab-9fe6-75515d566eb7,Minister Rolnictwa i Rozwoju Wsi,Minister Rolnictwa i Rozwoju Wsi,minister rolnictwa i rozwoju wsi,False,minister rolnictwo i rozwój wieś,minister rolnictwo i rozwój wieś,Government / Public Administration
1bb58762-fcca-4d52-ad9c-435b65191511,stki Specjalne Żandarmerii Wojskowej,stki Specjalne Żandarmerii Wojskowej,stki specjalne żandarmerii wojskowej,False,stki specjalny żandarmerii wójsko,stki specjalny żandarmerii wójsko,Military / Defense / Security
1bb58762-fcca-4d52-ad9c-435b65191511,uro Ochrony Rządu,uro Ochrony Rządu,uro ochrony rządu,False,uro ochrona rząd,uro ochrona rząd,Government / Public Administration
1bb58762-fcca-4d52-ad9c-435b65191511,Krajowa Administracja Skar,Krajowa Administracja Skar,krajowa administracja skar,False,krajowy administracja skar,krajowy administracja skar,Government / Public Administration
1bce840a-5d3d-42c6-aeb2-9adbc6fd68c9,Narodowym Muzeum,Narodowym Muzeum,narodowym muzeum,False,narodowy muzeum,narodowy muzeum,Government / Public Administration
1bee6182-ded9-437c-83fc-ef8546fa41af,Przedsiębiorstwo Budowlane Dawid Lisiewicz,Przedsiębiorstwo Budowlane Dawid Lisiewicz,przedsiębiorstwo budowlane dawid lisiewicz,False,przedsiębiorstwo budowlane Dawid lisiewicz,przedsiębiorstwo budowlane Dawid lisiewicz,Company / Business
1c3f3b65-18bc-44f5-8628-4122e3208957,Educ-Europe,Educ-Europe,educ-europe,False,educ - europe,educ - europe,International Organization / EU
1c4edffa-97a1-4cee-bf6c-9ea04a083687,Archiwum Państwowym,Archiwum Państwowym,archiwum państwowym,False,archiwum państwowym,archiwum państwowym,Government / Public Administration
1c61ccea-fa22-464f-879b-f383a7108ae9,Europejskiej Sieci Operatorów Systemów Przesyłowych Energii Elektrycznej,Europejskiej Sieci Operatorów Systemów Przesyłowych Energii Elektrycznej,europejskiej sieci operatorów systemów przesyłowych energii elektrycznej,False,europejski sieć operator systemów przesyłowy energia elektryczna,europejski sieć operator systemów przesyłowy energia elektryczna,International Organization / EU
1c74136f-e0aa-47d6-b74d-baa19685f2b2,Komisji Łączności z Polakami,Komisji Łączności z Polakami,komisji łączności z polakami,False,komisja łączność z Polak,komisja łączność z Polak,Government / Public Administration
1c7ba642-7e05-4b5e-9f51-da6be1fe354a,owarzyszenie Przedstawicielstw Kultury EU,owarzyszenie Przedstawicielstw Kultury EU,owarzyszenie przedstawicielstw kultury eu,False,owarzyszenie przedstawicielstw kultura ey,owarzyszenie przedstawicielstw kultura ey,Cultural Institution / Arts
1c7ba642-7e05-4b5e-9f51-da6be1fe354a,Miasto Warszawę,Miasto Warszawę,miasto warszawę,False,miasto Warszawa,miasto Warszawa,Government / Public Administration
1c7ba642-7e05-4b5e-9f51-da6be1fe354a,Oddział Muzeum Plakatu,Oddział Muzeum Plakatu,oddział muzeum plakatu,False,oddział muzeum plakat,oddział muzeum plakat,Cultural Institution / Arts
1c84f656-e89e-4ee1-b733-12494ea3ec7d,rp.pl,rp.pl,rp.pl,False,rp.pl,rp.pl,Government / Public Administration
1d9304d9-0ae5-48f0-b322-e24aa1b2af96,KRAJOWA IZBA ODWOŁAWCZA,KRAJOWA IZBA ODWOŁAWCZA,krajowa izba odwoławcza,False,krajowa izba odwoławcza,krajowa izba odwoławcza,Government / Public Administration
1dfdcc7b-e21f-4bab-8042-0b97727ff112,tab Generalny Wojska Polskiego,tab Generalny Wojska Polskiego,tab generalny wojska polskiego,False,taba generalny wojsko polski,taba generalny wojsko polski,Military / Defense / Security
1dfdcc7b-e21f-4bab-8042-0b97727ff112,ł Zbrojnych RP,ł Zbrojnych RP,ł zbrojnych rp,False,jarzopta zbrojny RP,jarzopta zbrojny RP,Government / Public Administration
1dfdcc7b-e21f-4bab-8042-0b97727ff112,Dowództwo Wojsk Obrony Terytorialnej,Dowództwo Wojsk Obrony Terytorialnej,dowództwo wojsk obrony terytorialnej,False,dowództwo wojsk obrona terytorialna,dowództwo wojsk obrona terytorialna,Military / Defense / Security
1dfdcc7b-e21f-4bab-8042-0b97727ff112,Centrum Szkolenia Wojsk Obrony Terytorialnej,Centrum Szkolenia Wojsk Obrony Terytorialnej,centrum szkolenia wojsk obrony terytorialnej,False,centrum szkolenia wojsk obrona terytorialna,centrum szkolenia wojsk obrona terytorialna,Military / Defense / Security
1e7ee2d0-723a-48c8-8233-ac7f59ff5505,Stowarzyszenia „Nasz Bocian,Stowarzyszenia „Nasz Bocian,stowarzyszenia „nasz bocian,False,stowarzyszenie „ nasz bocian,stowarzyszenie „ nasz bocian,NGO / Association / Foundation
1e7ee2d0-723a-48c8-8233-ac7f59ff5505,Rady Programowej Narodowego Programu Leczenia Niepłodności 2013,Rady Programowej Narodowego Programu Leczenia Niepłodności 2013,rady programowej narodowego programu leczenia niepłodności 2013,False,rada programowa narodowy program leczenie niepłodność 2013,rada programowa narodowy program leczenie niepłodność 2013,Government / Public Administration
1e83b4d9-af17-40da-abf1-2ea0689eae2c,Dzienniku Urzędowym,Dzienniku Urzędowym,dzienniku urzędowym,False,dziennik urzędowy,dziennik urzędowy,Government / Public Administration
1f4b38d6-0565-4364-bd05-aaf8c1564e0f,Polskiej Rady Chrześcijan i Żydów,Polskiej Rady Chrześcijan i Żydów,polskiej rady chrześcijan i żydów,False,polski rada chrześcijan i Żyd,polski rada chrześcijan i Żyd,Government / Public Administration
1f8e4adc-529b-4126-88fc-8fd9111db471,Sztuki,Sztuki,sztuki,False,sztuka,sztuka,Cultural Institution / Arts
1f8f9936-8731-452d-aad2-2e5d125ae1c6,Szpitala Wojewódzkiego,Szpitala Wojewódzkiego,szpitala wojewódzkiego,False,szpital wojewódzki,szpital wojewódzki,Government / Public Administration
1f963585-1ffb-4447-8344-2d4c6f47d06b,Biblioteki Hosianum,Biblioteki Hosianum,biblioteki hosianum,False,biblioteka hosianum,biblioteka hosianum,Education (non-university)
1fea1e0f-3e92-4642-9975-f4dadb437243,Urząd Miasta Ciesz,Urząd Miasta Ciesz,urząd miasta ciesz,False,urząd miasto ciesz,urząd miasto ciesz,Government / Public Administration
1fea1e0f-3e92-4642-9975-f4dadb437243,Urząd,Urząd,urząd,False,urząd,urząd,Government / Public Administration
1ff69c74-7a37-4a6f-8800-61d8ed18c8a5,Fundacją internetowa,Fundacją internetowa,fundacją internetowa,False,fundacją internetowy,fundacją internetowy,NGO / Association / Foundation
206fe578-03d2-42b9-a6ac-7cf87fd8d1da,EDORADCA Sp. z o.o.,EDORADCA Sp. z o.o.,edoradca sp. z o.o.,False,edoradca Sp . z ograniczona_odpowiedzialność .,edoradca Sp . z o.o.,Company / Business
206fe578-03d2-42b9-a6ac-7cf87fd8d1da,Infracorr Sp. Z o.o.,Infracorr Sp. Z o.o.,infracorr sp. z o.o.,False,infracorr Sp . z ograniczona_odpowiedzialność .,infracorr Sp . z o.o.,Company / Business
208769f4-112f-4d43-ad6c-bbb549bf427f,Kraj,Kraj,kraj,False,kraj,kraj,Government / Public Administration
20ce39ca-9ffd-4df5-86da-bd6bab3cf654,Conradianum UJ,Conradianum UJ,conradianum uj,False,conradianum UJ,conradianum UJ,Media / Publishing
214e83ac-9537-47e7-bc6b-28e7815d1802,acja „Legalna Kultura,acja „Legalna Kultura,acja „legalna kultura,False,acja „ legalna kultura,acja „ legalna kultura,Cultural Institution / Arts
21d40250-7747-4699-874f-b49035e5a347,Polskiej prowincji Towarzystwa Boskiego Zbawiciela,Polskiej prowincji Towarzystwa Boskiego Zbawiciela,polskiej prowincji towarzystwa boskiego zbawiciela,False,polski prowincja towarzystwo boski Zbawiciel,polski prowincja towarzystwo boski Zbawiciel,NGO / Association / Foundation
21e651c4-7182-411d-8b45-c3a5cd1d56a0,Kościoła katoli,Kościoła katoli,kościoła katoli,False,kościół katoli,kościół katoli,Religious Organization
21e651c4-7182-411d-8b45-c3a5cd1d56a0,Państwo,Państwo,państwo,False,państwo,państwo,Government / Public Administration
21e651c4-7182-411d-8b45-c3a5cd1d56a0,wej Komisji ds. Pedofilii,wej Komisji ds. Pedofilii,wej komisji ds. pedofilii,False,wej komisja do_spraw . pedofilii,wej komisja ds. pedofilii,Government / Public Administration
21e651c4-7182-411d-8b45-c3a5cd1d56a0,TVN24),TVN24,tvn24,False,TVN24,TVN24,Media / Publishing
224f691d-9813-4d75-85c6-2fa2283adbbd,Fundusz,Fundusz,fundusz,False,fundusz,fundusz,Government / Public Administration
224f691d-9813-4d75-85c6-2fa2283adbbd,ami Europejskimi,ami Europejskimi,ami europejskimi,False,ami europejski,ami europejski,International Organization / EU
224f691d-9813-4d75-85c6-2fa2283adbbd,Rzecznika Praw Pac,Rzecznika Praw Pac,rzecznika praw pac,False,rzecznik prawo pac,rzecznik prawo pac,Government / Public Administration
224f691d-9813-4d75-85c6-2fa2283adbbd,uni.wroc,uni.wroc,uni.wroc,False,unia .wroc,unia .wroc,International Organization / EU
24a0e962-3da4-4721-8609-e9b1a7895aca,Izbę Gospodarczą,Izbę Gospodarczą,izbę gospodarczą,False,izba gospodarczy,izba gospodarczy,Government / Public Administration
24a39168-ef6d-4fb2-aef6-94a6ea0d36e4,PARLAMENTU EUROPEJSKIEGO,PARLAMENTU EUROPEJSKIEGO,parlamentu europejskiego,False,Partament europejski,Partament europejski,International Organization / EU
24cd715b-7be3-42dd-846f-837873d708ab,Regional,Regional,regional,False,regional,regional,Government / Public Administration
24ce0bf6-0fa5-4062-a94e-3bfe1ff28ac0,Galerii - Spiż 7,Galerii - Spiż 7,galerii - spiż 7,False,galeria - spiż 7,galeria - spiż 7,Cultural Institution / Arts
2525a915-da6d-48e2-b1b1-08283ef91003,Strzeblowskie Kopalnie Surowców Mineralnych Sp. z o.o,Strzeblowskie Kopalnie Surowców Mineralnych Sp. z o.o,strzeblowskie kopalnie surowców mineralnych sp. z o.o,False,strzeblowski kopalnie surowiec mineralny Sp . z ograniczona_odpowiedzialność,strzeblowski kopalnie surowiec mineralny Sp . z o.o.,Company / Business
25428506-36f9-4b5d-96e5-40d9979b0007,Kuria Metropolitalna Archidiecezji Greckokatolickiej,Kuria Metropolitalna Archidiecezji Greckokatolickiej,kuria metropolitalna archidiecezji greckokatolickiej,False,kuria metropolitalna archidiecezji greckokatolicka,kuria metropolitalna archidiecezji greckokatolicka,Religious Organization
25428506-36f9-4b5d-96e5-40d9979b0007,Parafia Rzymskokatolicka,Parafia Rzymskokatolicka,parafia rzymskokatolicka,False,parafia rzymskokatolicka,parafia rzymskokatolicka,Religious Organization
25428506-36f9-4b5d-96e5-40d9979b0007,Komisja Konserwatorska do spraw Ochrony Zabytków i Rozwoju,Komisja Konserwatorska do spraw Ochrony Zabytków i Rozwoju,komisja konserwatorska do spraw ochrony zabytków i rozwoju,False,komisja konserwatorska do sprawa ochrona zabytków i rozwój,komisja konserwatorska do sprawa ochrona zabytków i rozwój,Government / Public Administration
25428506-36f9-4b5d-96e5-40d9979b0007,Archidiecezji Warszawsko-Przemyskiej Kościoła Greckokatolickiego,Archidiecezji Warszawsko-Przemyskiej Kościoła Greckokatolickiego,archidiecezji warszawsko-przemyskiej kościoła greckokatolickiego,False,archidiecezji warszawsko - przemyska kościół greckokatolicki,archidiecezji warszawsko - przemyska kościół greckokatolicki,Religious Organization
25428506-36f9-4b5d-96e5-40d9979b0007,Klub Inteligencji Greckokatolickiej,Klub Inteligencji Greckokatolickiej,klub inteligencji greckokatolickiej,False,klub inteligencji greckokatolicka,klub inteligencji greckokatolicka,Cultural Institution / Arts
2568ff81-3818-4803-8daa-37f99198eb7e,Rejestru Instytucji Kultury,Rejestru Instytucji Kultury,rejestru instytucji kultury,False,rejestr instytucji kultura,rejestr instytucji kultura,Cultural Institution / Arts
25a6c7c2-8d96-41f4-adde-7387659adbce,m Stowarzyszeniem Muzyki Elektroakustycznej,m Stowarzyszeniem Muzyki Elektroakustycznej,m stowarzyszeniem muzyki elektroakustycznej,False,być stowarzyszenie muzyka elektroakustyczna,być stowarzyszenie muzyka elektroakustyczna,NGO / Association / Foundation
25a6c7c2-8d96-41f4-adde-7387659adbce,ska Szkoła Teoretyczna,ska Szkoła Teoretyczna,ska szkoła teoretyczna,False,ska szkoła teoretyczna,ska szkoła teoretyczna,Education (non-university)
25b75ce7-e16c-44e9-b375-5fb507a60193,Banskobystricky kraj Turizmus,Banskobystricky kraj Turizmus,banskobystricky kraj turizmus,False,banskobystricky kraj turizmus,banskobystricky kraj turizmus,Government / Public Administration
25d29422-8e1b-4022-8680-7910de70eed0,Galeria Sztuki Wozownia,Galeria Sztuki Wozownia,galeria sztuki wozownia,False,galeria sztuka wozownia,galeria sztuka wozownia,Cultural Institution / Arts
266c7810-1a31-46e7-acea-ac960c13d03c,Urzędu Miasta,Urzędu Miasta,urzędu miasta,False,urząd miasto,urząd miasto,Government / Public Administration
266c7810-1a31-46e7-acea-ac960c13d03c,Grupy Roboczej,Grupy Roboczej,grupy roboczej,False,grupa robocze,grupa robocze,Company / Business
26aa3dbd-2843-4aa9-905f-998d50c5d769,Kuratoriów Oświaty,Kuratoriów Oświaty,kuratoriów oświaty,False,kuratoriów oświata,kuratoriów oświata,Education (non-university)
2743dbb7-22a2-42cc-9f5f-174ef68981fa,Grupy Europejskiej,Grupy Europejskiej,grupy europejskiej,False,grupa europejski,grupa europejski,International Organization / EU
277b4bf8-477e-4f61-8ab4-f10b506f3976,PiD sp. z o.o,PiD sp. z o.o,pid sp. z o.o,False,PiD sa . z ograniczona_odpowiedzialność,PiD s.a. z o.o.,Company / Business
281e8ecc-9d96-419a-8311-a6f6e57a8985,Fundacji „Towarzystwo Projektów Edukacyjnych,Fundacji „Towarzystwo Projektów Edukacyjnych,fundacji „towarzystwo projektów edukacyjnych,False,fundacja „ towarzystwo projektów edukacyjny,fundacja „ towarzystwo projektów edukacyjny,NGO / Association / Foundation
281e8ecc-9d96-419a-8311-a6f6e57a8985,Konsulatu Generalnego RP,Konsulatu Generalnego RP,konsulatu generalnego rp,False,konsulat generalny RP,konsulat generalny RP,Government / Public Administration
28578eba-7893-404a-92ce-fc80b57f15f7,Generalnego Lasów Państwowych,Generalnego Lasów Państwowych,generalnego lasów państwowych,False,generalny las państwowy,generalny las państwowy,Government / Public Administration
2857edcc-e9fc-4f48-8edd-68aa20819ab8,Stowarzyszenia Szkółkarzy Leśnych Republiki Słowacji,Stowarzyszenia Szkółkarzy Leśnych Republiki Słowacji,stowarzyszenia szkółkarzy leśnych republiki słowacji,False,stowarzyszenie szkółkarz leśny Republika Słowacja,stowarzyszenie szkółkarz leśny Republika Słowacja,NGO / Association / Foundation
285bd523-2e33-44ed-b969-36070d89f9eb,Podkarpackim Centrum Innowacji,Podkarpackim Centrum Innowacji,podkarpackim centrum innowacji,False,podkarpackim centrum innowacji,podkarpackim centrum innowacji,Government / Public Administration
28840a5e-74a0-498a-aaf3-70bd4d191694,JSW Innowacje,JSW Innowacje,jsw innowacje,False,JSW innowacje,JSW innowacje,NGO / Association / Foundation
290c3160-9f01-4a45-8acd-11756ab2a234,Rzemiosło Artystyczne w,Rzemiosło Artystyczne w,rzemiosło artystyczne w,False,rzemiosło artystyczne w,rzemiosło artystyczne w,Cultural Institution / Arts
2989f36a-b9c1-48bd-873d-1ce4051dcf2f,Chóru Polskiego Radia w,Chóru Polskiego Radia w,chóru polskiego radia w,False,chór polski radio w,chór polski radio w,Media / Publishing
2a460781-b25e-4b4b-9f89-d6ab012ea39b,Narod,Narod,narod,False,narod,narod,Government / Public Administration
2aba55d4-b52c-4370-85cb-20539620f78c,Ministra Rolnictwa i Rozwoju Wsi,Ministra Rolnictwa i Rozwoju Wsi,ministra rolnictwa i rozwoju wsi,False,minister rolnictwo i rozwój wieś,minister rolnictwo i rozwój wieś,Government / Public Administration
2ae22aa7-0d46-4216-9684-11aaf7895917,Podmiot Leczniczy COPERNICUS sp. z o.o.,Podmiot Leczniczy COPERNICUS sp. z o.o.,podmiot leczniczy copernicus sp. z o.o.,False,podmiot leczniczy copernicus sa . z ograniczona_odpowiedzialność .,podmiot leczniczy copernicus s.a. z o.o.,Company / Business
2ae22aa7-0d46-4216-9684-11aaf7895917,Podstawowego Szpitalnego Zabezpieczenia Świadczeń,Podstawowego Szpitalnego Zabezpieczenia Świadczeń,podstawowego szpitalnego zabezpieczenia świadczeń,False,podstawowy szpitalnego zabezpieczenie świadczeń,podstawowy szpitalnego zabezpieczenie świadczeń,Health / Hospitals / Medical
2b52b4e6-6b89-44d8-9e44-e0a2b47c9ee1,środka Rozwoju Polskiej Edukacji za Granicą,środka Rozwoju Polskiej Edukacji za Granicą,środka rozwoju polskiej edukacji za granicą,False,środek rozwój polski edukacja za granicą,środek rozwój polski edukacja za granicą,Education (non-university)
2b52b4e6-6b89-44d8-9e44-e0a2b47c9ee1,orpeg.pl,orpeg.pl,orpeg.pl,False,orpeg.pl,orpeg.pl,Government / Public Administration
2b752f97-1cee-48e8-9548-12831da6ca55,Minister,Minister,minister,False,minister,minister,Government / Public Administration
2c295a66-9c25-4c0c-882d-b5181ef61179,Parlamentu Europejskiego i Rady,Parlamentu Europejskiego i Rady,parlamentu europejskiego i rady,False,parlament europejski i rada,parlament europejski i rada,Government / Public Administration
2c295a66-9c25-4c0c-882d-b5181ef61179,AGROCHEM PUŁAWY Sp. z o.o.,AGROCHEM PUŁAWY Sp. z o.o.,agrochem puławy sp. z o.o.,False,agróch puława Sp . z ograniczona_odpowiedzialność .,agróch puława Sp . z o.o.,Company / Business
2caa19b2-4ab1-4407-adb9-516c2190b0c8,Regionalną Dyrekcją Ochrony Środowiska,Regionalną Dyrekcją Ochrony Środowiska,regionalną dyrekcją ochrony środowiska,False,regionalną dyrekcją ochrona środowisko,regionalną dyrekcją ochrona środowisko,Government / Public Administration
2cda6bb3-278f-487f-b58e-656e241f775a,Miranda Sp. z o.o,Miranda Sp. z o.o,miranda sp. z o.o,False,miranda Sp . z ograniczona_odpowiedzialność,miranda Sp . z o.o.,Company / Business
2d1a6495-f12b-4000-85ca-b420df4eef2a,Environment Directorate Chemicals And Biotechnology Committee,Environment Directorate Chemicals And Biotechnology Committee,environment directorate chemicals and biotechnology committee,False,environment directorate chemicals andypedc biotechnology committee,environment directorate chemicals andypedc biotechnology committee,Company / Business
2d1a6495-f12b-4000-85ca-b420df4eef2a,"French Agency for Food, Environmental and Occupational Health & Safety","French Agency for Food, Environmental and Occupational Health & Safety","french agency for food, environmental and occupational health & safety",False,"french agency forówna food , environmental and occupational health & safety","french agency forówna food , environmental and occupational health & safety",Health / Hospitals / Medical
2eb44912-04bd-460b-b271-c0c22bc14715,Państwo,Państwo,państwo,False,państwo,państwo,Government / Public Administration
2eb44912-04bd-460b-b271-c0c22bc14715,Centrum Sztuki Współ,Centrum Sztuki Współ,centrum sztuki współ,False,centrum sztuka współ,centrum sztuka współ,Cultural Institution / Arts
2fb8880f-6054-4134-8609-c9b051a2063e,Fundację Between.Pomiędzy,Fundację Between.Pomiędzy,fundację between.pomiędzy,False,fundacja between . pomiędzy,fundacja between . pomiędzy,NGO / Association / Foundation
2fbca003-f2b6-4859-bd27-a5455dd18675,Zespołem Szkół Ekonomicznych,Zespołem Szkół Ekonomicznych,zespołem szkół ekonomicznych,False,zespoło szkoła ekonomiczny,zespoło szkoła ekonomiczny,Education (non-university)
2fbca003-f2b6-4859-bd27-a5455dd18675,Stowarzyszenie Księgowych w Polsce Oddział Okręgowy,Stowarzyszenie Księgowych w Polsce Oddział Okręgowy,stowarzyszenie księgowych w polsce oddział okręgowy,False,stowarzyszenie księgowy w Polska oddział okręgowy,stowarzyszenie księgowy w Polska oddział okręgowy,NGO / Association / Foundation
2ff27cec-8590-4c9e-8d7a-cc535e4f1a4d,Ministerstwo Kultury i,Ministerstwo Kultury i,ministerstwo kultury i,False,ministerstwo kultura i,ministerstwo kultura i,Government / Public Administration
303dde48-5ff4-43e1-a943-634ce024e921,Samodzielny Publiczny Szpital Kliniczny im. A. Mielęckiego,Samodzielny Publiczny Szpital Kliniczny im. A. Mielęckiego,samodzielny publiczny szpital kliniczny im. a. mielęckiego,False,samodzielny publiczny szpital kliniczny on . a . mielęcki,samodzielny publiczny szpital kliniczny on . a . mielęcki,Health / Hospitals / Medical
303dde48-5ff4-43e1-a943-634ce024e921,Centrum Zdrowia,Centrum Zdrowia,centrum zdrowia,False,centrum zdrowie,centrum zdrowie,Health / Hospitals / Medical
303dde48-5ff4-43e1-a943-634ce024e921,pital Chorób Płuc,pital Chorób Płuc,pital chorób płuc,False,pital choroba płuc,pital choroba płuc,Health / Hospitals / Medical
303dde48-5ff4-43e1-a943-634ce024e921,Wielospecjalistyczny Szpital Powiatowy im. dr B. Hagera,Wielospecjalistyczny Szpital Powiatowy im. dr B. Hagera,wielospecjalistyczny szpital powiatowy im. dr b. hagera,False,wielospecjalistyczny szpital powiatowy on . doktor B . hagera,wielospecjalistyczny szpital powiatowy on . doktor B . hagera,Government / Public Administration
304a751b-560d-445e-899f-04fb38ee611b,Europejskiego Towarzystwa Kardiologiczne,Europejskiego Towarzystwa Kardiologiczne,europejskiego towarzystwa kardiologiczne,False,europejski towarzystwo kardiologiczne,europejski towarzystwo kardiologiczne,NGO / Association / Foundation
30e850fa-f7e5-4696-bc61-7ab421ca7da4,Regional,Regional,regional,False,regional,regional,Government / Public Administration
30e850fa-f7e5-4696-bc61-7ab421ca7da4,nych Dyrekcji Lasów Państwowych,nych Dyrekcji Lasów Państwowych,nych dyrekcji lasów państwowych,False,nych dyrekcja las państwowy,nych dyrekcja las państwowy,Government / Public Administration
30f2ed70-5e02-4353-bb7b-4ca03007f0eb,Kościele Ewangelicko-Augsburskim,Kościele Ewangelicko-Augsburskim,kościele ewangelicko-augsburskim,False,kościół ewangelicko - augsburski,kościół ewangelicko - augsburski,Religious Organization
30f2ed70-5e02-4353-bb7b-4ca03007f0eb,Synod Kościoła Ewangelicko-Augsburskiego,Synod Kościoła Ewangelicko-Augsburskiego,synod kościoła ewangelicko-augsburskiego,False,synod kościół ewangelicko - augsburski,synod kościół ewangelicko - augsburski,Religious Organization
32091611-31c2-4007-ae8e-332f906f5bf7,Ministra Zdrowia,Ministra Zdrowia,ministra zdrowia,False,minister zdrowie,minister zdrowie,Government / Public Administration
325360cf-df11-4452-a264-438d92d9bd60,Muzeum Sztuki Nowoczesnej,Muzeum Sztuki Nowoczesnej,muzeum sztuki nowoczesnej,False,muzeum sztuka nowoczesny,muzeum sztuka nowoczesny,Cultural Institution / Arts
325360cf-df11-4452-a264-438d92d9bd60,Muzeum Sztuki Współczesnej,Muzeum Sztuki Współczesnej,muzeum sztuki współczesnej,False,muzeum sztuka współczesny,muzeum sztuka współczesny,Cultural Institution / Arts
325d9919-6d71-4e8f-9b39-0835e40fc7c0,tako Worthington Industries,tako Worthington Industries,tako worthington industries,False,tako worthington industries,tako worthington industries,Company / Business
326e2f86-806a-48a1-8ebf-664706670bd5,Europej,Europej,europej,False,europej,europej,International Organization / EU
326e2f86-806a-48a1-8ebf-664706670bd5,ską Agencją Kosmiczną,ską Agencją Kosmiczną,ską agencją kosmiczną,False,ska agencją kosmiczna,ska agencją kosmiczna,Government / Public Administration
32725bf2-b55a-4852-8299-3205d10ba9ae,Delegatura,Delegatura,delegatura,False,delegatura,delegatura,Government / Public Administration
336301cd-abac-4132-adac-3f2a1062853c,European Academy of Allergy and Clinical Immunology,European Academy of Allergy and Clinical Immunology,european academy of allergy and clinical immunology,False,european academy of allergy and clinical immunology,european academy of allergy and clinical immunology,International Organization / EU
3363c65c-4127-4c54-be08-975ef28ac496,Zarząd,Zarząd,zarząd,False,zarząd,zarząd,Government / Public Administration
33e7cac5-f6ae-47a4-aef9-ac706cd834c9,European Union,European Union,european union,False,european Union,european Union,International Organization / EU
340c70ef-4775-4070-b089-b04005c6047e,Sektorowa Rada do spraw,Sektorowa Rada do spraw,sektorowa rada do spraw,False,sektorowa rada do sprawa,sektorowa rada do sprawa,Government / Public Administration
340c70ef-4775-4070-b089-b04005c6047e,Sektorowej Rady ds,Sektorowej Rady ds,sektorowej rady ds,False,sektorowy rada do_spraw,sektorowy rada do_spraw,Government / Public Administration
350a98f5-cc13-4c5d-b38d-696244590cc1,Minister,Minister,minister,False,minister,minister,Government / Public Administration
355a1ec9-e722-45f2-a17c-031b61a83edf,Praw Obywatelskich,Praw Obywatelskich,praw obywatelskich,False,prawo obywatelski,prawo obywatelski,NGO / Association / Foundation
357375da-aa84-4cc9-b1ba-36b80e5eca47,t Programming Initiative for Healthy and Productive Seas and Oceans,t Programming Initiative for Healthy and Productive Seas and Oceans,t programming initiative for healthy and productive seas and oceans,False,tets programming initiative forówna healthy and productive seas and oceans,tets programming initiative forówna healthy and productive seas and oceans,Health / Hospitals / Medical
357cecd2-83f0-4af2-9482-4c4141897cf7,Parlamentu Europejskiego i Rady,Parlamentu Europejskiego i Rady,parlamentu europejskiego i rady,False,parlament europejski i rada,parlament europejski i rada,Government / Public Administration
357cecd2-83f0-4af2-9482-4c4141897cf7,Grupę roboczą Zielona Stocznia,Grupę roboczą Zielona Stocznia,grupę roboczą zielona stocznia,False,grupa roboczą zielony stocznia,grupa roboczą zielony stocznia,Company / Business
357cecd2-83f0-4af2-9482-4c4141897cf7,Zakład Recyklingu Statków Sp. z o.o,Zakład Recyklingu Statków Sp. z o.o,zakład recyklingu statków sp. z o.o,False,zakład recykling statek Sp . z ograniczona_odpowiedzialność,zakład recykling statek Sp . z o.o.,Company / Business
35a6dd77-bacb-4ebb-975b-a80207e5d680,Samorządu terytorialnego,Samorządu terytorialnego,samorządu terytorialnego,False,samorządu terytorialny,samorządu terytorialny,Government / Public Administration
35d125d1-295d-4dfc-af8c-78f0a7d8b7a9,tab Generalny Wojska Polskiego,tab Generalny Wojska Polskiego,tab generalny wojska polskiego,False,taba generalny wojsko polski,taba generalny wojsko polski,Military / Defense / Security
36feef70-7908-49a0-8bd9-3f6485fc1a04,Puremat Technologies sp. z o. o.,Puremat Technologies sp. z o. o.,puremat technologies sp. z o. o.,False,puremat technologies sa . z o . o .,puremat technologies s.a. z o . o .,Company / Business
36feef70-7908-49a0-8bd9-3f6485fc1a04,NanoTechIP sp. z. o. o.,NanoTechIP sp. z. o. o.,nanotechip sp. z. o. o.,False,nanoTechIP sa . z . o . o .,nanoTechIP s.a. z . o . o .,Company / Business
371640f6-3a9e-42d9-840b-f45910fbf6bd,Health Information and Quality Authority,Health Information and Quality Authority,health information and quality authority,False,health information and Quality authorit,health information and Quality authorit,Health / Hospitals / Medical
371eec7b-17d4-4ae7-b345-c709b5751b3c,Uni,Uni,uni,False,unia,unia,International Organization / EU
3736099f-b155-4e2a-8601-fbf8c2663433,Gazecie Wyborczej,Gazecie Wyborczej,gazecie wyborczej,False,gazeta wyborczy,gazeta wyborczy,Media / Publishing
3736099f-b155-4e2a-8601-fbf8c2663433,Nowej Konfederacji,Nowej Konfederacji,nowej konfederacji,False,Nowy konfederacja,Nowy konfederacja,NGO / Association / Foundation
3736099f-b155-4e2a-8601-fbf8c2663433,2 Programie Polskiego Radia,2 Programie Polskiego Radia,2 programie polskiego radia,False,2 program polski radio,2 program polski radio,Media / Publishing
385a7b46-56ce-4d28-ac95-3b02a42739c0,Komisji ds. Przeciwdziałania przestępczości ubezpieczeniowej,Komisji ds. Przeciwdziałania przestępczości ubezpieczeniowej,komisji ds. przeciwdziałania przestępczości ubezpieczeniowej,False,komisja do_spraw . przeciwdziałać przestępczość ubezpieczeniowy,komisja ds. przeciwdziałać przestępczość ubezpieczeniowy,Government / Public Administration
38611ff6-a144-45a0-a63a-ee088ce454ae,Grupa CZH S.A,Grupa CZH S.A,grupa czh s.a,False,grupa cz S . a,grupa cz S . a,Company / Business
387c8cd6-c387-4120-ad57-473e73a14fe2,Agencja UE,Agencja UE,agencja ue,False,agencja UE,agencja UE,Government / Public Administration
3955d193-6384-4d7c-a41e-1cea13ff3a27,Urzęd,Urzęd,urzęd,False,urzęd,urzęd,Government / Public Administration
3962fd08-fafc-438c-9a92-66ff72a3ab0b,Wydawnictwo „Jedność,Wydawnictwo „Jedność,wydawnictwo „jedność,False,wydawnictwo „ jedność,wydawnictwo „ jedność,Media / Publishing
398d0f6d-e720-4f1a-8f48-c046d06f5307,Rady Miasta Białego,Rady Miasta Białego,rady miasta białego,False,rada miasto biały,rada miasto biały,Government / Public Administration
398d0f6d-e720-4f1a-8f48-c046d06f5307,Kościele Ewangelicko-Augsburskim,Kościele Ewangelicko-Augsburskim,kościele ewangelicko-augsburskim,False,kościół ewangelicko - augsburski,kościół ewangelicko - augsburski,Religious Organization
3a323c6a-9c97-4c94-9bbd-81d32b1357f3,u Ubezpieczeń Społecznych,u Ubezpieczeń Społecznych,u ubezpieczeń społecznych,False,u ubezpieczenie społeczny,u ubezpieczenie społeczny,Military / Defense / Security
3a39a742-31c3-4cbb-9488-c1c80b88b4d2,ionalna Rada Laponii,ionalna Rada Laponii,ionalna rada laponii,False,ionalna rada laponii,ionalna rada laponii,Government / Public Administration
3a6a0f45-cbd2-47d3-a6f8-2f597f0aa278,Szkoła Polska im. Bohaterów,Szkoła Polska im. Bohaterów,szkoła polska im. bohaterów,False,szkoła Polska on . Bohater,szkoła Polska on . Bohater,Education (non-university)
3a6a0f45-cbd2-47d3-a6f8-2f597f0aa278,Ambasadzie RP,Ambasadzie RP,ambasadzie rp,False,ambasadzie RP,ambasadzie RP,Government / Public Administration
3a6a0f45-cbd2-47d3-a6f8-2f597f0aa278,Szkoła Polska,Szkoła Polska,szkoła polska,False,szkoła Polska,szkoła Polska,Education (non-university)
3a6a0f45-cbd2-47d3-a6f8-2f597f0aa278,Konsulat Rzeczpospolitej,Konsulat Rzeczpospolitej,konsulat rzeczpospolitej,False,konsulat Rzeczpospolita,konsulat Rzeczpospolita,Government / Public Administration
3a9d0f51-1d56-4d64-ab86-7bd84230eb9c,Urzęd,Urzęd,urzęd,False,urzęd,urzęd,Government / Public Administration
3a9d0f51-1d56-4d64-ab86-7bd84230eb9c,Wojewódzki,Wojewódzki,wojewódzki,False,wojewódzki,wojewódzki,Government / Public Administration
3a9d0f51-1d56-4d64-ab86-7bd84230eb9c,Centrami Zarządzania Kryzysowego,Centrami Zarządzania Kryzysowego,centrami zarządzania kryzysowego,False,centr zarządzanie kryzysowy,centr zarządzanie kryzysowy,Government / Public Administration
3b3cbf41-7b91-464a-b4e9-ef72e06d5df4,rząd Patentowy RP,rząd Patentowy RP,rząd patentowy rp,False,rząd patentowy RP,rząd patentowy RP,Government / Public Administration
3b3cbf41-7b91-464a-b4e9-ef72e06d5df4,rybunał Sprawiedliwości Unii Europejskiej,rybunał Sprawiedliwości Unii Europejskiej,rybunał sprawiedliwości unii europejskiej,False,rybunał sprawiedliwość unia europejski,rybunał sprawiedliwość unia europejski,International Organization / EU
3b3cbf41-7b91-464a-b4e9-ef72e06d5df4,rajowa Izba Gospodarcza-Przemysł Rozlewniczy,rajowa Izba Gospodarcza-Przemysł Rozlewniczy,rajowa izba gospodarcza-przemysł rozlewniczy,False,rajowa izba gospodarcza - przemysł rozlewniczy,rajowa izba gospodarcza - przemysł rozlewniczy,Government / Public Administration
3b6f82c8-9a02-411b-9ec9-1b54e97fefb9,uro Inżynierskie IVW Polska Sp. z o.o.,uro Inżynierskie IVW Polska Sp. z o.o.,uro inżynierskie ivw polska sp. z o.o.,False,uro inżynierskie IVW Polska Sp . z ograniczona_odpowiedzialność .,uro inżynierskie IVW Polska Sp . z o.o.,Company / Business
3b6f82c8-9a02-411b-9ec9-1b54e97fefb9,Krajową Izbę Gospodarki Odpada,Krajową Izbę Gospodarki Odpada,krajową izbę gospodarki odpada,False,krajowy izba gospodarka odpada,krajowy izba gospodarka odpada,Government / Public Administration
3c72289b-772d-4a91-8d21-c1b7feb01ad7,Powiatow,Powiatow,powiatow,False,powiatow,powiatow,Government / Public Administration
3c72289b-772d-4a91-8d21-c1b7feb01ad7,Urzędy Pracy,Urzędy Pracy,urzędy pracy,False,urząd praca,urząd praca,Government / Public Administration
3cc6e533-44fb-4c06-939d-abcc1e12fd87,European HealthTech Innovation Center,European HealthTech Innovation Center,european healthtech innovation center,False,european healthtech innovation center,european healthtech innovation center,NGO / Association / Foundation
3cc6e533-44fb-4c06-939d-abcc1e12fd87,Polsko-Amerykańska Klinika Chorób Serca,Polsko-Amerykańska Klinika Chorób Serca,polsko-amerykańska klinika chorób serca,False,polski - amerykański klinika choroba serca,polski - amerykański klinika choroba serca,Health / Hospitals / Medical
3d15214e-db4f-4ca2-a5ce-95654b13f2c4,Archiwum Państwowe,Archiwum Państwowe,archiwum państwowe,False,archiwum państwowy,archiwum państwowy,Government / Public Administration
3d15214e-db4f-4ca2-a5ce-95654b13f2c4,e Forum Kultury,e Forum Kultury,e forum kultury,False,e forum kultura,e forum kultura,Cultural Institution / Arts
3d15214e-db4f-4ca2-a5ce-95654b13f2c4,Muzeum Galicja,Muzeum Galicja,muzeum galicja,False,muzeum galicja,muzeum galicja,Cultural Institution / Arts
3d490fe7-1e9a-4200-8f48-3d59edcaa0bf,Zarząd,Zarząd,zarząd,False,zarząd,zarząd,Government / Public Administration
3d490fe7-1e9a-4200-8f48-3d59edcaa0bf,Towarzystwa Polsko-Niemieckiego,Towarzystwa Polsko-Niemieckiego,towarzystwa polsko-niemieckiego,False,towarzystwo polski - niemiecki,towarzystwo polski - niemiecki,NGO / Association / Foundation
3d8328ef-91cd-4ab2-97ab-67de3dd56773,Przedsiębiorstwem KWS Lochow Polska Sp. z o. o.,Przedsiębiorstwem KWS Lochow Polska Sp. z o. o.,przedsiębiorstwem kws lochow polska sp. z o. o.,False,przedsiębiorstwo KWS lochow Polska Sp . z o . o .,przedsiębiorstwo KWS lochow Polska Sp . z o . o .,Company / Business
3da55da9-dd74-483e-88e6-9f79fc215e05,Uniwersyteckiego Szpitala Klinicznego,Uniwersyteckiego Szpitala Klinicznego,uniwersyteckiego szpitala klinicznego,False,uniwersytecki szpital kliniczny,uniwersytecki szpital kliniczny,Health / Hospitals / Medical
3da55da9-dd74-483e-88e6-9f79fc215e05,"Kliniki Onkologii, Hematologii i Transplantologii Pediatrycznej","Kliniki Onkologii, Hematologii i Transplantologii Pediatrycznej","kliniki onkologii, hematologii i transplantologii pediatrycznej",False,"klinika onkologii , hematologia i transplantologia pediatryczna","klinika onkologii , hematologia i transplantologia pediatryczna",Health / Hospitals / Medical
3da55da9-dd74-483e-88e6-9f79fc215e05,Krakowskiego Szpitala Specjalistycznego im. Jana,Krakowskiego Szpitala Specjalistycznego im. Jana,krakowskiego szpitala specjalistycznego im. jana,False,krakowski szpital specjalistyczny on . Jan,krakowski szpital specjalistyczny on . Jan,Health / Hospitals / Medical
3dc1478f-c4dd-4d15-a29b-bf97a930f9e9,Katerę Onkologii,Katerę Onkologii,katerę onkologii,False,katera onkologii,katera onkologii,Health / Hospitals / Medical
3dccd9ea-4839-4ea1-a7db-88d649f0677b,Muzeum Sztuki Nowoczesnej,Muzeum Sztuki Nowoczesnej,muzeum sztuki nowoczesnej,False,muzeum sztuka nowoczesny,muzeum sztuka nowoczesny,Cultural Institution / Arts
3dccd9ea-4839-4ea1-a7db-88d649f0677b,Muzeum Plakatu,Muzeum Plakatu,muzeum plakatu,False,muzeum plakat,muzeum plakat,Cultural Institution / Arts
3eece28c-b033-4076-a4e6-3cacf1df9592,Radiu Zachód,Radiu Zachód,radiu zachód,False,radio zachód,radio zachód,Media / Publishing
3f336ae5-404a-4314-b824-30663f9d7b4d,e Stowarzyszenie Montessori,e Stowarzyszenie Montessori,e stowarzyszenie montessori,False,e stowarzyszenie montessori,e stowarzyszenie montessori,NGO / Association / Foundation
3faf2403-f6cf-48f6-9449-ce07803d9f53,Fundacja Linum na,Fundacja Linum na,fundacja linum na,False,fundacja Linum na,fundacja Linum na,NGO / Association / Foundation
4030fbbb-4e63-408f-9357-7118d1bf072b,i Muzycznej w Krakowie,i Muzycznej w Krakowie,i muzycznej w krakowie,False,i muzyczna w Kraków,i muzyczna w Kraków,Cultural Institution / Arts
4030fbbb-4e63-408f-9357-7118d1bf072b,i Muzycznej w,i Muzycznej w,i muzycznej w,False,i muzyczna w,i muzyczna w,Cultural Institution / Arts
4030fbbb-4e63-408f-9357-7118d1bf072b,i Muzycznej,i Muzycznej,i muzycznej,False,i muzyczna,i muzyczna,Cultural Institution / Arts
411322d3-4093-4ad9-92de-f5b435c4fba1,Ministra Zdrowia,Ministra Zdrowia,ministra zdrowia,False,minister zdrowie,minister zdrowie,Government / Public Administration
4149fe89-cf44-4bb6-8de3-8dcf4cc7c499,Organizacji Pozarządowych Działających na Rzecz Osób,Organizacji Pozarządowych Działających na Rzecz Osób,organizacji pozarządowych działających na rzecz osób,False,organizacja pozarządowy działający na rzecz osoba,organizacja pozarządowy działający na rzecz osoba,Government / Public Administration
416e027a-6f05-4cc3-a66e-f0d5907afc78,wiązek Miast Polskich,wiązek Miast Polskich,wiązek miast polskich,False,wiązek miast polski,wiązek miast polski,Government / Public Administration
419cc077-524a-4ce0-8fd1-17f5079b6a96,Komendy Powiatowej Policji,Komendy Powiatowej Policji,komendy powiatowej policji,False,komenda powiatowy policja,komenda powiatowy policja,Government / Public Administration
419cc077-524a-4ce0-8fd1-17f5079b6a96,Komend Policji,Komend Policji,komend policji,False,komend policja,komend policja,Military / Defense / Security
419cc077-524a-4ce0-8fd1-17f5079b6a96,CBŚP Zarząd,CBŚP Zarząd,cbśp zarząd,False,Cołpy_ed zarząd,Cołpy_ed zarząd,Government / Public Administration
42601d33-e841-48a0-9dc1-f94b407880c0,Emerline sp. z o,Emerline sp. z o,emerline sp. z o,False,emerline sa . z o,emerline s.a. z o,Company / Business
42c24087-f685-4558-8db4-f254d8dc5d8c,u Technologii Polimerów WTiICh UTP,u Technologii Polimerów WTiICh UTP,u technologii polimerów wtiich utp,False,u technologia polimer wtubch ut_cent,u technologia polimer wtubch ut_cent,Company / Business
42c24087-f685-4558-8db4-f254d8dc5d8c,Zakład Technologii Polimerów i Powłok Ochronnych WTiICh,Zakład Technologii Polimerów i Powłok Ochronnych WTiICh,zakład technologii polimerów i powłok ochronnych wtiich,False,zakład technologia polimer i powłok ochronny wtubch,zakład technologia polimer i powłok ochronny wtubch,Company / Business
42c50e52-62e2-40e4-9cfc-f377ee064362,Koordynatorką ds. Dostępności,Koordynatorką ds. Dostępności,koordynatorką ds. dostępności,False,koordynatorką do_spraw . dostępność,koordynatorką ds. dostępność,International Organization / EU
42ce37cb-b46b-4f59-9d89-a0d895aeefd3,radiokrakow.pl,radiokrakow.pl,radiokrakow.pl,False,radiokrakow.pl,radiokrakow.pl,Media / Publishing
42ce37cb-b46b-4f59-9d89-a0d895aeefd3,II Liceum Ogólnoszktałcącym,II Liceum Ogólnoszktałcącym,ii liceum ogólnoszktałcącym,False,II liceum ogólnoszktałcący,II liceum ogólnoszktałcący,Education (non-university)
4358a161-8b5a-443d-9fa7-02cfb7165f59,Województw,Województw,województw,False,województwo,województwo,Government / Public Administration
4373124c-029e-4f5b-a014-294fd11ed9f8,Szpitalu Marynarki Wojennej,Szpitalu Marynarki Wojennej,szpitalu marynarki wojennej,False,szpital marynarki wojenna,szpital marynarki wojenna,Health / Hospitals / Medical
440800da-229d-43c3-bb19-c05e9adaa99d,Polskie Kadry Sp. z o.o,Polskie Kadry Sp. z o.o,polskie kadry sp. z o.o,False,polski kadry Sp . z ograniczona_odpowiedzialność,polski kadry Sp . z o.o.,Company / Business
443290da-d1bd-4e88-8e09-266e0cf3f57a,luence,luence,luence,False,luenka,luenka,International Organization / EU
4443bdd1-801d-4764-b0c6-49e46e96760f,Industry,Industry,industry,False,industry,industry,Company / Business
453d19ab-4606-4812-8981-d65dde39845d,Intermag s. z o.o,Intermag s. z o.o,intermag s. z o.o,False,intermag strona . z ograniczona_odpowiedzialność,intermag strona . z o.o.,Company / Business
455ca5c8-1642-4f58-b19b-ec65c4233505,Stowarzyszenia Krajoznawców Ukrainy,Stowarzyszenia Krajoznawców Ukrainy,stowarzyszenia krajoznawców ukrainy,False,stowarzyszenie krajoznawców Ukraina,stowarzyszenie krajoznawców Ukraina,Government / Public Administration
4574a136-18c3-4d12-b2b4-976fe0b06127,Rady Zarządzania populacją wilka i niedźwiedzia,Rady Zarządzania populacją wilka i niedźwiedzia,rady zarządzania populacją wilka i niedźwiedzia,False,rada zarządzanie populacja wilka i niedźwiedzia,rada zarządzanie populacja wilka i niedźwiedzia,Government / Public Administration
45fe0112-61fd-46b5-a004-8bc7b7487637,unesco,unesco,unesco,False,unesco,unesco,International Organization / EU
45fe0112-61fd-46b5-a004-8bc7b7487637,unesco.pl,unesco.pl,unesco.pl,False,unesco.pl,unesco.pl,International Organization / EU
45fe0112-61fd-46b5-a004-8bc7b7487637,Uni,Uni,uni,False,unia,unia,International Organization / EU
45fe0112-61fd-46b5-a004-8bc7b7487637,uni,uni,uni,False,unia,unia,International Organization / EU
47aa8371-444a-4c86-9611-ea9f2368ed3e,Minister,Minister,minister,False,minister,minister,Government / Public Administration
47aa8371-444a-4c86-9611-ea9f2368ed3e,"stwo Rozwoju, Pracy i Technologii","stwo Rozwoju, Pracy i Technologii","stwo rozwoju, pracy i technologii",False,"stwo rozwój , praca i technologia","stwo rozwój , praca i technologia",Company / Business
4861ff7e-a79d-4cfa-a28d-7ed3071fdf0b,Państwa,Państwa,państwa,False,państwo,państwo,Government / Public Administration
48851797-ddde-4ed9-81ac-14170aef13b1,Sp. z o.o,Sp. z o.o,sp. z o.o,False,Sp . z ograniczona_odpowiedzialność,Sp . z o.o.,Company / Business
48ad2d1e-1e10-4ca6-97e2-c38c6b869deb,Narodowe Forum Muzyki,Narodowe Forum Muzyki,narodowe forum muzyki,False,narodowy forum muzyka,narodowy forum muzyka,Government / Public Administration
48c21d15-07f2-4ab1-a80d-80cfa86b0b6c,Europejskiej,Europejskiej,europejskiej,False,europejski,europejski,International Organization / EU
4948ab28-7c9e-45f8-990f-cc031ee98966,The Association of Computing Machinery,The Association of Computing Machinery,the association of computing machinery,False,The Association of computing machiner,The Association of computing machiner,NGO / Association / Foundation
4948ab28-7c9e-45f8-990f-cc031ee98966,Regionalnym Ośrodkiem Pomocy Społecznej Województwa Śląsk,Regionalnym Ośrodkiem Pomocy Społecznej Województwa Śląsk,regionalnym ośrodkiem pomocy społecznej województwa śląsk,False,regionalny ośrodek pomoc społeczny województwo Śląsk,regionalny ośrodek pomoc społeczny województwo Śląsk,Government / Public Administration
49842ab7-8094-4b4f-83e5-99733f5a1893,Wojewódzkim Szpitalem Specjalistycznym,Wojewódzkim Szpitalem Specjalistycznym,wojewódzkim szpitalem specjalistycznym,False,wojewódzki szpital specjalistyczny,wojewódzki szpital specjalistyczny,Government / Public Administration
499807e5-10a6-455a-a150-c58d2f16ccf3,Klin,Klin,klin,False,kiindominy,kiindominy,Cultural Institution / Arts
4a5a3630-4175-4131-8616-db61416cdc50,ch Muzyczny,ch Muzyczny,ch muzyczny,False,ch muzyczny,ch muzyczny,Cultural Institution / Arts
4a5a3630-4175-4131-8616-db61416cdc50,"sterstwa Kultury,",sterstwa Kultury,sterstwa kultury,False,sterstwo kultura,sterstwo kultura,Cultural Institution / Arts
4a5a3630-4175-4131-8616-db61416cdc50,Dziedzictwa Narodowego i Sportu,Dziedzictwa Narodowego i Sportu,dziedzictwa narodowego i sportu,False,dziedzictwo narodowy i sport,dziedzictwo narodowy i sport,Government / Public Administration
4a9b5572-196c-4385-b999-117891337b62,Zarząd,Zarząd,zarząd,False,zarząd,zarząd,Government / Public Administration
4ba2977e-a5d3-4f27-aa0b-d4b998cab661,Zarząd Główny,Zarząd Główny,zarząd główny,False,zarząd główny,zarząd główny,Government / Public Administration
4ba2977e-a5d3-4f27-aa0b-d4b998cab661,Towarzystwa Pomocy im. Brata Alberta,Towarzystwa Pomocy im. Brata Alberta,towarzystwa pomocy im. brata alberta,False,towarzystwo pomoc on . brat alberta,towarzystwo pomoc on . brat alberta,NGO / Association / Foundation
4ba6e31b-90f9-4e76-9570-0936c0f5b2aa,ządu RP,ządu RP,ządu rp,False,ząd RP,ząd RP,Government / Public Administration
4de439d4-c3a8-45e9-9c73-d179539a4f50,Regionalnym Związku Hodowców Owiec i Kóz,Regionalnym Związku Hodowców Owiec i Kóz,regionalnym związku hodowców owiec i kóz,False,regionalny związek hodowców owiec i kóz,regionalny związek hodowców owiec i kóz,Government / Public Administration
4ea239dc-1ab7-4d64-8955-f76ecbb2842a,GROWAG Sp. z o.o,GROWAG Sp. z o.o,growag sp. z o.o,False,grodani Sp . z ograniczona_odpowiedzialność,grodani Sp . z o.o.,Company / Business
4eb0e74a-70e5-4d45-83c6-395cdb2af049,uro Kultury m.,uro Kultury m.,uro kultury m.,False,uro kultura być .,uro kultura być .,Cultural Institution / Arts
4eb0e74a-70e5-4d45-83c6-395cdb2af049,Narodowego,Narodowego,narodowego,False,narodowy,narodowy,Government / Public Administration
4f96ab96-accb-4aea-9fe3-47c62e4305c5,Union Européenne,Union Européenne,union européenne,False,Union européenne,Union européenne,International Organization / EU
5045e138-76a4-4f49-80b1-6451e12e98fc,Tłoków Silnikowych Złotecki Sp. z o.o.,Tłoków Silnikowych Złotecki Sp. z o.o.,tłoków silnikowych złotecki sp. z o.o.,False,tłok silnikowy złotecki Sp . z ograniczona_odpowiedzialność .,tłok silnikowy złotecki Sp . z o.o.,Company / Business
50fc30fc-9962-4e68-809a-d6939025cf33,Polskiego Towarzystwa Ewaluacyjnego,Polskiego Towarzystwa Ewaluacyjnego,polskiego towarzystwa ewaluacyjnego,False,polski towarzystwo ewaluacyjny,polski towarzystwo ewaluacyjny,NGO / Association / Foundation
51800c66-b400-433c-a838-f17f51346484,European Association for the Study of the Liver,European Association for the Study of the Liver,european association for the study of the liver,False,european Association forówna the study of the liver,european Association forówna the study of the liver,NGO / Association / Foundation
51800c66-b400-433c-a838-f17f51346484,American Association for the Study of Liver Diseases,American Association for the Study of Liver Diseases,american association for the study of liver diseases,False,american Association forówna the study of liver diseases,american Association forówna the study of liver diseases,NGO / Association / Foundation
51dcbd06-6255-4837-9169-3c8e7910b823,Minister,Minister,minister,False,minister,minister,Government / Public Administration
51dcbd06-6255-4837-9169-3c8e7910b823,Muzeum Pałacu Króla Jana III,Muzeum Pałacu Króla Jana III,muzeum pałacu króla jana iii,False,muzeum pałac król Jan III,muzeum pałac król Jan III,Cultural Institution / Arts
5249de14-397d-4a83-a371-029426ff22e9,Narod,Narod,narod,False,narod,narod,Government / Public Administration
52da7826-9113-4fc3-9295-ef2748fd7263,Szkoła Podstawowa,Szkoła Podstawowa,szkoła podstawowa,False,szkoła podstawowa,szkoła podstawowa,Education (non-university)
52da7826-9113-4fc3-9295-ef2748fd7263,Szkoła Podstawowa nr 27,Szkoła Podstawowa nr 27,szkoła podstawowa nr 27,False,szkoła podstawowa numer 27,szkoła podstawowa numer 27,Education (non-university)
52da7826-9113-4fc3-9295-ef2748fd7263,Szkoła Podstawowa nr 117,Szkoła Podstawowa nr 117,szkoła podstawowa nr 117,False,szkoła podstawowa numer 117,szkoła podstawowa numer 117,Education (non-university)
52da7826-9113-4fc3-9295-ef2748fd7263,Szkoła Podstawowa nr 3,Szkoła Podstawowa nr 3,szkoła podstawowa nr 3,False,szkoła podstawowa numer 3,szkoła podstawowa numer 3,Education (non-university)
52da7826-9113-4fc3-9295-ef2748fd7263,Zespole Szkół,Zespole Szkół,zespole szkół,False,zespołe szkoła,zespołe szkoła,Education (non-university)
53985cb1-c37f-4990-aaaf-1e10a9d9bd06,Ambasada,Ambasada,ambasada,False,ambasada,ambasada,Government / Public Administration
53985cb1-c37f-4990-aaaf-1e10a9d9bd06,ódzka Szkoła Filmowa,ódzka Szkoła Filmowa,ódzka szkoła filmowa,False,ódzka szkoła filmowa,ódzka szkoła filmowa,Cultural Institution / Arts
53985cb1-c37f-4990-aaaf-1e10a9d9bd06,Teatr 21,Teatr 21,teatr 21,False,teatr 21,teatr 21,Cultural Institution / Arts
54004c1f-d924-4a7e-a65e-08ff126db29f,łówny Inspektorat Sanitarny,łówny Inspektorat Sanitarny,łówny inspektorat sanitarny,False,łówny inspektorat sanitarny,łówny inspektorat sanitarny,Government / Public Administration
54004c1f-d924-4a7e-a65e-08ff126db29f,Ministerstwo właściw,Ministerstwo właściw,ministerstwo właściw,False,ministerstwo właściw,ministerstwo właściw,Government / Public Administration
54603faa-d7f8-4f38-a33a-8ee88e10c2c7,Domów Dziennego Pobytu,Domów Dziennego Pobytu,domów dziennego pobytu,False,domów dzienny pobyt,domów dzienny pobyt,Cultural Institution / Arts
5512c4d9-e8a9-4478-9d16-779e29daaa1e,Antex II sp. z o.o,Antex II sp. z o.o,antex ii sp. z o.o,False,antex II sa . z ograniczona_odpowiedzialność,antex II s.a. z o.o.,Company / Business
55b4703a-d19a-4dba-aaf8-01a2e8fabf32,Chór Filharmonii Śląskiej,Chór Filharmonii Śląskiej,chór filharmonii śląskiej,False,chór filharmonia Śląski,chór filharmonia Śląski,Cultural Institution / Arts
561f9d25-fba8-4606-9eb9-5f11bc4b2952,„Rzeczpospolita,Rzeczpospolita,rzeczpospolita,False,Rzeczpospolita,Rzeczpospolita,Government / Public Administration
56a724f0-ee39-4282-978a-68169871428b,Ministra Rolnictwa i Rozwoju Wsi,Ministra Rolnictwa i Rozwoju Wsi,ministra rolnictwa i rozwoju wsi,False,minister rolnictwo i rozwój wieś,minister rolnictwo i rozwój wieś,Government / Public Administration
56a724f0-ee39-4282-978a-68169871428b,Urzędowi Statystyczne,Urzędowi Statystyczne,urzędowi statystyczne,False,urzęd statystyczne,urzęd statystyczne,Government / Public Administration
56ce22ab-9efb-4bfb-8410-626a0208ed90,Fundacja CCHS „Zdejmij klątwę,Fundacja CCHS „Zdejmij klątwę,fundacja cchs „zdejmij klątwę,False,fundacja cehsta „ zdejmij klątwę,fundacja cehsta „ zdejmij klątwę,NGO / Association / Foundation
56ce22ab-9efb-4bfb-8410-626a0208ed90,Polskiej Fundacji CCHS „Zdejmij Klątwę,Polskiej Fundacji CCHS „Zdejmij Klątwę,polskiej fundacji cchs „zdejmij klątwę,False,polski fundacja cehsta „ zdejmij klątwę,polski fundacja cehsta „ zdejmij klątwę,NGO / Association / Foundation
56d6b7d5-8467-4234-a809-ea99ff13f319,Rzecznik Praw Obywatelskich,Rzecznik Praw Obywatelskich,rzecznik praw obywatelskich,False,rzecznik prawo obywatelski,rzecznik prawo obywatelski,Government / Public Administration
56f60f3c-206d-44e2-bc02-ff93ad6386d5,Goldberg Consulting,Goldberg Consulting,goldberg consulting,False,Goldberg consulting,Goldberg consulting,Company / Business
57ffacbf-7ce8-47e2-b3f0-ddde70af5174,"Amerykańskiego Towarzystwa Inżynierów Ogrzewnictwa, Chłodnictwa i Klimatyzacji","Amerykańskiego Towarzystwa Inżynierów Ogrzewnictwa, Chłodnictwa i Klimatyzacji","amerykańskiego towarzystwa inżynierów ogrzewnictwa, chłodnictwa i klimatyzacji",False,"amerykański towarzystwo inżynier ogrzewnictwo , chłodnictwo i klimatyzacji","amerykański towarzystwo inżynier ogrzewnictwo , chłodnictwo i klimatyzacji",NGO / Association / Foundation
58627867-9c0f-4b5e-978b-a84d63536c75,Urzędu Marszałkowskiego Województwa Opolskiego,Urzędu Marszałkowskiego Województwa Opolskiego,urzędu marszałkowskiego województwa opolskiego,False,urząd marszałkowski województwo opolski,urząd marszałkowski województwo opolski,Government / Public Administration
58627867-9c0f-4b5e-978b-a84d63536c75,Ministra Rolnictwa i Rozwoju Wsi,Ministra Rolnictwa i Rozwoju Wsi,ministra rolnictwa i rozwoju wsi,False,minister rolnictwo i rozwój wieś,minister rolnictwo i rozwój wieś,Government / Public Administration
598c72c3-87d4-40bc-ad8f-efca13f7f7ad,Teatru Wit,Teatru Wit,teatru wit,False,teatr wit,teatr wit,Cultural Institution / Arts
598c72c3-87d4-40bc-ad8f-efca13f7f7ad,Teatr,Teatr,teatr,False,teatr,teatr,Cultural Institution / Arts
5a9db0eb-ac0d-48c0-ae17-6135e4a47e77,Krajowego Rejestru Nowotworów,Krajowego Rejestru Nowotworów,krajowego rejestru nowotworów,False,krajowy rejestr nowotwór,krajowy rejestr nowotwór,Government / Public Administration
5b3261d0-1754-4d94-ad62-eb3c1ddb8c7a,Ewenex Energy Sp. z o.o,Ewenex Energy Sp. z o.o,ewenex energy sp. z o.o,False,ewenex energy Sp . z ograniczona_odpowiedzialność,ewenex energy Sp . z o.o.,Company / Business
5bb02821-757c-48c9-aafd-fdedf7e5855f,. z o.o,z o.o,z o.o,False,z ograniczona_odpowiedzialność,z o.o.,Company / Business
5e04aa84-cbdd-481e-b11b-d11e0f43f851,Polskiej Szkoły w Dublinie,Polskiej Szkoły w Dublinie,polskiej szkoły w dublinie,False,polski szkoła w dublin,polski szkoła w dublin,Education (non-university)
5e696031-229e-418b-99fb-d702adad28e7,Funduszy,Funduszy,funduszy,False,fundusz,fundusz,Government / Public Administration
5e696031-229e-418b-99fb-d702adad28e7,Polityki Regionalnej,Polityki Regionalnej,polityki regionalnej,False,polityka regionalny,polityka regionalny,Government / Public Administration
5e6ebe29-2ed0-4f54-aeb2-5b866ee8c46a,dociągi Kieleckie Sp. z o.o.,dociągi Kieleckie Sp. z o.o.,dociągi kieleckie sp. z o.o.,False,dociągi kieleckie Sp . z ograniczona_odpowiedzialność .,dociągi kieleckie Sp . z o.o.,Company / Business
5e7b6977-3a8c-4e53-80db-86fd49c49c70,Zbrojnymi,Zbrojnymi,zbrojnymi,False,zbrojny,zbrojny,Military / Defense / Security
5e7b6977-3a8c-4e53-80db-86fd49c49c70,Zbrojnych,Zbrojnych,zbrojnych,False,zbrojny,zbrojny,Military / Defense / Security
5ea3666f-2894-440a-a56e-6a42204f7ac0,"Zakład Produkcji Cukierniczej ""NORD"" Sp. z o.o","Zakład Produkcji Cukierniczej ""NORD"" Sp. z o.o","zakład produkcji cukierniczej ""nord"" sp. z o.o",False,"zakład produkcji cukiernicze "" nord "" Sp . z ograniczona_odpowiedzialność","zakład produkcji cukiernicze "" nord "" Sp . z o.o.",Company / Business
5ea3666f-2894-440a-a56e-6a42204f7ac0,nia Galicyjska Sp. z o.o.,nia Galicyjska Sp. z o.o.,nia galicyjska sp. z o.o.,False,nię galicyjska Sp . z ograniczona_odpowiedzialność .,nię galicyjska Sp . z o.o.,Company / Business
5eb2c79f-5862-4881-8a66-7740a01b89b8,Grupy Tauron,Grupy Tauron,grupy tauron,False,grupa tauron,grupa tauron,Company / Business
5f00bd1e-b0f8-4a7b-abfd-02278fe7ec1c,Szkoła Podstawowa,Szkoła Podstawowa,szkoła podstawowa,False,szkoła podstawowa,szkoła podstawowa,Education (non-university)
5f00bd1e-b0f8-4a7b-abfd-02278fe7ec1c,Szkoła Podstawowa nr 3,Szkoła Podstawowa nr 3,szkoła podstawowa nr 3,False,szkoła podstawowa numer 3,szkoła podstawowa numer 3,Education (non-university)
5f9084e5-5be8-495e-8609-42afd90eada0,Gazety Praw,Gazety Praw,gazety praw,False,gazeta prawo,gazeta prawo,Media / Publishing
5f9084e5-5be8-495e-8609-42afd90eada0,PolskieRadio24),PolskieRadio24,polskieradio24,False,polskieradio24,polskieradio24,Media / Publishing
601371f5-dabf-4453-988b-bd659bc69b85,Radio Experimental Studio,Radio Experimental Studio,radio experimental studio,False,radio experimental studio,radio experimental studio,Media / Publishing
60704bde-b59e-48a9-9ae8-3f187aab1d48,UE Merdia,UE Merdia,ue merdia,False,UE merdia,UE merdia,International Organization / EU
609d23a8-623c-4b07-b168-b95cad076b1b,Fundacja im. Karla Dedeciusa,Fundacja im. Karla Dedeciusa,fundacja im. karla dedeciusa,False,fundacja on . karla dedecius,fundacja on . karla dedecius,NGO / Association / Foundation
60f22bb5-01aa-4c42-a59b-d4b8c46c5d41,Towarzystwa Kultury Języka oddział,Towarzystwa Kultury Języka oddział,towarzystwa kultury języka oddział,False,towarzystwo kultura język oddział,towarzystwo kultura język oddział,NGO / Association / Foundation
60f22bb5-01aa-4c42-a59b-d4b8c46c5d41,Towarzystwo Kultury Języka Oddział,Towarzystwo Kultury Języka Oddział,towarzystwo kultury języka oddział,False,towarzystwo kultura język oddział,towarzystwo kultura język oddział,NGO / Association / Foundation
61a1041d-797a-443f-9afa-446893bfd71e,Stowarzyszenia im. Jana Karskiego,Stowarzyszenia im. Jana Karskiego,stowarzyszenia im. jana karskiego,False,stowarzyszenie on . Jan Karski,stowarzyszenie on . Jan Karski,NGO / Association / Foundation
61a1041d-797a-443f-9afa-446893bfd71e,Teatr im. Stefana Żeromskiego,Teatr im. Stefana Żeromskiego,teatr im. stefana żeromskiego,False,teatr on . Stefan Żeromski,teatr on . Stefan Żeromski,Cultural Institution / Arts
61a1041d-797a-443f-9afa-446893bfd71e,Nowym Teatrze Krzysztofa Warlikowskiego,Nowym Teatrze Krzysztofa Warlikowskiego,nowym teatrze krzysztofa warlikowskiego,False,Nowy teatr Krzysztof warlikowski,Nowy teatr Krzysztof warlikowski,Cultural Institution / Arts
61a1041d-797a-443f-9afa-446893bfd71e,Teatrze Drama,Teatrze Drama,teatrze drama,False,teatr drama,teatr drama,Cultural Institution / Arts
61c59319-4cea-4515-a157-395733e7fa9e,Biblioteki Śląskiej,Biblioteki Śląskiej,biblioteki śląskiej,False,biblioteka Śląski,biblioteka Śląski,Education (non-university)
6254a1e5-118f-493d-bff8-f90ebc0a2659,Wydawnictwa MAC,Wydawnictwa MAC,wydawnictwa mac,False,wydawnictwo MAC,wydawnictwo MAC,Media / Publishing
6288721b-6385-4cd6-b92f-13ee500c48a9,Muzeum Parafi,Muzeum Parafi,muzeum parafi,False,muzeum parafię,muzeum parafię,Cultural Institution / Arts
632ef876-50a8-4c91-b7f7-dbc04db88c89,Gazeta Wyborcza Wrocław,Gazeta Wyborcza Wrocław,gazeta wyborcza wrocław,False,gazeta wyborczy Wrocław,gazeta wyborczy Wrocław,Media / Publishing
633463c5-9527-4431-8a16-970b795c4601,owej Organizacji Zdrowia,owej Organizacji Zdrowia,owej organizacji zdrowia,False,ów organizacja zdrowie,ów organizacja zdrowie,Health / Hospitals / Medical
636526b3-708d-443f-8a32-45b0655c0a6e,uni.,uni.,uni.,False,unia .,unia .,International Organization / EU
645a028b-871b-48db-8204-61a05ca4d0db,Klub,Klub,klub,False,klub,klub,Cultural Institution / Arts
645a028b-871b-48db-8204-61a05ca4d0db,Regional,Regional,regional,False,regional,regional,Government / Public Administration
645a028b-871b-48db-8204-61a05ca4d0db,ne Dyrekcje Ochrony Środowiska,ne Dyrekcje Ochrony Środowiska,ne dyrekcje ochrony środowiska,False,ne dyrekcje ochrona środowisko,ne dyrekcje ochrona środowisko,Government / Public Administration
64c89226-0646-44d4-be0c-44ec7b129d90,Muzeum Miejskiego Szty,Muzeum Miejskiego Szty,muzeum miejskiego szty,False,muzeum miejski szty,muzeum miejski szty,Cultural Institution / Arts
64c89226-0646-44d4-be0c-44ec7b129d90,Wojewódzkiego Śląskiego Urzędu Ochrony Zabytków,Wojewódzkiego Śląskiego Urzędu Ochrony Zabytków,wojewódzkiego śląskiego urzędu ochrony zabytków,False,wojewódzki śląski urząd ochrona zabytków,wojewódzki śląski urząd ochrona zabytków,Government / Public Administration
65c843db-471d-4035-a05b-8f00c644d894,NOVA TV,NOVA TV,nova tv,False,nova TV,nova TV,Media / Publishing
6641555c-253b-424b-80f7-b06305a85dec,Ministra Środowiska,Ministra Środowiska,ministra środowiska,False,minister środowisko,minister środowisko,Government / Public Administration
66763b07-2ffc-4459-9dbc-11b552bbbc6c,Klub,Klub,klub,False,klub,klub,Cultural Institution / Arts
66ac7ce6-4b14-4fa7-a433-8b6ee7c0642f,em Technicznym Wojsk Lotniczych,em Technicznym Wojsk Lotniczych,em technicznym wojsk lotniczych,False,być techniczny wojsk lotnicze,być techniczny wojsk lotnicze,Military / Defense / Security
66ac7ce6-4b14-4fa7-a433-8b6ee7c0642f,Wojskowymi Zakładami Lotniczymi Nr 4.,Wojskowymi Zakładami Lotniczymi Nr 4.,wojskowymi zakładami lotniczymi nr 4.,False,wojskowy zakład lotniczy Na_temat 4 .,wojskowy zakład lotniczy Na_temat 4 .,Military / Defense / Security
66ac7ce6-4b14-4fa7-a433-8b6ee7c0642f,Europejski Klaster Rozwoju Technologii,Europejski Klaster Rozwoju Technologii,europejski klaster rozwoju technologii,False,europejski klaster rozwój technologia,europejski klaster rozwój technologia,International Organization / EU
66ac926c-7295-4cd6-aba5-30bd547f35fc,Teatr i,Teatr i,teatr i,False,teatr i,teatr i,Cultural Institution / Arts
66ac926c-7295-4cd6-aba5-30bd547f35fc,Edukacja,Edukacja,edukacja,False,edukacja,edukacja,Education (non-university)
66eefad8-9ccf-4acb-beae-86139cb7c648,Grupy Tauron Polska Energia,Grupy Tauron Polska Energia,grupy tauron polska energia,False,grupa tauron Polska energia,grupa tauron Polska energia,Company / Business
66eefad8-9ccf-4acb-beae-86139cb7c648,Grupy Tauron,Grupy Tauron,grupy tauron,False,grupa tauron,grupa tauron,Company / Business
673e3e62-9fd5-45cf-964a-25d0e977b991,Międzynarodowe Targi,Międzynarodowe Targi,międzynarodowe targi,False,międzynarodowy targi,międzynarodowy targi,Government / Public Administration
676ad35c-7772-4e19-b552-a74e5df33e05,Teatr,Teatr,teatr,False,teatr,teatr,Cultural Institution / Arts
676ad35c-7772-4e19-b552-a74e5df33e05,u Polskiego Radia,u Polskiego Radia,u polskiego radia,False,u polski radio,u polski radio,Media / Publishing
676ad35c-7772-4e19-b552-a74e5df33e05,Teatru Rampa,Teatru Rampa,teatru rampa,False,teatr rampa,teatr rampa,Cultural Institution / Arts
67c73eda-d482-44c6-a61c-1ec3158dbd2a,Gazeta Shqiptar,Gazeta Shqiptar,gazeta shqiptar,False,gazeta shqiptar,gazeta shqiptar,Media / Publishing
68051678-b103-401d-8970-380f6d5e9382,Biura do Walki z Cyberprzestępczością,Biura do Walki z Cyberprzestępczością,biura do walki z cyberprzestępczością,False,biuro do walki z cyberprzestępczością,biuro do walki z cyberprzestępczością,Government / Public Administration
686c9480-66fa-4b48-ab5b-a429f97253d4,środkiem Badania Twórczości,środkiem Badania Twórczości,środkiem badania twórczości,False,środek badanie twórczość,środek badanie twórczość,Cultural Institution / Arts
6895085e-a1ee-4a20-b255-3ce7640d91ae,ry Ubezpieczeń,ry Ubezpieczeń,ry ubezpieczeń,False,ry ubezpieczenie,ry ubezpieczenie,Military / Defense / Security
68e096e7-6849-4988-a08c-5b7c838cf41a,Zespołu ds. technologii fotonicznych,Zespołu ds. technologii fotonicznych,zespołu ds. technologii fotonicznych,False,zespół do_spraw . technologia fotoniczny,zespół ds. technologia fotoniczny,Company / Business
6924165d-d793-4031-8f56-2a2f18cc5a57,Komisji Wychowania Katolickiego KEP,Komisji Wychowania Katolickiego KEP,komisji wychowania katolickiego kep,False,komisja wychowanie katolicki Ke_,komisja wychowanie katolicki Ke_,Government / Public Administration
696a75e2-d4b7-4966-901a-f06539087cdc,Miast Partner,Miast Partner,miast partner,False,miast partner,miast partner,Government / Public Administration
69734c2f-ca5f-4ce7-98b3-36494de2e15d,édération Internationale des Véhicules Anciens,édération Internationale des Véhicules Anciens,édération internationale des véhicules anciens,False,édération internationale des véhicules anciens,édération internationale des véhicules anciens,International Organization / EU
69af7010-6ef9-421a-a43e-506e2b3ba08d,Stowarzyszeniem Miast Króla Kazimierza,Stowarzyszeniem Miast Króla Kazimierza,stowarzyszeniem miast króla kazimierza,False,stowarzyszenie miast król Kazimierz,stowarzyszenie miast król Kazimierz,Government / Public Administration
69c7532a-cbb2-472e-b7bd-2c588ca8e39d,uni,uni,uni,False,unia,unia,International Organization / EU
6a6b35df-6ec3-4195-8ae9-fcce839488a0,Centralnej Komisji do Spraw,Centralnej Komisji do Spraw,centralnej komisji do spraw,False,centralny komisja do sprawa,centralny komisja do sprawa,Government / Public Administration
6a9b9698-2e04-4ab5-a2aa-65ad50cff896,Dom,Dom,dom,False,dom,dom,Cultural Institution / Arts
6be39b6c-b358-480b-96ad-fdf22881f13a,Unii Producentów i Pracodawców,Unii Producentów i Pracodawców,unii producentów i pracodawców,False,unia producent i pracodawca,unia producent i pracodawca,International Organization / EU
6bec346d-b4fd-4581-af5d-a53afee6510a,Ministra Edukacji Narodowej,Ministra Edukacji Narodowej,ministra edukacji narodowej,False,minister edukacja narodowy,minister edukacja narodowy,Government / Public Administration
6c34deed-af31-4aff-be00-c3c8a203567a,Szkołę,Szkołę,szkołę,False,szkoła,szkoła,Education (non-university)
6dfcecbe-2338-4ce2-8529-f861648d5765,BZE BELMA S.A.,BZE BELMA S.A.,bze belma s.a.,False,BZE belma spółka_akcyjna .,BZE belma spółka_akcyjna .,Company / Business
6e48b9db-0744-4900-b018-201202431e3f,Zdrowia Psychicznego,Zdrowia Psychicznego,zdrowia psychicznego,False,zdrowie psychiczny,zdrowie psychiczny,Health / Hospitals / Medical
6ea8e4bb-ff8f-48a8-8c39-2f6621251971,u Narodowego im. Ossolińskich,u Narodowego im. Ossolińskich,u narodowego im. ossolińskich,False,u narodowy on . ossoliński,u narodowy on . ossoliński,Government / Public Administration
6ea8e4bb-ff8f-48a8-8c39-2f6621251971,Muzeum Etnograficznego,Muzeum Etnograficznego,muzeum etnograficznego,False,muzeum etnograficzny,muzeum etnograficzny,Cultural Institution / Arts
6ea8e4bb-ff8f-48a8-8c39-2f6621251971,Państwowego Muzeum Etnograficznego,Państwowego Muzeum Etnograficznego,państwowego muzeum etnograficznego,False,państwowego muzeum etnograficzny,państwowego muzeum etnograficzny,Government / Public Administration
6ea8e4bb-ff8f-48a8-8c39-2f6621251971,Muzeum Polskiego,Muzeum Polskiego,muzeum polskiego,False,muzeum polski,muzeum polski,Cultural Institution / Arts
6ea8e4bb-ff8f-48a8-8c39-2f6621251971,Biblioteki Polskiej,Biblioteki Polskiej,biblioteki polskiej,False,biblioteka polski,biblioteka polski,Education (non-university)
6ea8e4bb-ff8f-48a8-8c39-2f6621251971,Muzeum im. Sikorskiego,Muzeum im. Sikorskiego,muzeum im. sikorskiego,False,muzeum on . Sikorski,muzeum on . Sikorski,Cultural Institution / Arts
6ea8e4bb-ff8f-48a8-8c39-2f6621251971,Festiwalu im. Brunona Schulza,Festiwalu im. Brunona Schulza,festiwalu im. brunona schulza,False,festiwal on . brunona schulz,festiwal on . brunona schulz,Cultural Institution / Arts
6ea8e4bb-ff8f-48a8-8c39-2f6621251971,uni,uni,uni,False,unia,unia,International Organization / EU
6ea8e4bb-ff8f-48a8-8c39-2f6621251971,TVP 2,TVP 2,tvp 2,False,TVP 2,TVP 2,Media / Publishing
6eabb820-e90f-4c92-8bd4-cc26020ee166,Centre for East European Studies,Centre for East European Studies,centre for east european studies,False,centre forówna East european Studies,centre forówna East european Studies,International Organization / EU
6ee36523-6d05-47e5-9d57-82d7eb5fccd4,Angionica Sp z o.o,Angionica Sp z o.o,angionica sp z o.o,False,angionica Sp z ograniczona_odpowiedzialność,angionica Sp z o.o.,Company / Business
6ef74075-ef43-491c-ad7a-fe8a0b25b5df,Zarząd,Zarząd,zarząd,False,zarząd,zarząd,Government / Public Administration
6f36df79-d20b-4376-b36a-37595fc014ff,Ambasady Rzeczpospolitej Polskiej,Ambasady Rzeczpospolitej Polskiej,ambasady rzeczpospolitej polskiej,False,ambasady Rzeczpospolita polski,ambasady Rzeczpospolita polski,Government / Public Administration
6f36df79-d20b-4376-b36a-37595fc014ff,Uni,Uni,uni,False,unia,unia,International Organization / EU
6f88fbae-c1d1-41fb-a12b-ba1242c2e663,Centrum Badawczo-Rozwojowym Novasome sp. z o. o.,Centrum Badawczo-Rozwojowym Novasome sp. z o. o.,centrum badawczo-rozwojowym novasome sp. z o. o.,False,centrum badawczo - rozwojowy novasome sa . z o . o .,centrum badawczo - rozwojowy novasome s.a. z o . o .,Company / Business
7032f7d7-c3aa-46c3-896d-ab6b8b42ea53,Minister,Minister,minister,False,minister,minister,Government / Public Administration
711c6886-9752-41e5-9c97-f0e791848a1c,Media,Media,media,False,media,media,Media / Publishing
711c6886-9752-41e5-9c97-f0e791848a1c,Wirtualne Media,Wirtualne Media,wirtualne media,False,wirtualne media,wirtualne media,Media / Publishing
712a8d11-cb04-4536-a816-711adb40dcb5,Związku Metropolitarnego woj,Związku Metropolitarnego woj,związku metropolitarnego woj,False,związek metropolitarny województwo,związek metropolitarny województwo,Government / Public Administration
712a8d11-cb04-4536-a816-711adb40dcb5,Urzędu Marszałkowskiego Woj,Urzędu Marszałkowskiego Woj,urzędu marszałkowskiego woj,False,urząd marszałkowski woj,urząd marszałkowski woj,Government / Public Administration
714a93cb-d92a-4da5-b919-e50fcc403bd3,Min. Edukacji,Min. Edukacji,min. edukacji,False,min . edukacja,min . edukacja,Education (non-university)
718ea51c-de3d-40b9-8733-36656a1a6923,Urzęd,Urzęd,urzęd,False,urzęd,urzęd,Government / Public Administration
718ea51c-de3d-40b9-8733-36656a1a6923,Miasta Rzeszowa,Miasta Rzeszowa,miasta rzeszowa,False,miasto Rzeszów,miasto Rzeszów,Government / Public Administration
718ea60c-52a2-41c0-b458-46e6fd48c90f,Fundusz,Fundusz,fundusz,False,fundusz,fundusz,Government / Public Administration
718ea60c-52a2-41c0-b458-46e6fd48c90f,Europejskie dla Nowoczesnej Gospodarki,Europejskie dla Nowoczesnej Gospodarki,europejskie dla nowoczesnej gospodarki,False,europejski dla nowoczesny gospodarka,europejski dla nowoczesny gospodarka,International Organization / EU
728c82b4-0708-4558-b321-f1b0bc6fcc65,Urzędu Morskiego,Urzędu Morskiego,urzędu morskiego,False,urząd morski,urząd morski,Government / Public Administration
73055289-aaa2-4d64-879d-1d7bb4fdb1cf,Muzeum Piastów Śląskich,Muzeum Piastów Śląskich,muzeum piastów śląskich,False,muzeum Piast śląski,muzeum Piast śląski,Cultural Institution / Arts
73055289-aaa2-4d64-879d-1d7bb4fdb1cf,Archiwum Państwowe,Archiwum Państwowe,archiwum państwowe,False,archiwum państwowy,archiwum państwowy,Government / Public Administration
733b2700-402d-4caf-bbe0-7754bf08df8e,Departamencie Innowacyjnym Adamedu,Departamencie Innowacyjnym Adamedu,departamencie innowacyjnym adamedu,False,departament innowacyjny adamed,departament innowacyjny adamed,NGO / Association / Foundation
733f6044-dcf2-4f15-b623-ebad9bb99ed7,Podstawowej,Podstawowej,podstawowej,False,podstawowy,podstawowy,Education (non-university)
734badf3-ccdc-4336-9ce4-d6c5da894fbe,UE Kat,UE Kat,ue kat,False,UE kat,UE kat,International Organization / EU
74217028-f3fb-4726-94db-4d1560ae2b68,Ministerstwem Rolnictwa,Ministerstwem Rolnictwa,ministerstwem rolnictwa,False,ministerstwo rolnictwo,ministerstwo rolnictwo,Government / Public Administration
7440291b-4772-476b-98d9-fc0d12dc0db2,parpa.pl,parpa.pl,parpa.pl,False,parpa.pl,parpa.pl,Government / Public Administration
7440291b-4772-476b-98d9-fc0d12dc0db2,Fundację „Potrafię Pomóc,Fundację „Potrafię Pomóc,fundację „potrafię pomóc,False,fundacja „ potrafię pomóc,fundacja „ potrafię pomóc,NGO / Association / Foundation
74b0497a-e5ec-4a7a-83a1-9be69725fc60,Fundacja Augusta hr. Cieszkowskiego,Fundacja Augusta hr. Cieszkowskiego,fundacja augusta hr. cieszkowskiego,False,fundacja augusta ho_tept . cieszkowski,fundacja augusta ho_tept . cieszkowski,NGO / Association / Foundation
74b0497a-e5ec-4a7a-83a1-9be69725fc60,Kronos TV,Kronos TV,kronos tv,False,kronos TV,kronos TV,Media / Publishing
74f32d3e-fc88-4e91-9af3-78b364d1dac9,Europejskiej,Europejskiej,europejskiej,False,europejski,europejski,International Organization / EU
7505a1b8-bab6-4e27-a375-35e584e4e063,WHO Expert Advisory Committee,WHO Expert Advisory Committee,who expert advisory committee,False,WHO expert advisory committee,WHO expert advisory committee,International Organization / EU
757ef994-dad9-4f53-859c-ed31fe109d3a,Dzienniku Urzędowym UE,Dzienniku Urzędowym UE,dzienniku urzędowym ue,False,dziennik urzędowy UE,dziennik urzędowy UE,Government / Public Administration
75a83357-ef05-481d-b87e-4f8731e9a32f,Białostockiej Szkoły Realnej,Białostockiej Szkoły Realnej,białostockiej szkoły realnej,False,białostocka szkoła reale,białostocka szkoła reale,Education (non-university)
75cc0f75-7619-4075-8101-22afdf33c99a,Regionalnej Dyrekcji Lasów Państwowych,Regionalnej Dyrekcji Lasów Państwowych,regionalnej dyrekcji lasów państwowych,False,regionalny dyrekcja las państwowy,regionalny dyrekcja las państwowy,Government / Public Administration
75cc0f75-7619-4075-8101-22afdf33c99a,Regionalna Dyrekcja Lasów Państwowych w Pil,Regionalna Dyrekcja Lasów Państwowych w Pil,regionalna dyrekcja lasów państwowych w pil,False,regionalny dyrekcja las państwowy w pil,regionalny dyrekcja las państwowy w pil,Government / Public Administration
75f1ea60-8581-4c63-b79d-1748cf05efd2,Zgromadzenie Związku Międzygminnego „Pilski Region Gospodarki Odpadami Komunalnymi,Zgromadzenie Związku Międzygminnego „Pilski Region Gospodarki Odpadami Komunalnymi,zgromadzenie związku międzygminnego „pilski region gospodarki odpadami komunalnymi,False,zgromadzenie związek międzygminny „ pilski region gospodarka odpad komunalny,zgromadzenie związek międzygminny „ pilski region gospodarka odpad komunalny,Government / Public Administration
75fa650c-cc8b-4de3-8cd3-7bc1b053c004,a Obywatelska,a Obywatelska,a obywatelska,False,a obywatelski,a obywatelski,NGO / Association / Foundation
76165434-d85a-4206-acc5-0dae5ed70956,Portalu Informacji Kulturalnej WDK,Portalu Informacji Kulturalnej WDK,portalu informacji kulturalnej wdk,False,portale informacja kulturalna Wd_y_szap,portale informacja kulturalna Wd_y_szap,Cultural Institution / Arts
76165434-d85a-4206-acc5-0dae5ed70956,Centrum Wsparcia Językowego dla Obywatela i Urzędnika,Centrum Wsparcia Językowego dla Obywatela i Urzędnika,centrum wsparcia językowego dla obywatela i urzędnika,False,centrum wsparcia językow dla obywatel i urzędnik,centrum wsparcia językow dla obywatel i urzędnik,Government / Public Administration
76300814-f4fd-492e-a6bc-6ca0cff24812,Muzeum-Rezerwat „B,Muzeum-Rezerwat „B,muzeum-rezerwat „b,False,muzeum - rezerwat „ B,muzeum - rezerwat „ B,Cultural Institution / Arts
777bf281-9ef7-42a2-afcd-9f3b7df024e2,Biuro Zarządzania Częstotliwościami,Biuro Zarządzania Częstotliwościami,biuro zarządzania częstotliwościami,False,biuro zarządzanie częstotliwość,biuro zarządzanie częstotliwość,Government / Public Administration
78fee3fa-bad9-4065-bad6-54b3c480891b,Autostrada Technologii i Innowacyjności,Autostrada Technologii i Innowacyjności,autostrada technologii i innowacyjności,False,autostrada technologia i innowacyjność,autostrada technologia i innowacyjność,Government / Public Administration
79063db0-9852-4a50-a596-c1d23b9b9c8e,Państwa,Państwa,państwa,False,państwo,państwo,Government / Public Administration
79063db0-9852-4a50-a596-c1d23b9b9c8e,ZRP,ZRP,zrp,False,ZRP,ZRP,Government / Public Administration
79c7d98c-b3dc-4d2d-bc8c-a018900e138f,Ministrów,Ministrów,ministrów,False,minister,minister,Government / Public Administration
79c7d98c-b3dc-4d2d-bc8c-a018900e138f,Minister,Minister,minister,False,minister,minister,Government / Public Administration
7a45b189-8ba9-4d14-8914-be5db25a305b,Narodowej,Narodowej,narodowej,False,narodowy,narodowy,Government / Public Administration
7a68d3b5-fd97-4b86-a976-bcea283a2d09,Archiwum Państwowe,Archiwum Państwowe,archiwum państwowe,False,archiwum państwowy,archiwum państwowy,Government / Public Administration
7a68d3b5-fd97-4b86-a976-bcea283a2d09,Reunion 68,Reunion 68,reunion 68,False,reunion 68,reunion 68,International Organization / EU
7b128818-276b-4f4b-823c-7622b3cc4af9,Państwową spółką,Państwową spółką,państwową spółką,False,państwowy spółka,państwowy spółka,Government / Public Administration
7b164840-95c1-4edd-bcc5-204241da0edf,"Zakład Technologii Wysokoenergetycznych EXPLOMET Gałka, Szulc sp.","Zakład Technologii Wysokoenergetycznych EXPLOMET Gałka, Szulc sp.","zakład technologii wysokoenergetycznych explomet gałka, szulc sp.",False,"zakład technologia wysokoenergetyczny explomet gałka , Szulc sa .","zakład technologia wysokoenergetyczny explomet gałka , Szulc s.a.",Company / Business
7b87fd3b-f010-4bd7-afe3-51fe5f2a75b3,Kultury,Kultury,kultury,False,kultura,kultura,Cultural Institution / Arts
7b87fd3b-f010-4bd7-afe3-51fe5f2a75b3,Dziedzictwa Narodowego,Dziedzictwa Narodowego,dziedzictwa narodowego,False,dziedzictwo narodowy,dziedzictwo narodowy,Government / Public Administration
7b87fd3b-f010-4bd7-afe3-51fe5f2a75b3,ctwa Narodowego,ctwa Narodowego,ctwa narodowego,False,ctwa narodowy,ctwa narodowy,Government / Public Administration
7c3c958a-4fa1-4504-9255-4e40024d303f,SP RP,SP RP,sp rp,False,SP RP,SP RP,Government / Public Administration
7cbdbc05-e4f6-4f34-a00e-cd14d5899426,Zarządu Głównego Stowarzyszenia Konserwatorów Zabytków,Zarządu Głównego Stowarzyszenia Konserwatorów Zabytków,zarządu głównego stowarzyszenia konserwatorów zabytków,False,zarząd główny stowarzyszenie konserwator zabytków,zarząd główny stowarzyszenie konserwator zabytków,Government / Public Administration
7cc6bb99-dff1-4c2a-8316-18967e2f811d,Olszewsky sp. z o.o,Olszewsky sp. z o.o,olszewsky sp. z o.o,False,olszewsky sa . z ograniczona_odpowiedzialność,olszewsky s.a. z o.o.,Company / Business
7cecda03-4491-4256-a78a-bbfbc4224302,Historisch-Technische Museum Penemünde,Historisch-Technische Museum Penemünde,historisch-technische museum penemünde,False,historisch - technische museum penemünde,historisch - technische museum penemünde,Government / Public Administration
7cecda03-4491-4256-a78a-bbfbc4224302,Muzeum Żydów Polskich Polin,Muzeum Żydów Polskich Polin,muzeum żydów polskich polin,False,muzeum Żyd polski polin,muzeum Żyd polski polin,Cultural Institution / Arts
7cecda03-4491-4256-a78a-bbfbc4224302,muzeum,muzeum,muzeum,False,muzeum,muzeum,Cultural Institution / Arts
7cecda03-4491-4256-a78a-bbfbc4224302,Muzeum Powstania,Muzeum Powstania,muzeum powstania,False,muzeum powstanie,muzeum powstanie,Cultural Institution / Arts
7d5f32dc-dfab-4e06-88ea-a34e6c750a18,Europejski,Europejski,europejski,False,europejski,europejski,International Organization / EU
7db85b78-e7d8-4f28-a759-dd5364f50fa5,Polskiej Rady Chrześcijan i Żydów,Polskiej Rady Chrześcijan i Żydów,polskiej rady chrześcijan i żydów,False,polski rada chrześcijan i Żyd,polski rada chrześcijan i Żyd,Government / Public Administration
7dca12f9-481d-4956-97f6-75bf9ec618ad,Zespole Szkół Salezjańskich,Zespole Szkół Salezjańskich,zespole szkół salezjańskich,False,zespołe szkoła salezjański,zespołe szkoła salezjański,Education (non-university)
7dca12f9-481d-4956-97f6-75bf9ec618ad,społu Szkół,społu Szkół,społu szkół,False,społo szkoła,społo szkoła,Education (non-university)
7dca12f9-481d-4956-97f6-75bf9ec618ad,łu szkolno-przedszkolnego,łu szkolno-przedszkolnego,łu szkolno-przedszkolnego,False,łu szkolny - przedszkolnigo,łu szkolny - przedszkolnigo,Education (non-university)
7dca12f9-481d-4956-97f6-75bf9ec618ad,Zespołem Szkół Salezjańskich,Zespołem Szkół Salezjańskich,zespołem szkół salezjańskich,False,zespoło szkoła salezjański,zespoło szkoła salezjański,Education (non-university)
7dca12f9-481d-4956-97f6-75bf9ec618ad,Zespołem Szkolno-przedszkolnym,Zespołem Szkolno-przedszkolnym,zespołem szkolno-przedszkolnym,False,zespoło szkolno - przedszkolny,zespoło szkolno - przedszkolny,Education (non-university)
7e662bf5-91b6-4c68-9261-efd01f197376,Muzeami Narodowymi,Muzeami Narodowymi,muzeami narodowymi,False,muzea narodowymi,muzea narodowymi,Government / Public Administration
7e662bf5-91b6-4c68-9261-efd01f197376,Światowego Dziedzictwa,Światowego Dziedzictwa,światowego dziedzictwa,False,światowy dziedzictwo,światowy dziedzictwo,International Organization / EU
7ee2edb2-694e-4f45-98f6-a8eb0cc30120,Dział Konserwacji Państwowego Muzeum Auschwitz-Birkenau,Dział Konserwacji Państwowego Muzeum Auschwitz-Birkenau,dział konserwacji państwowego muzeum auschwitz-birkenau,False,dział konserwacje państwowego muzeum auschwitz - birkena,dział konserwacje państwowego muzeum auschwitz - birkena,Government / Public Administration
7fa93f9b-a6e6-4a71-a56a-d6985ef5fd6f,Praxis Automation Technology B.V.,Praxis Automation Technology B.V.,praxis automation technology b.v.,False,praxis automation Technology bo_spram .,praxis automation Technology bo_spram .,Company / Business
7ff8f7d4-a6c5-4d00-a416-6be5a1a45d91,VAST.Rehab European Training Center UG,VAST.Rehab European Training Center UG,vast.rehab european training center ug,False,vast . rehab european training center UG,vast . rehab european training center UG,International Organization / EU
8003403b-92ca-4753-b244-fed5e9d45180,Towarzystwo Edukacyjne Wiedza Powszechna,Towarzystwo Edukacyjne Wiedza Powszechna,towarzystwo edukacyjne wiedza powszechna,False,towarzystwo edukacyjne wiedza powszechna,towarzystwo edukacyjne wiedza powszechna,NGO / Association / Foundation
8003403b-92ca-4753-b244-fed5e9d45180,InnoSi,InnoSi,innosi,False,innoS,innoS,NGO / Association / Foundation
808e0d95-16a4-494f-8fc1-dc4476a2023e,Urzęd,Urzęd,urzęd,False,urzęd,urzęd,Government / Public Administration
808e0d95-16a4-494f-8fc1-dc4476a2023e,Unii Europejskiej d,Unii Europejskiej d,unii europejskiej d,False,unia europejski dawny,unia europejski dawny,International Organization / EU
80ce22d5-510c-4c1b-a2bf-9358e6547bdb,Komitet Budowy Ośrodka Zdrowia,Komitet Budowy Ośrodka Zdrowia,komitet budowy ośrodka zdrowia,False,komitet budowa ośrodek zdrowie,komitet budowa ośrodek zdrowie,Health / Hospitals / Medical
811f74c2-13c9-48f8-bdfe-e24ab7534721,Creator sp. z o.o.,Creator sp. z o.o.,creator sp. z o.o.,False,creator sa . z ograniczona_odpowiedzialność .,creator s.a. z o.o.,Company / Business
8328f984-d095-44b0-800d-2482e7175329,Biuro Wystaw Artystycznych,Biuro Wystaw Artystycznych,biuro wystaw artystycznych,False,biuro wystaw artystyczny,biuro wystaw artystyczny,Cultural Institution / Arts
83979ec0-422c-436e-90ba-9f328519f3e0,Narodową Fundacją Ochrony Środowiska,Narodową Fundacją Ochrony Środowiska,narodową fundacją ochrony środowiska,False,narodową fundacją ochrona środowisko,narodową fundacją ochrona środowisko,Government / Public Administration
843d3d44-a8d7-4b0f-a31b-435725fcc472,BUMAR sp. z o.o,BUMAR sp. z o.o,bumar sp. z o.o,False,bumar sa . z ograniczona_odpowiedzialność,bumar s.a. z o.o.,Company / Business
843d3d44-a8d7-4b0f-a31b-435725fcc472,BUMAR Sp. z o.o.,BUMAR Sp. z o.o.,bumar sp. z o.o.,False,bumar Sp . z ograniczona_odpowiedzialność .,bumar Sp . z o.o.,Company / Business
845d01a4-24ca-4f54-a77f-eed847130c53,Frisko,Frisko,frisko,False,frisko,frisko,Government / Public Administration
8489acb3-2df0-440e-abff-2b77f8c2757a,Wojewódzkiej Stacji Pogotowia Ratunkowego,Wojewódzkiej Stacji Pogotowia Ratunkowego,wojewódzkiej stacji pogotowia ratunkowego,False,wojewódzki stacji pogotowie ratunkowy,wojewódzki stacji pogotowie ratunkowy,Government / Public Administration
84e431a1-8eff-4ce8-80e8-12989132a3f8,SALUBRIS Sp. z o.o. Sp. k,SALUBRIS Sp. z o.o. Sp. k,salubris sp. z o.o. sp. k,False,salubris Sp . z ograniczona_odpowiedzialność . Sp . kodeks,salubris Sp . z o.o. Sp . kodeks,Government / Public Administration
85186452-e77c-4dfb-8429-edd2961374ff,Ubiedrze Sp. z o.o,Ubiedrze Sp. z o.o,ubiedrze sp. z o.o,False,ubiedrze Sp . z ograniczona_odpowiedzialność,ubiedrze Sp . z o.o.,Company / Business
85186452-e77c-4dfb-8429-edd2961374ff,Wojewódzki,Wojewódzki,wojewódzki,False,wojewódzki,wojewódzki,Government / Public Administration
8590e1e7-5938-414f-bffc-c936f44cbd95,Council of European Energy Regulation,Council of European Energy Regulation,council of european energy regulation,False,council of european energy regulation,council of european energy regulation,International Organization / EU
85b81f1d-9d0c-4121-a375-bc48869d42df,Kurii Diecezjalnej,Kurii Diecezjalnej,kurii diecezjalnej,False,kuria diecezjalna,kuria diecezjalna,Religious Organization
85b81f1d-9d0c-4121-a375-bc48869d42df,SIEĆ PARKÓW ENERGII SŁONECZNEJ Sp. z o.o.,SIEĆ PARKÓW ENERGII SŁONECZNEJ Sp. z o.o.,sieć parków energii słonecznej sp. z o.o.,False,sieć park ENERGII słódeczny Sp . z ograniczona_odpowiedzialność .,sieć park ENERGII słódeczny Sp . z o.o.,Company / Business
8657d8ed-ef76-449c-b327-4a82e8eb6c61,Międzynarodowe Centrum Kultury,Międzynarodowe Centrum Kultury,międzynarodowe centrum kultury,False,międzynarodowy centrum kultura,międzynarodowy centrum kultura,Government / Public Administration
87042058-3e44-49f3-aa35-743f0cd4ba52,Sądami Rejonowymi,Sądami Rejonowymi,sądami rejonowymi,False,sąd rejonowy,sąd rejonowy,Government / Public Administration
87042058-3e44-49f3-aa35-743f0cd4ba52,Wiadomości Ubezpieczeniowe,Wiadomości Ubezpieczeniowe,wiadomości ubezpieczeniowe,False,wiadomość ubezpieczeniowe,wiadomość ubezpieczeniowe,Cultural Institution / Arts
87099377-0eb1-47f7-acb1-8f32a18dca93,Radiat Oncol,Radiat Oncol,radiat oncol,False,radiat oncol,radiat oncol,Media / Publishing
874160ee-59a6-4cfc-8b3c-591eb0e1efa2,Muzeum Powstania,Muzeum Powstania,muzeum powstania,False,muzeum powstanie,muzeum powstanie,Cultural Institution / Arts
874160ee-59a6-4cfc-8b3c-591eb0e1efa2,Muzeum Historii Żyd,Muzeum Historii Żyd,muzeum historii żyd,False,muzeum historia Żyd,muzeum historia Żyd,Cultural Institution / Arts
8743d58b-6082-469b-8a1f-7145a9a704dd,Polskiego Towarzystwa Rehabilitacji,Polskiego Towarzystwa Rehabilitacji,polskiego towarzystwa rehabilitacji,False,polski towarzystwo rehabilitacja,polski towarzystwo rehabilitacja,NGO / Association / Foundation
8743d58b-6082-469b-8a1f-7145a9a704dd,Polskiego Towarzystwa Biomechaniki,Polskiego Towarzystwa Biomechaniki,polskiego towarzystwa biomechaniki,False,polski towarzystwo biomechanik,polski towarzystwo biomechanik,NGO / Association / Foundation
8753c575-30cc-43e2-8de8-5a484cab251a,Muzeum Za,Muzeum Za,muzeum za,False,muzeum za,muzeum za,Cultural Institution / Arts
87a90e86-e4b1-4d2e-a0d0-d33988808259,Fundację Wspomagającą Wychowanie „Archezja,Fundację Wspomagającą Wychowanie „Archezja,fundację wspomagającą wychowanie „archezja,False,fundacja wspomagający wychowanie „ archezja,fundacja wspomagający wychowanie „ archezja,NGO / Association / Foundation
87a90e86-e4b1-4d2e-a0d0-d33988808259,Fundacji Wspomagającej Wychowanie „Archezja,Fundacji Wspomagającej Wychowanie „Archezja,fundacji wspomagającej wychowanie „archezja,False,fundacja wspomaćającyj wychowanie „ archezja,fundacja wspomaćającyj wychowanie „ archezja,NGO / Association / Foundation
895f53fd-5dac-4834-9fb6-b8b3d301aadd,W. Mech. UTH Radom,W. Mech. UTH Radom,w. mech. uth radom,False,w . mech . gthina_b radom,w . mech . gthina_b radom,Cultural Institution / Arts
8a6a108a-3f12-49ba-a4c8-701e07b0ce7e,Gazecie Wrocławskiej,Gazecie Wrocławskiej,gazecie wrocławskiej,False,gazeta wrocławski,gazeta wrocławski,Media / Publishing
8a8d3cfb-f33f-45ec-a5b6-2e837bc11d99,Ministra Rodziny i Polityki Społecznej,Ministra Rodziny i Polityki Społecznej,ministra rodziny i polityki społecznej,False,minister rodzina i polityka społeczny,minister rodzina i polityka społeczny,Government / Public Administration
8abb97ab-da22-4e1b-974a-101822c25140,ji Episkopatu Polski,ji Episkopatu Polski,ji episkopatu polski,False,ja episkopat Polska,ja episkopat Polska,Religious Organization
8ac1daff-316c-46b3-ae41-16cacd7e4e0a,FABA. S.A.,FABA. S.A.,faba. s.a.,False,faba . spółka_akcyjna .,faba . spółka_akcyjna .,Company / Business
8ac1daff-316c-46b3-ae41-16cacd7e4e0a,ABWood sp.,ABWood sp.,abwood sp.,False,abwood sa .,abwood s.a.,Company / Business
8ac1daff-316c-46b3-ae41-16cacd7e4e0a,Swedwood Wielbark sp.,Swedwood Wielbark sp.,swedwood wielbark sp.,False,swedwood wielbark sa .,swedwood wielbark s.a.,Company / Business
8ac1daff-316c-46b3-ae41-16cacd7e4e0a,Łąccy Kołczygłowy sp.,Łąccy Kołczygłowy sp.,łąccy kołczygłowy sp.,False,łąccy kołczygłowy sa .,łąccy kołczygłowy s.a.,Company / Business
8ad17856-ab9b-4ae7-a2a2-61975d5b79fb,Zach-pom. Urząd Wo.,Zach-pom. Urząd Wo.,zach-pom. urząd wo.,False,zach - pom . urząd wo .,zach - pom . urząd wo .,Government / Public Administration
8ad17856-ab9b-4ae7-a2a2-61975d5b79fb,zaplinecki Ośrodek Kultury,zaplinecki Ośrodek Kultury,zaplinecki ośrodek kultury,False,zaplinecki ośrodek kultura,zaplinecki ośrodek kultura,Cultural Institution / Arts
8ad5d5e1-8920-4947-9dc0-4e377309b27a,natechnology,natechnology,natechnology,False,natechnology,natechnology,Company / Business
8ad5d5e1-8920-4947-9dc0-4e377309b27a,QNA Technology,QNA Technology,qna technology,False,tna Technology,tna Technology,Company / Business
8bfaec50-d848-4b04-a372-043132816d6f,Instytucie Onkologii,Instytucie Onkologii,instytucie onkologii,False,instytut onkologii,instytut onkologii,Health / Hospitals / Medical
8d080de0-1e52-49fb-a794-e4ffe4aae7a2,Rozwoju i Technologii,Rozwoju i Technologii,rozwoju i technologii,False,rozwój i technologia,rozwój i technologia,Company / Business
8d55e719-208b-4b3f-bcee-17443b35ca45,Fundację SPRZYMIERZENI z GROM,Fundację SPRZYMIERZENI z GROM,fundację sprzymierzeni z grom,False,fundacja Sprzemierzenie z grom,fundacja Sprzemierzenie z grom,NGO / Association / Foundation
8dfa1d10-70c7-429a-98c4-cf1f7a549cd3,Zakładem Ubezpieczeń Społecznych,Zakładem Ubezpieczeń Społecznych,zakładem ubezpieczeń społecznych,False,zakładem ubezpieczenie społeczny,zakładem ubezpieczenie społeczny,Military / Defense / Security
8e0f0fba-b6c0-4a25-aa8b-50b9aa6d8989,Ministra Spraw Zagranicznych RP,Ministra Spraw Zagranicznych RP,ministra spraw zagranicznych rp,False,minister sprawa zagraniczny RP,minister sprawa zagraniczny RP,Government / Public Administration
8e0f0fba-b6c0-4a25-aa8b-50b9aa6d8989,cji Narodowej,cji Narodowej,cji narodowej,False,cjo narodowy,cjo narodowy,Government / Public Administration
8e0f0fba-b6c0-4a25-aa8b-50b9aa6d8989,Ministerstwo Kultury,Ministerstwo Kultury,ministerstwo kultury,False,ministerstwo kultura,ministerstwo kultura,Government / Public Administration
8e60f966-d166-47fb-8eaf-a0f3488f0392,Stowarzyszenia Polskich Wy,Stowarzyszenia Polskich Wy,stowarzyszenia polskich wy,False,stowarzyszenie polski wy,stowarzyszenie polski wy,NGO / Association / Foundation
8f280890-dd61-4836-9f37-9a9798eb516f,Podlaskim Oddziale Stowarzyszenia „Wspólnota Polska,Podlaskim Oddziale Stowarzyszenia „Wspólnota Polska,podlaskim oddziale stowarzyszenia „wspólnota polska,False,podlaskim oddziale stowarzyszenie „ wspólnota Polska,podlaskim oddziale stowarzyszenie „ wspólnota Polska,NGO / Association / Foundation
8f280890-dd61-4836-9f37-9a9798eb516f,Polskiej Macierzy Szkolnej na Białorusi,Polskiej Macierzy Szkolnej na Białorusi,polskiej macierzy szkolnej na białorusi,False,polski macierzy szkolnej na Białoruś,polski macierzy szkolnej na Białoruś,Education (non-university)
8f280890-dd61-4836-9f37-9a9798eb516f,Konsulacie Generalnym RP,Konsulacie Generalnym RP,konsulacie generalnym rp,False,konsulacie generalny RP,konsulacie generalny RP,Government / Public Administration
8f280890-dd61-4836-9f37-9a9798eb516f,Ambasadzie RP,Ambasadzie RP,ambasadzie rp,False,ambasadzie RP,ambasadzie RP,Government / Public Administration
8f280890-dd61-4836-9f37-9a9798eb516f,Podlaskiego Oddziału Stowarzyszenia „Wspólnota Polska,Podlaskiego Oddziału Stowarzyszenia „Wspólnota Polska,podlaskiego oddziału stowarzyszenia „wspólnota polska,False,podlaski oddziału stowarzyszenie „ wspólnota Polska,podlaski oddziału stowarzyszenie „ wspólnota Polska,NGO / Association / Foundation
8f280890-dd61-4836-9f37-9a9798eb516f,III Liceum Ogólnokształcącego,III Liceum Ogólnokształcącego,iii liceum ogólnokształcącego,False,III liceum ogólnokształcący,III liceum ogólnokształcący,Education (non-university)
8f897d20-0e82-4739-b0bd-3d6c9e662f6c,NNT Sp. Z o.o,NNT Sp. Z o.o,nnt sp. z o.o,False,naterciet Sp . z ograniczona_odpowiedzialność,naterciet Sp . z o.o.,Company / Business
905e916b-88c5-47d2-94d7-77273aa78807,Urzęd,Urzęd,urzęd,False,urzęd,urzęd,Government / Public Administration
905e916b-88c5-47d2-94d7-77273aa78807,Wojewódzki,Wojewódzki,wojewódzki,False,wojewódzki,wojewódzki,Government / Public Administration
92881623-33f1-4f81-92ef-ded98abc1c8d,Rząd RP,Rząd RP,rząd rp,False,rząd RP,rząd RP,Government / Public Administration
92e25ef2-45ef-4d7a-9181-946dbaf9de51,e Wydawnictwo Ekonomiczne,e Wydawnictwo Ekonomiczne,e wydawnictwo ekonomiczne,False,e wydawnictwo ekonomiczne,e wydawnictwo ekonomiczne,Media / Publishing
9361d1a8-a8b0-4d05-bcc5-fde5ed217466,Stowarzyszenie „Miasta w Internecie,Stowarzyszenie „Miasta w Internecie,stowarzyszenie „miasta w internecie,False,stowarzyszenie „ miasto w Internet,stowarzyszenie „ miasto w Internet,Government / Public Administration
9361d1a8-a8b0-4d05-bcc5-fde5ed217466,Konsulatu Generalnego USA,Konsulatu Generalnego USA,konsulatu generalnego usa,False,konsulat generalny USA,konsulat generalny USA,Government / Public Administration
9393fa69-5122-4125-9516-a7cce5be4074,"Ministerstwa: Finansów, Rozwoju, Cyfryzacji, Infrastruktury","Ministerstwa: Finansów, Rozwoju, Cyfryzacji, Infrastruktury","ministerstwa: finansów, rozwoju, cyfryzacji, infrastruktury",False,"ministerstwo : finanse , rozwój , cyfryzacja , infrastruktury","ministerstwo : finanse , rozwój , cyfryzacja , infrastruktury",Government / Public Administration
93b046dd-3629-443a-b1c2-718624a36cf4,Urząd Statystyczny,Urząd Statystyczny,urząd statystyczny,False,urząd statystyczny,urząd statystyczny,Government / Public Administration
93b046dd-3629-443a-b1c2-718624a36cf4,Narod,Narod,narod,False,narod,narod,Government / Public Administration
93b046dd-3629-443a-b1c2-718624a36cf4,Ministerstwo właściwe ds. turystyki,Ministerstwo właściwe ds. turystyki,ministerstwo właściwe ds. turystyki,False,ministerstwo właściwy do_spraw . turystyka,ministerstwo właściwy ds. turystyka,Government / Public Administration
93bf6b05-bf3b-4679-b7b5-88f697ba5f2d,Urzędów Morskich,Urzędów Morskich,urzędów morskich,False,urząd morski,urząd morski,Government / Public Administration
941d6833-0375-4017-9b37-cd790d03cbab,Ministerstwa Infrastruktury i Budownictwa,Ministerstwa Infrastruktury i Budownictwa,ministerstwa infrastruktury i budownictwa,False,ministerstwo infrastruktury i budownictwo,ministerstwo infrastruktury i budownictwo,Government / Public Administration
944efa15-8c48-4fea-899f-e2547aed0e6f,Miejskim Ośrodku Kultury,Miejskim Ośrodku Kultury,miejskim ośrodku kultury,False,miejski ośrodek kultura,miejski ośrodek kultura,Cultural Institution / Arts
94c61004-be4a-48c8-811d-33dcf4d45850,Ministra,Ministra,ministra,False,minister,minister,Government / Public Administration
9552300e-5d1a-4ed3-aee4-dd6c78537026,Holistycznej Agencji Eskapistycznej,Holistycznej Agencji Eskapistycznej,holistycznej agencji eskapistycznej,False,holistyczna agencja eskaptyczyczna,holistyczna agencja eskaptyczyczna,Government / Public Administration
9552300e-5d1a-4ed3-aee4-dd6c78537026,„Nowe Książki”,Nowe Książki,nowe książki,False,nowy książka,nowy książka,Cultural Institution / Arts
95940a1e-bddb-4adc-9b34-3962ff22e377,NATO MP COE,NATO MP COE,nato mp coe,False,NATO MP coc,NATO MP coc,International Organization / EU
95bc9767-f8e3-46d0-a1d0-b6f0c24c130d,Kliniką Onkologii i Hematologii Dziecięcej,Kliniką Onkologii i Hematologii Dziecięcej,kliniką onkologii i hematologii dziecięcej,False,kliniką onkologii i hematologia dziecięca,kliniką onkologii i hematologia dziecięca,Health / Hospitals / Medical
95bc9767-f8e3-46d0-a1d0-b6f0c24c130d,Centrum Onkologii,Centrum Onkologii,centrum onkologii,False,centrum onkologii,centrum onkologii,Health / Hospitals / Medical
95bc9767-f8e3-46d0-a1d0-b6f0c24c130d,Europe,Europe,europe,False,europe,europe,International Organization / EU
95bc9767-f8e3-46d0-a1d0-b6f0c24c130d,jskim Towarzystwem Onkologii Dziecięcej,jskim Towarzystwem Onkologii Dziecięcej,jskim towarzystwem onkologii dziecięcej,False,jsko towarzystwo onkologii dziecięca,jsko towarzystwo onkologii dziecięca,NGO / Association / Foundation
95e53a6b-8dee-43e7-ae41-c105d569bc0d,pitalu Narodowym,pitalu Narodowym,pitalu narodowym,False,pital narodowy,pital narodowy,Government / Public Administration
95e53a6b-8dee-43e7-ae41-c105d569bc0d,Uniwersyteckim Szpitalu Dziecięcym,Uniwersyteckim Szpitalu Dziecięcym,uniwersyteckim szpitalu dziecięcym,False,uniwersytecki szpital dziecięcym,uniwersytecki szpital dziecięcym,Health / Hospitals / Medical
95e53a6b-8dee-43e7-ae41-c105d569bc0d,Szpitalu Czerniakowski,Szpitalu Czerniakowski,szpitalu czerniakowski,False,szpital czerniakowski,szpital czerniakowski,Health / Hospitals / Medical
95e53a6b-8dee-43e7-ae41-c105d569bc0d,Szpitalu Powiatowym im. Jana Mikuli,Szpitalu Powiatowym im. Jana Mikuli,szpitalu powiatowym im. jana mikuli,False,szpital powiatowym on . Jan mikula,szpital powiatowym on . Jan mikula,Government / Public Administration
9657a3c2-b569-4904-bf98-292d75a6d1e1,Domem Literatur,Domem Literatur,domem literatur,False,dom literatur,dom literatur,Cultural Institution / Arts
966a16f8-b4f9-4722-9689-7303f385ae69,Rzecznikiem Praw Dziecka,Rzecznikiem Praw Dziecka,rzecznikiem praw dziecka,False,rzecznik prawo dziecko,rzecznik prawo dziecko,Government / Public Administration
967bcd95-bb1a-4258-8b96-c37fe1b5a95a,Wojewódzki,Wojewódzki,wojewódzki,False,wojewódzki,wojewódzki,Government / Public Administration
967bcd95-bb1a-4258-8b96-c37fe1b5a95a,Miejskiej Biblioteki Publicznej,Miejskiej Biblioteki Publicznej,miejskiej biblioteki publicznej,False,miejski biblioteka publiczna,miejski biblioteka publiczna,Education (non-university)
96fd9bf3-b8c3-4db6-9003-666b5acfa30f,Centrum Edukacji,Centrum Edukacji,centrum edukacji,False,centrum edukacja,centrum edukacja,Education (non-university)
97451bd9-3c2a-4328-8f4a-c4ec24240e52,Dzieła Pomocy „Ad Gentes”,Dzieła Pomocy „Ad Gentes,dzieła pomocy „ad gentes,False,dzieło pomoc „ ad gentes,dzieło pomoc „ ad gentes,NGO / Association / Foundation
975a716a-563c-49d4-a0ad-9d14cd54b855,Biblioteką Miejską w Ł,Biblioteką Miejską w Ł,biblioteką miejską w ł,False,biblioteka miejski w ł,biblioteka miejski w ł,Education (non-university)
978bef36-5b0a-4f94-bb1d-d6732486bb7b,raportcsr.,raportcsr.,raportcsr.,False,raportcsr .,raportcsr .,Company / Business
97bf32d3-0d09-4547-bb1f-576090f3c3a9,"itet Bezpieczeństwa Żeglugi, Radiokomunikacji, Poszukiwania i Ratownictwa","itet Bezpieczeństwa Żeglugi, Radiokomunikacji, Poszukiwania i Ratownictwa","itet bezpieczeństwa żeglugi, radiokomunikacji, poszukiwania i ratownictwa",False,"itet bezpieczeństwo żeglugi , radiokomunikacja , poszukiwanie i ratownictwo","itet bezpieczeństwo żeglugi , radiokomunikacja , poszukiwanie i ratownictwo",Media / Publishing
97e2455c-8cdf-4f32-97c5-3c3fb4bf7548,Zarząd Główny,Zarząd Główny,zarząd główny,False,zarząd główny,zarząd główny,Government / Public Administration
982a7440-3840-4922-9a22-4f9533d74854,Towarzystwem Społeczno-Kulturalnym Niemców na Śląsku Opolski,Towarzystwem Społeczno-Kulturalnym Niemców na Śląsku Opolski,towarzystwem społeczno-kulturalnym niemców na śląsku opolski,False,towarzystwo społeczno - kulturalnym Niemiec na Śląsk opolski,towarzystwo społeczno - kulturalnym Niemiec na Śląsk opolski,NGO / Association / Foundation
982a7440-3840-4922-9a22-4f9533d74854,Galerią Sztuki Współczesnej w Op,Galerią Sztuki Współczesnej w Op,galerią sztuki współczesnej w op,False,galerią sztuka współczesny w on,galerią sztuka współczesny w on,Cultural Institution / Arts
982c1e52-2795-4efe-a308-69ccdcf0f063,Muzeum Techniki i Komunikacji,Muzeum Techniki i Komunikacji,muzeum techniki i komunikacji,False,muzeum technika i komunikacja,muzeum technika i komunikacja,Cultural Institution / Arts
9858705e-8101-4097-b122-e7fa6c3c214a,owieckiego Samorządowego Centrum Doskonalenia Nauczycieli,owieckiego Samorządowego Centrum Doskonalenia Nauczycieli,owieckiego samorządowego centrum doskonalenia nauczycieli,False,owiecki samorządowy centrum doskonalenie nauczycieli,owiecki samorządowy centrum doskonalenie nauczycieli,Government / Public Administration
986ae04f-4c84-4654-ac44-5566752dc455,u Światowego,u Światowego,u światowego,False,u światowy,u światowy,International Organization / EU
986ae04f-4c84-4654-ac44-5566752dc455,"Ministerstw: Rozwoju, Pracy i Technologii","Ministerstw: Rozwoju, Pracy i Technologii","ministerstw: rozwoju, pracy i technologii",False,"ministerstwo : rozwój , praca i technologia","ministerstwo : rozwój , praca i technologia",Government / Public Administration
99828e4e-28b8-4b36-bab6-92488b3a8e4a,Eurogrupa,Eurogrupa,eurogrupa,False,eurogrupa,eurogrupa,Company / Business
99e612dc-4054-4e7f-8673-ea9583f2ddb5,Ministra Kultury i Dziedzictwa Narodowego,Ministra Kultury i Dziedzictwa Narodowego,ministra kultury i dziedzictwa narodowego,False,minister kultura i dziedzictwo narodowy,minister kultura i dziedzictwo narodowy,Government / Public Administration
99e612dc-4054-4e7f-8673-ea9583f2ddb5,Muzeum Etnograficzne w,Muzeum Etnograficzne w,muzeum etnograficzne w,False,muzeum etnograficzne w,muzeum etnograficzne w,Cultural Institution / Arts
9a450136-0369-4c7a-bf45-eae2a71e6bf9,KMP Policji,KMP Policji,kmp policji,False,KMP policja,KMP policja,Military / Defense / Security
9a8958a7-a2dd-4fab-805c-832a6c4bad15,u Ubezpieczeń Społecznych,u Ubezpieczeń Społecznych,u ubezpieczeń społecznych,False,u ubezpieczenie społeczny,u ubezpieczenie społeczny,Military / Defense / Security
9aa15dbd-d9ce-4f6b-a47b-25f78a519058,Archiwum Danych Społecznych,Archiwum Danych Społecznych,archiwum danych społecznych,False,archiwum dane społeczny,archiwum dane społeczny,Government / Public Administration
9ae7b133-58c8-4d0f-8b88-4f5e4d8e2941,Edukacji Artystycznej,Edukacji Artystycznej,edukacji artystycznej,False,edukacja artystycznaj,edukacja artystycznaj,Cultural Institution / Arts
9b0e32fb-d34b-4535-a896-f4f089f15f6c,Muzeum im. W. Gombr,Muzeum im. W. Gombr,muzeum im. w. gombr,False,muzeum on . w . gombr,muzeum on . w . gombr,Cultural Institution / Arts
9b4a771b-5963-4e5e-864a-f7e19f5857ef,Międzynarodowy Układ Jednostek,Międzynarodowy Układ Jednostek,międzynarodowy układ jednostek,False,międzynarodowy układ jednostek,międzynarodowy układ jednostek,Government / Public Administration
9b8a40a1-5bd3-48b0-92b2-830b4051d62a,TopGaN sp. z o. o.,TopGaN sp. z o. o.,topgan sp. z o. o.,False,topgan sa . z o . o .,topgan s.a. z o . o .,Company / Business
9bb211b9-0f4b-4844-aa46-710ba906ac4f,Fundację Otto Brennera,Fundację Otto Brennera,fundację otto brennera,False,fundacja otto brenner,fundacja otto brenner,NGO / Association / Foundation
9c172515-b24b-44f7-a4f9-1d847be4e244,Asklepios Kliniken,Asklepios Kliniken,asklepios kliniken,False,asklepios kliniken,asklepios kliniken,Health / Hospitals / Medical
9c172515-b24b-44f7-a4f9-1d847be4e244,Memorial Care health system,Memorial Care health system,memorial care health system,False,memorial care health system,memorial care health system,Health / Hospitals / Medical
9d5942bf-44cc-4353-a407-50df5d9e3960,IP-Centrum Zdrowia Dziecka,IP-Centrum Zdrowia Dziecka,ip-centrum zdrowia dziecka,False,IP -centrum zdrowie dziecko,IP -centrum zdrowie dziecko,Health / Hospitals / Medical
9e410980-f02f-425a-9b7f-2615352cf226,Stowarzyszenie Miłośników Krasiejowa,Stowarzyszenie Miłośników Krasiejowa,stowarzyszenie miłośników krasiejowa,False,stowarzyszenie miłośnik krasiejowa,stowarzyszenie miłośnik krasiejowa,NGO / Association / Foundation
9e410980-f02f-425a-9b7f-2615352cf226,jskim Stowarzyszeniem Paleontologicznym,jskim Stowarzyszeniem Paleontologicznym,jskim stowarzyszeniem paleontologicznym,False,jsko stowarzyszenie paleonologiczny,jsko stowarzyszenie paleonologiczny,NGO / Association / Foundation
9edb5523-8362-403b-aa6a-a26ec1bdc708,Klinik,Klinik,klinik,False,klinik,klinik,Health / Hospitals / Medical
9edb5523-8362-403b-aa6a-a26ec1bdc708,European Union,European Union,european union,False,european Union,european Union,International Organization / EU
9edb5523-8362-403b-aa6a-a26ec1bdc708,European Free Trade Association,European Free Trade Association,european free trade association,False,european free trade Association,european free trade Association,NGO / Association / Foundation
9ee36a45-6496-49c1-9bb8-7c053a160223,Zarządzającego Portem,Zarządzającego Portem,zarządzającego portem,False,zarządzający portem,zarządzający portem,Government / Public Administration
9ee36a45-6496-49c1-9bb8-7c053a160223,Zarządzającego Międzynarodowym Portem Lotniczym „Katowice”,Zarządzającego Międzynarodowym Portem Lotniczym „Katowice,zarządzającego międzynarodowym portem lotniczym „katowice,False,zarządzający międzynarodowy portem lotnicze „ katowice,zarządzający międzynarodowy portem lotnicze „ katowice,Government / Public Administration
9f33c4d1-5238-4885-b67e-d3da00062352,Festiwal,Festiwal,festiwal,False,festiwal,festiwal,Cultural Institution / Arts
9fa92b9f-fc98-47a5-8dbc-16fbf2236902,Ministerst,Ministerst,ministerst,False,ministerst,ministerst,Government / Public Administration
9fa92b9f-fc98-47a5-8dbc-16fbf2236902,Kultury i Dziedzictwa Narodowego,Kultury i Dziedzictwa Narodowego,kultury i dziedzictwa narodowego,False,kultura i dziedzictwo narodowy,kultura i dziedzictwo narodowy,Government / Public Administration
9fb0b0b2-d77a-446c-b5ec-56f801757aa7,Ministerstwie Rodziny i Polityki Społ.,Ministerstwie Rodziny i Polityki Społ.,ministerstwie rodziny i polityki społ.,False,ministerstwo rodzina i polityka społ .,ministerstwo rodzina i polityka społ .,Government / Public Administration
9fb0b0b2-d77a-446c-b5ec-56f801757aa7,Karkonoski Sejmik Osób Niepełnosprawnych „,Karkonoski Sejmik Osób Niepełnosprawnych,karkonoski sejmik osób niepełnosprawnych,False,karkonoski sejmik osoba niepełnosprawny,karkonoski sejmik osoba niepełnosprawny,Government / Public Administration
a062fa5a-caa4-45fc-a0c7-376df84cfeaf,Komisji Ekspertów Polskiego Towarzystwa Leczenia Oparzeń ds. Procedur,Komisji Ekspertów Polskiego Towarzystwa Leczenia Oparzeń ds. Procedur,komisji ekspertów polskiego towarzystwa leczenia oparzeń ds. procedur,False,komisja ekspert polski towarzystwo leczenie oparzeń do_spraw . procedur,komisja ekspert polski towarzystwo leczenie oparzeń ds. procedur,Government / Public Administration
a0ad6420-76b7-4abb-91a0-661e25b781ef,Konserwacja i restauracja dziedzictwa kulturowego,Konserwacja i restauracja dziedzictwa kulturowego,konserwacja i restauracja dziedzictwa kulturowego,False,konserwacja i restauracja dziedzictwo kulturowy,konserwacja i restauracja dziedzictwo kulturowy,Cultural Institution / Arts
a24411a0-bdf7-4795-9801-b7691fc93780,Gazecie Wyborczej,Gazecie Wyborczej,gazecie wyborczej,False,gazeta wyborczy,gazeta wyborczy,Media / Publishing
a24411a0-bdf7-4795-9801-b7691fc93780,Polskim Radio Program Czwarty,Polskim Radio Program Czwarty,polskim radio program czwarty,False,polski radio program czwarty,polski radio program czwarty,Media / Publishing
a36011ba-4e29-4983-990a-1ade9086502a,rzeczeń Sądów Administracyjnych,rzeczeń Sądów Administracyjnych,rzeczeń sądów administracyjnych,False,rzeczeń sąd administracyjny,rzeczeń sąd administracyjny,Government / Public Administration
a3cb94e2-a794-44b3-923e-512cc7604a7a,"Krajowego Funduszu Azylu, Migracji i Integracji","Krajowego Funduszu Azylu, Migracji i Integracji","krajowego funduszu azylu, migracji i integracji",False,"krajowy fundusz azyle , migracji i integracja","krajowy fundusz azyle , migracji i integracja",Government / Public Administration
a41cdc97-4dfa-4e00-8b69-57b1993a9825,Admaster sp. z o.o,Admaster sp. z o.o,admaster sp. z o.o,False,admaster sa . z ograniczona_odpowiedzialność,admaster s.a. z o.o.,Company / Business
a45856fb-dfa1-40b9-be3d-17c569914f14,Kurii Diecezjalnej,Kurii Diecezjalnej,kurii diecezjalnej,False,kuria diecezjalna,kuria diecezjalna,Religious Organization
a45f87b9-382f-4a50-bda9-65aaf43b0657,Kołorking muzyczny,Kołorking muzyczny,kołorking muzyczny,False,kołorking muzyczny,kołorking muzyczny,Cultural Institution / Arts
a468a3f6-ef70-48af-a713-79fa337770d3,Ognisko Pracy Pozaszkolnej nr 4,Ognisko Pracy Pozaszkolnej nr 4,ognisko pracy pozaszkolnej nr 4,False,ognisko praca pozaszkolna numer 4,ognisko praca pozaszkolna numer 4,Education (non-university)
a468a3f6-ef70-48af-a713-79fa337770d3,Biblioteka Publiczna,Biblioteka Publiczna,biblioteka publiczna,False,biblioteka publiczna,biblioteka publiczna,Education (non-university)
a4767e0d-109a-4844-a998-9d4f54289267,Minister,Minister,minister,False,minister,minister,Government / Public Administration
a4767e0d-109a-4844-a998-9d4f54289267,"stwa Rozwoju, Pracy i Technologii","stwa Rozwoju, Pracy i Technologii","stwa rozwoju, pracy i technologii",False,"stwa rozwój , praca i technologia","stwa rozwój , praca i technologia",Company / Business
a49cc80a-9a9e-4017-bff2-65aac56a864d,y Roboczej Zdrowie,y Roboczej Zdrowie,y roboczej zdrowie,False,” robocze zdrowie,” robocze zdrowie,Health / Hospitals / Medical
a4f26bf8-897b-4f0d-a49e-64e5bb55673d,Wojewódzkiego Inspektoratu Ochrony Środowiska,Wojewódzkiego Inspektoratu Ochrony Środowiska,wojewódzkiego inspektoratu ochrony środowiska,False,wojewódzki inspektorat ochrona środowisko,wojewódzki inspektorat ochrona środowisko,Government / Public Administration
a54027c5-186f-487b-abad-740639e70e82,PZL sp. z o.o,PZL sp. z o.o,pzl sp. z o.o,False,PZL sa . z ograniczona_odpowiedzialność,PZL s.a. z o.o.,Company / Business
a547d209-b40a-44eb-b242-5490b65442ac,Minister,Minister,minister,False,minister,minister,Government / Public Administration
a552ad9c-597c-4ab5-b51a-f02d08fc23a4,Centralnej Szkole Państwowej Straży Pożarnej,Centralnej Szkole Państwowej Straży Pożarnej,centralnej szkole państwowej straży pożarnej,False,centralny szkoła państwowy straż pożarna,centralny szkoła państwowy straż pożarna,Government / Public Administration
a5cda545-4dfa-47e8-9426-aa87ed6f5f7c,Głównym Urzędzie Statystycznym,Głównym Urzędzie Statystycznym,głównym urzędzie statystycznym,False,główny urząd statystyczny,główny urząd statystyczny,Government / Public Administration
a5cda545-4dfa-47e8-9426-aa87ed6f5f7c,łówny Urząd Statystyczny,łówny Urząd Statystyczny,łówny urząd statystyczny,False,łówny urząd statystyczny,łówny urząd statystyczny,Government / Public Administration
a5cda545-4dfa-47e8-9426-aa87ed6f5f7c,Komitetu Europejskiego Systemu Statystycznego,Komitetu Europejskiego Systemu Statystycznego,komitetu europejskiego systemu statystycznego,False,komitet europejski system statystyczny,komitet europejski system statystyczny,International Organization / EU
a5cda545-4dfa-47e8-9426-aa87ed6f5f7c,EUROSTAT,EUROSTAT,eurostat,False,eurostat,eurostat,International Organization / EU
a5fb336b-a730-4705-9ab7-756cdb9d9db3,Ministra Zdrowia,Ministra Zdrowia,ministra zdrowia,False,minister zdrowie,minister zdrowie,Government / Public Administration
a5fb336b-a730-4705-9ab7-756cdb9d9db3,Krajowa Rada,Krajowa Rada,krajowa rada,False,krajowy rada,krajowy rada,Government / Public Administration
a6536a3d-67ac-4778-bcbc-c334eec31fc8,PKP CARGOTABOR Sp. z o.o,PKP CARGOTABOR Sp. z o.o,pkp cargotabor sp. z o.o,False,PKP cargotabor Sp . z ograniczona_odpowiedzialność,PKP cargotabor Sp . z o.o.,Company / Business
a6536a3d-67ac-4778-bcbc-c334eec31fc8,PKP CARGOTABOR Spółka z o.o.,PKP CARGOTABOR Spółka z o.o.,pkp cargotabor spółka z o.o.,False,PKP cargotabor spółka z ograniczona_odpowiedzialność .,PKP cargotabor spółka z o.o.,Company / Business
a70c32f7-dd22-4a77-98c0-510c23818bff,PiD sp. z o.o,PiD sp. z o.o,pid sp. z o.o,False,PiD sa . z ograniczona_odpowiedzialność,PiD s.a. z o.o.,Company / Business
a74c6c19-62b5-4f9f-9575-e3481548c81f,Ministra Zdrowia,Ministra Zdrowia,ministra zdrowia,False,minister zdrowie,minister zdrowie,Government / Public Administration
a750ec97-eec9-4f4d-a94b-375b9874ef1f,Muzeum Historyczno-Krajo,Muzeum Historyczno-Krajo,muzeum historyczno-krajo,False,muzeum historyczno - krajo,muzeum historyczno - krajo,Government / Public Administration
a750ec97-eec9-4f4d-a94b-375b9874ef1f,Dom Rosyjskiej Zagranicy im.,Dom Rosyjskiej Zagranicy im.,dom rosyjskiej zagranicy im.,False,dom Rosyjski zagranicy on .,dom Rosyjski zagranicy on .,Cultural Institution / Arts
a750ec97-eec9-4f4d-a94b-375b9874ef1f,Minister,Minister,minister,False,minister,minister,Government / Public Administration
a750ec97-eec9-4f4d-a94b-375b9874ef1f,stwu Spraw Zagranicznych RP,stwu Spraw Zagranicznych RP,stwu spraw zagranicznych rp,False,stw sprawa zagraniczny RP,stw sprawa zagraniczny RP,Government / Public Administration
a750ec97-eec9-4f4d-a94b-375b9874ef1f,Biblioteka UWM,Biblioteka UWM,biblioteka uwm,False,biblioteka gwa,biblioteka gwa,Education (non-university)
a84175fa-72ea-4281-b8db-f6337d0bf351,Revue des Études Juives,Revue des Études Juives,revue des études juives,False,revue des études juives,revue des études juives,International Organization / EU
a84175fa-72ea-4281-b8db-f6337d0bf351,Tradition,Tradition,tradition,False,tradition,tradition,Media / Publishing
a84175fa-72ea-4281-b8db-f6337d0bf351,Sehepunkt,Sehepunkt,sehepunkt,False,sehepunkt,sehepunkt,Government / Public Administration
a8f3d31b-e0ba-4e68-ab91-29a7ceeb4ef2,SARUAV sp. z,SARUAV sp. z,saruav sp. z,False,saruav sa . z,saruav s.a. z,Company / Business
a8f3d31b-e0ba-4e68-ab91-29a7ceeb4ef2,SARUAV sp. z o.o,SARUAV sp. z o.o,saruav sp. z o.o,False,saruav sa . z ograniczona_odpowiedzialność,saruav s.a. z o.o.,Company / Business
a9494de0-5022-4ad9-9efe-5af6740ef190,Zespół Szkół Specjalnych nr 90,Zespół Szkół Specjalnych nr 90,zespół szkół specjalnych nr 90,False,zespół szkoła specjalny numer 90,zespół szkoła specjalny numer 90,Education (non-university)
aa38df74-27ba-4f3d-9039-25c03a643c97,e de coopération internationale en recherche agronomique pour le développement,e de coopération internationale en recherche agronomique pour le développement,e de coopération internationale en recherche agronomique pour le développement,False,e de coopération internationale en recherche agronomique pour le développement,e de coopération internationale en recherche agronomique pour le développement,International Organization / EU
aa821857-e139-4ceb-b1b9-18db7e2a3fce,TopGaN sp. z.o,TopGaN sp. z.o,topgan sp. z.o,False,topgan sa . z. o,topgan s.a. z. o,Company / Business
aa821857-e139-4ceb-b1b9-18db7e2a3fce,TopGaN sp. z,TopGaN sp. z,topgan sp. z,False,topgan sa . z,topgan s.a. z,Company / Business
aa947f7e-784f-4e78-b101-10a44cdb1e21,Polsko-Ukraińskiego Klubu Konstytucjonalistów,Polsko-Ukraińskiego Klubu Konstytucjonalistów,polsko-ukraińskiego klubu konstytucjonalistów,False,polski - ukraiński klub konstytucjonalista,polski - ukraiński klub konstytucjonalista,Cultural Institution / Arts
aa947f7e-784f-4e78-b101-10a44cdb1e21,Centralnej Komisji Wyborczej,Centralnej Komisji Wyborczej,centralnej komisji wyborczej,False,centralny komisja wyborczy,centralny komisja wyborczy,Government / Public Administration
aa9acbb7-dc1a-4599-9fb3-e4726687b762,Dziennika Gazety Prawnej,Dziennika Gazety Prawnej,dziennika gazety prawnej,False,dziennik gazeta prawny,dziennik gazeta prawny,Media / Publishing
aac18f65-b945-438a-8954-d50067556cdd,Urzęd,Urzęd,urzęd,False,urzęd,urzęd,Government / Public Administration
aac18f65-b945-438a-8954-d50067556cdd,em Marszałkowskim WL,em Marszałkowskim WL,em marszałkowskim wl,False,być marszałkowski Wo,być marszałkowski Wo,Government / Public Administration
aacc21e8-538c-42a7-afcd-b4b60ba25f41,Stowarzyszenie Emerytów Polskich w,Stowarzyszenie Emerytów Polskich w,stowarzyszenie emerytów polskich w,False,stowarzyszenie emeryt polski w,stowarzyszenie emeryt polski w,NGO / Association / Foundation
aacc21e8-538c-42a7-afcd-b4b60ba25f41,Urząd Miejski,Urząd Miejski,urząd miejski,False,urząd miejski,urząd miejski,Government / Public Administration
aacc21e8-538c-42a7-afcd-b4b60ba25f41,Krajowa Rada Komendantów Straży Miejskich i Gminnych,Krajowa Rada Komendantów Straży Miejskich i Gminnych,krajowa rada komendantów straży miejskich i gminnych,False,krajowy rada komendant straż miejski i gminna,krajowy rada komendant straż miejski i gminna,Government / Public Administration
aacc21e8-538c-42a7-afcd-b4b60ba25f41,Komenda Wojewódzka Państwowej Straży Pożarnej,Komenda Wojewódzka Państwowej Straży Pożarnej,komenda wojewódzka państwowej straży pożarnej,False,komenda wojewódzki państwowy straż pożarna,komenda wojewódzki państwowy straż pożarna,Government / Public Administration
ab929884-502b-4647-a780-983d19e82aed,europejskie,europejskie,europejskie,False,europejski,europejski,International Organization / EU
abda4cc5-00bb-46bf-a0e7-58a81dabf1c2,Spraw Wewnętrznych i Administracji,Spraw Wewnętrznych i Administracji,spraw wewnętrznych i administracji,False,sprawa wewnętrzny i administracja,sprawa wewnętrzny i administracja,Government / Public Administration
abda4cc5-00bb-46bf-a0e7-58a81dabf1c2,viron Res Public Health,viron Res Public Health,viron res public health,False,viron res Public health,viron res Public health,Health / Hospitals / Medical
ac182a15-f002-4c4d-99e0-1c89802df948,Ministr,Ministr,ministr,False,ministr,ministr,Government / Public Administration
ac1941ad-0d1c-4e18-9b5f-03bec7fb43a1,Muzeum Piastów Śląskich,Muzeum Piastów Śląskich,muzeum piastów śląskich,False,muzeum Piast śląski,muzeum Piast śląski,Cultural Institution / Arts
ac1941ad-0d1c-4e18-9b5f-03bec7fb43a1,Archiwum Państwowe w,Archiwum Państwowe w,archiwum państwowe w,False,archiwum państwowy w,archiwum państwowy w,Government / Public Administration
ac5aba0c-9307-42b9-a121-1d3c3de5f9b1,European Progressive Observatory,European Progressive Observatory,european progressive observatory,False,european progressive observator,european progressive observator,International Organization / EU
ac81c021-e7c2-4a62-9b80-c819b64ceac2,Archiwum Akt Dawnych,Archiwum Akt Dawnych,archiwum akt dawnych,False,archiwum akt dawna,archiwum akt dawna,Government / Public Administration
acfb83db-58af-43bf-a890-42bb4e6d38b5,Fundacji Watykańskiej,Fundacji Watykańskiej,fundacji watykańskiej,False,fundacja watykański,fundacja watykański,NGO / Association / Foundation
ad3da080-3b7b-43f4-8e85-77a02516f97a,"Ministerstwo Rodziny, Pracy i Polityki Społecznej","Ministerstwo Rodziny, Pracy i Polityki Społecznej","ministerstwo rodziny, pracy i polityki społecznej",False,"ministerstwo rodzina , praca i polityka społeczny","ministerstwo rodzina , praca i polityka społeczny",Government / Public Administration
adb66443-3c16-4ecf-8739-1fda18fc2edc,Towarzystwo Przyjaciół Pilzna i Ziemi Pilzneńskiej,Towarzystwo Przyjaciół Pilzna i Ziemi Pilzneńskiej,towarzystwo przyjaciół pilzna i ziemi pilzneńskiej,False,towarzystwo przyjaciel pilzna i Ziemia pilzneńska,towarzystwo przyjaciel pilzna i Ziemia pilzneńska,NGO / Association / Foundation
adc7d869-f054-4f27-963e-4796829b7806,Ambasadą Pale,Ambasadą Pale,ambasadą pale,False,ambasadą pale,ambasadą pale,Government / Public Administration
add862a7-02c3-4a05-977d-d9c3b3e3ed9e,Miasto,Miasto,miasto,False,miasto,miasto,Government / Public Administration
ade3ab71-3d07-473f-a343-3f695cda41b8,DRAMIŃSKI S.A.,DRAMIŃSKI S.A.,dramiński s.a.,False,dramiński spółka_akcyjna .,dramiński spółka_akcyjna .,Company / Business
ade3ab71-3d07-473f-a343-3f695cda41b8,Kraj,Kraj,kraj,False,kraj,kraj,Government / Public Administration
ae2cac3a-5689-42b4-a25e-5277d4899dbe,Światowe Forum Ekonomiczne,Światowe Forum Ekonomiczne,światowe forum ekonomiczne,False,światowy forum ekonomiczne,światowy forum ekonomiczne,International Organization / EU
aeb0c31a-1007-4988-b20e-75e1f54a35c6,Centrum Nauczania Języka Polskiego dla Obcokrajowców,Centrum Nauczania Języka Polskiego dla Obcokrajowców,centrum nauczania języka polskiego dla obcokrajowców,False,centrum nauczania język polski dla obcokrajowiec,centrum nauczania język polski dla obcokrajowiec,Government / Public Administration
aef59edb-7c6a-4075-944e-6666ca801650,Ekonomia Międzynarodowa,Ekonomia Międzynarodowa,ekonomia międzynarodowa,False,ekonomia międzynarodowy,ekonomia międzynarodowy,Government / Public Administration
af5e9dde-c421-42b9-9f14-9cc9adc14ce0,Sterylizacji Radiacyjnej IChTJ,Sterylizacji Radiacyjnej IChTJ,sterylizacji radiacyjnej ichtj,False,sterylizacja radiacyjna Ichtja,sterylizacja radiacyjna Ichtja,Media / Publishing
af7319dd-31df-4394-a294-2e6d73e71d16,Międzyrządowego Centrum Partnerstwa Strategicznego Polski,Międzyrządowego Centrum Partnerstwa Strategicznego Polski,międzyrządowego centrum partnerstwa strategicznego polski,False,międzyrządowy centrum partnerstwo strategiczny Polska,międzyrządowy centrum partnerstwo strategiczny Polska,Government / Public Administration
af7319dd-31df-4394-a294-2e6d73e71d16,Pełnomocnikiem Rządu ds. Partner,Pełnomocnikiem Rządu ds. Partner,pełnomocnikiem rządu ds. partner,False,pełnomocnik rząd do_spraw . partner,pełnomocnik rząd ds. partner,Government / Public Administration
af7d73b6-dff4-453f-a302-606831a21d7b,straż,straż,straż,False,straż,straż,Military / Defense / Security
afaf7051-1290-424b-90d4-e71b173fdf52,EUROSTAT,EUROSTAT,eurostat,False,eurostat,eurostat,International Organization / EU
b0405e74-193d-43fb-b0b6-66aa78fd319d,Narod,Narod,narod,False,narod,narod,Government / Public Administration
b0405e74-193d-43fb-b0b6-66aa78fd319d,Minister,Minister,minister,False,minister,minister,Government / Public Administration
b07ea0b5-33e4-40d6-a65b-d88990b2afe5,Ośrodek „Brama Grodzka – Teatr NN,Ośrodek „Brama Grodzka – Teatr NN,ośrodek „brama grodzka – teatr nn,False,ośrodek „ brama grodzka – teatr na,ośrodek „ brama grodzka – teatr na,Cultural Institution / Arts
b07ea0b5-33e4-40d6-a65b-d88990b2afe5,Stowarzyszenie „Studnia Pamięci,Stowarzyszenie „Studnia Pamięci,stowarzyszenie „studnia pamięci,False,stowarzyszenie „ studnia pamięć,stowarzyszenie „ studnia pamięć,NGO / Association / Foundation
b07ea0b5-33e4-40d6-a65b-d88990b2afe5,Państwowe Muzeum na,Państwowe Muzeum na,państwowe muzeum na,False,państwowy muzeum na,państwowy muzeum na,Government / Public Administration
b08238ee-a274-4084-8cde-84bfe22c52a1,Brodnica Nasze Miasto,Brodnica Nasze Miasto,brodnica nasze miasto,False,brodnica nasz miasto,brodnica nasz miasto,Government / Public Administration
b0979279-adad-4704-a998-f6de7d4451d1,łówna Komisja Urbanistyczno-Architektoniczna,łówna Komisja Urbanistyczno-Architektoniczna,łówna komisja urbanistyczno-architektoniczna,False,łówno komisja urbanistyczno - architektoniczna,łówno komisja urbanistyczno - architektoniczna,Government / Public Administration
b0e47ad0-c602-448c-91f9-831582a4463a,PO RPW,PO RPW,po rpw,False,PO RPW,PO RPW,Government / Public Administration
b121e80c-573b-4c9e-bda5-e20c932115be,Ośrodek „Brama Grodzka – Teatr NN,Ośrodek „Brama Grodzka – Teatr NN,ośrodek „brama grodzka – teatr nn,False,ośrodek „ brama grodzka – teatr na,ośrodek „ brama grodzka – teatr na,Cultural Institution / Arts
b129dd48-90e6-4365-9bf6-63f6bf7fe3b5,Wojsk Lotniczych,Wojsk Lotniczych,wojsk lotniczych,False,wojsk lotnicze,wojsk lotnicze,Military / Defense / Security
b1d45f65-808c-43ac-bbac-3954d0bec8c7,Rady do Spaw Estetyki,Rady do Spaw Estetyki,rady do spaw estetyki,False,rada do spaw estetyka,rada do spaw estetyka,Government / Public Administration
b1d45f65-808c-43ac-bbac-3954d0bec8c7,Budżetu Obywatelskiego,Budżetu Obywatelskiego,budżetu obywatelskiego,False,budżet obywatelski,budżet obywatelski,NGO / Association / Foundation
b333e3d7-2974-4b65-9696-1fd087c5b3d2,TVP Kultura (2021),TVP Kultura (2021,tvp kultura (2021,False,TVP kultura ( 2021,TVP kultura ( 2021,Media / Publishing
b35b45e1-09b6-47cc-a748-21e1f3c36e1a,Evertop Spółka z o. o.,Evertop Spółka z o. o.,evertop spółka z o. o.,False,evertop spółka z o . o .,evertop spółka z o . o .,Company / Business
b35b45e1-09b6-47cc-a748-21e1f3c36e1a,Radpoint sp. z o.o,Radpoint sp. z o.o,radpoint sp. z o.o,False,radpoint sa . z ograniczona_odpowiedzialność,radpoint s.a. z o.o.,Company / Business
b396bf81-d268-451f-b7d6-17b69bc8c8bb,Powiat Przysuski,Powiat Przysuski,powiat przysuski,False,powiat przysuski,powiat przysuski,Government / Public Administration
b396bf81-d268-451f-b7d6-17b69bc8c8bb,Powiatem Przysuskim,Powiatem Przysuskim,powiatem przysuskim,False,powiatem przysuski,powiatem przysuski,Government / Public Administration
b3b33c56-5338-4e24-a6df-b56a17ec40f2,Warmińską Szkołę Biblijną w,Warmińską Szkołę Biblijną w,warmińską szkołę biblijną w,False,warmińską szkoła biblijną w,warmińską szkoła biblijną w,Religious Organization
b44a1f61-4be0-4fe8-a43e-900151ffa8d8,Narod,Narod,narod,False,narod,narod,Government / Public Administration
b44a1f61-4be0-4fe8-a43e-900151ffa8d8,Kujawsko-Pomorskim Specjalnym Ośrodku Szkolno-Wychowawczym nr 1,Kujawsko-Pomorskim Specjalnym Ośrodku Szkolno-Wychowawczym nr 1,kujawsko-pomorskim specjalnym ośrodku szkolno-wychowawczym nr 1,False,kujawski - Pomorski specjalny ośrodek szkolno - wychowawczy numer 1,kujawski - Pomorski specjalny ośrodek szkolno - wychowawczy numer 1,Education (non-university)
b47775ac-fcb4-4241-a0fb-eeedee0c821b,Ministra Rolnictwa i Rozwoju Wsi,Ministra Rolnictwa i Rozwoju Wsi,ministra rolnictwa i rozwoju wsi,False,minister rolnictwo i rozwój wieś,minister rolnictwo i rozwój wieś,Government / Public Administration
b47ca217-f063-4cd5-9541-9681675e291e,European Parliament,European Parliament,european parliament,False,european parliament,european parliament,International Organization / EU
b4fdfab6-5d16-4f47-8a10-7016ea886976,łu Ekspertów Międzynarodowych KGHM,łu Ekspertów Międzynarodowych KGHM,łu ekspertów międzynarodowych kghm,False,łu ekspert międzynarodowy KGHM,łu ekspert międzynarodowy KGHM,Government / Public Administration
b4fdfab6-5d16-4f47-8a10-7016ea886976,kopalni węgla,kopalni węgla,kopalni węgla,False,kopalnia węgiel,kopalnia węgiel,Company / Business
b4fdfab6-5d16-4f47-8a10-7016ea886976,Ministerstwa RP,Ministerstwa RP,ministerstwa rp,False,ministerstwo RP,ministerstwo RP,Government / Public Administration
b5099b6b-4812-4255-9db8-ed0bf6e6a3fc,Muzeum Fotografii,Muzeum Fotografii,muzeum fotografii,False,muzeum fotografia,muzeum fotografia,Cultural Institution / Arts
b59439b3-290b-4f95-8b63-d635bb125e17,"openTrans Technology Co., Ltd","openTrans Technology Co., Ltd","opentrans technology co., ltd",False,"openTrans Technology co . , Li_typtap","openTrans Technology co . , Li_typtap",Company / Business
b59439b3-290b-4f95-8b63-d635bb125e17,Filharmonii im. Karola Szymanowskiego,Filharmonii im. Karola Szymanowskiego,filharmonii im. karola szymanowskiego,False,filharmonia on . Karol Szymanowski,filharmonia on . Karol Szymanowski,Cultural Institution / Arts
b5d89afa-bb75-4372-a863-cfad034857a4,Kalejdoskop Kulturalny,Kalejdoskop Kulturalny,kalejdoskop kulturalny,False,kalejdoskop kulturalny,kalejdoskop kulturalny,Cultural Institution / Arts
b5d89afa-bb75-4372-a863-cfad034857a4,Ministra Kultury i Dziedzictwa Narodowego,Ministra Kultury i Dziedzictwa Narodowego,ministra kultury i dziedzictwa narodowego,False,minister kultura i dziedzictwo narodowy,minister kultura i dziedzictwo narodowy,Government / Public Administration
b5e3f465-75e2-49d8-b5bc-0f84e5c8c05c,eju Filmowego,eju Filmowego,eju filmowego,False,eju filmowego,eju filmowego,Cultural Institution / Arts
b5e976c0-c1be-4e64-8e0d-11db5d4c0343,Banku Gospodarstwa Krajowego,Banku Gospodarstwa Krajowego,banku gospodarstwa krajowego,False,bank gospodarstwo krajowy,bank gospodarstwo krajowy,Government / Public Administration
b68368d8-e848-4b5f-8fbd-af286bf6cc0a,Akces Edukacja,Akces Edukacja,akces edukacja,False,akces edukacja,akces edukacja,Education (non-university)
b7835648-5f0f-4667-a702-005219f208ae,European,European,european,False,european,european,International Organization / EU
b7dd0ebf-a89c-4a1b-8b96-5f3ae50638f0,Zielonogórskie Towarzystwo Edukacyjne „Civilitas,Zielonogórskie Towarzystwo Edukacyjne „Civilitas,zielonogórskie towarzystwo edukacyjne „civilitas,False,zielonogórskie towarzystwo edukacyjne „ civilitas,zielonogórskie towarzystwo edukacyjne „ civilitas,NGO / Association / Foundation
b878b50d-c27f-4833-9dd6-3d51512c58b2,Europejskiej Komisji Neurointerwencji,Europejskiej Komisji Neurointerwencji,europejskiej komisji neurointerwencji,False,europejski komisja neurointerwencje,europejski komisja neurointerwencje,Government / Public Administration
b87fe4e5-445c-4ddb-aec8-f4fe4aa1ecdd,Urzęd,Urzęd,urzęd,False,urzęd,urzęd,Government / Public Administration
b87fe4e5-445c-4ddb-aec8-f4fe4aa1ecdd,Miasta,Miasta,miasta,False,miasto,miasto,Government / Public Administration
b8dd321b-34e1-4426-8668-1499171d8c56,Klinice Ortopedii i Traumatologii Narządu Ruchu,Klinice Ortopedii i Traumatologii Narządu Ruchu,klinice ortopedii i traumatologii narządu ruchu,False,klinice ortopedii i traumatologii narząd ruch,klinice ortopedii i traumatologii narząd ruch,Government / Public Administration
b8f8f584-31cc-4082-a36c-672df7e49c6a,Wojewódzki Inspektorat Weterynarii,Wojewódzki Inspektorat Weterynarii,wojewódzki inspektorat weterynarii,False,wojewódzki inspektorat weterynarie,wojewódzki inspektorat weterynarie,Government / Public Administration
b8f8f584-31cc-4082-a36c-672df7e49c6a,Wojewódzkim Inspektoracie Weterynarii,Wojewódzkim Inspektoracie Weterynarii,wojewódzkim inspektoracie weterynarii,False,wojewódzki inspektorat weterynarie,wojewódzki inspektorat weterynarie,Government / Public Administration
b8f8f584-31cc-4082-a36c-672df7e49c6a,Wojewódzkim Inspektoracie Ochrony Roślin i Nasiennictwa,Wojewódzkim Inspektoracie Ochrony Roślin i Nasiennictwa,wojewódzkim inspektoracie ochrony roślin i nasiennictwa,False,wojewódzki inspektorat ochrona roślin i nasiennictwo,wojewódzki inspektorat ochrona roślin i nasiennictwo,Government / Public Administration
b96e0e71-c45e-49ac-8aca-88ff77dcbd1f,Episkopatu Polski,Episkopatu Polski,episkopatu polski,False,episkopat Polska,episkopat Polska,Religious Organization
b9f7e87e-d65a-488c-bb67-351396e28288,Polskie Towarzystwo Biblioterapeutyczne,Polskie Towarzystwo Biblioterapeutyczne,polskie towarzystwo biblioterapeutyczne,False,polski towarzystwo biblioterapeutyczny,polski towarzystwo biblioterapeutyczny,NGO / Association / Foundation
b9f7e87e-d65a-488c-bb67-351396e28288,Ośrodkach Doskonalenia Nauczycieli,Ośrodkach Doskonalenia Nauczycieli,ośrodkach doskonalenia nauczycieli,False,ośrodek doskonalenie nauczycieli,ośrodek doskonalenie nauczycieli,Education (non-university)
b9f7e87e-d65a-488c-bb67-351396e28288,Małopolską Szkołą Gościnności im.,Małopolską Szkołą Gościnności im.,małopolską szkołą gościnności im.,False,małopolską szkoła gościnności on .,małopolską szkoła gościnności on .,NGO / Association / Foundation
ba11be5f-2877-4d72-9316-8763aa3dc4d9,Firma SKOV,Firma SKOV,firma skov,False,firma Skost_am,firma Skost_am,Company / Business
ba773650-cf30-4a61-95a9-3b026221772a,Expert Group,Expert Group,expert group,False,expert Group,expert Group,Company / Business
ba8d066c-5f4f-45d0-ae93-9231c81c9317,Państwowego Muzeum Dziedzictwa Pruskiego,Państwowego Muzeum Dziedzictwa Pruskiego,państwowego muzeum dziedzictwa pruskiego,False,państwowego muzeum dziedzictwo prusko,państwowego muzeum dziedzictwo prusko,Government / Public Administration
bab150b8-8f90-4294-b8df-224ee0ba1c3c,Kraj,Kraj,kraj,False,kraj,kraj,Government / Public Administration
bab150b8-8f90-4294-b8df-224ee0ba1c3c,Rada Gospodarki Wodnej,Rada Gospodarki Wodnej,rada gospodarki wodnej,False,rada gospodarka wodny,rada gospodarka wodny,Government / Public Administration
bab3aff4-1dde-4173-954d-7ba3d93a1e0c,Fundusz,Fundusz,fundusz,False,fundusz,fundusz,Government / Public Administration
bab3aff4-1dde-4173-954d-7ba3d93a1e0c,Europejskich,Europejskich,europejskich,False,europejski,europejski,International Organization / EU
babd5165-61cc-48ad-82f6-ccb9f65a15ec,jalny Ośrodek Szkolno- -Wychowawczy,jalny Ośrodek Szkolno- -Wychowawczy,jalny ośrodek szkolno- -wychowawczy,False,jalny ośrodek szkolno- - wychowawczy,jalny ośrodek szkolno- - wychowawczy,Education (non-university)
babd5165-61cc-48ad-82f6-ccb9f65a15ec,Powiatowe/G,Powiatowe/G,powiatowe/g,False,powiatowe / G,powiatowe / G,Government / Public Administration
babd5165-61cc-48ad-82f6-ccb9f65a15ec,ne Centra Pomocy Rodzinie,ne Centra Pomocy Rodzinie,ne centra pomocy rodzinie,False,ne centra pomoc rodzinie,ne centra pomoc rodzinie,NGO / Association / Foundation
babd5165-61cc-48ad-82f6-ccb9f65a15ec,Urzędu Miejskiego w,Urzędu Miejskiego w,urzędu miejskiego w,False,urząd miejski w,urząd miejski w,Government / Public Administration
babd5165-61cc-48ad-82f6-ccb9f65a15ec,zdrowia,zdrowia,zdrowia,False,zdrowie,zdrowie,Health / Hospitals / Medical
bb84f8de-4ef5-4511-b56b-362af640abf0,rybunał Sprawiedliwości UE,rybunał Sprawiedliwości UE,rybunał sprawiedliwości ue,False,rybunał sprawiedliwość UE,rybunał sprawiedliwość UE,International Organization / EU
bb84f8de-4ef5-4511-b56b-362af640abf0,Uni,Uni,uni,False,unia,unia,International Organization / EU
bb84f8de-4ef5-4511-b56b-362af640abf0,a Europejska,a Europejska,a europejska,False,a europejski,a europejski,International Organization / EU
bb8bf235-bc1c-4fec-be5c-8463490793d1,Uniwersytecie Państwowym,Uniwersytecie Państwowym,uniwersytecie państwowym,False,uniwersytet państwowym,uniwersytet państwowym,Government / Public Administration
bb93f969-27d0-4fb2-9626-9490b16b70f5,Technicky Univeristat,Technicky Univeristat,technicky univeristat,False,technicky univeristat,technicky univeristat,Government / Public Administration
bc6255d8-c17b-4bcf-8cd2-94b8fae5c807,"Europejskie Towarzystwo Gastroenterologii, Hepatologii i Żywienia Dzieci","Europejskie Towarzystwo Gastroenterologii, Hepatologii i Żywienia Dzieci","europejskie towarzystwo gastroenterologii, hepatologii i żywienia dzieci",False,"europejski towarzystwo gastroenterologia , hepatologia i żywienia dziecko","europejski towarzystwo gastroenterologia , hepatologia i żywienia dziecko",NGO / Association / Foundation
bc9a25a7-cc68-4e19-98f1-3eec6d12930a,Bielsko-Bialskiego Ośrodka Doskonalenia Nauczycieli,Bielsko-Bialskiego Ośrodka Doskonalenia Nauczycieli,bielsko-bialskiego ośrodka doskonalenia nauczycieli,False,Bielsko - bialski ośrodek doskonalenie nauczycieli,Bielsko - bialski ośrodek doskonalenie nauczycieli,Education (non-university)
bccc7e41-00b5-4ece-aaa6-ae80e41d2423,TVP/oddział Bydgoszcz,TVP/oddział Bydgoszcz,tvp/oddział bydgoszcz,False,TVP / oddział Bydgoszcz,TVP / oddział Bydgoszcz,Media / Publishing
bccc7e41-00b5-4ece-aaa6-ae80e41d2423,Radio Pomorza i Kujaw,Radio Pomorza i Kujaw,radio pomorza i kujaw,False,radio pomorze i Kujawy,radio pomorze i Kujawy,Media / Publishing
bd636e0d-536c-4e79-a9c4-0b39d4666551,go Urzędu Miar,go Urzędu Miar,go urzędu miar,False,on urząd miar,on urząd miar,Government / Public Administration
bd636e0d-536c-4e79-a9c4-0b39d4666551,ny Wojskowy Ośrodek Metrologii,ny Wojskowy Ośrodek Metrologii,ny wojskowy ośrodek metrologii,False,ny wojskowy ośrodek metrologia,ny wojskowy ośrodek metrologia,Military / Defense / Security
bdada291-0879-45b3-945a-3e791e5314f5,Ministra Edukacji Narodowej,Ministra Edukacji Narodowej,ministra edukacji narodowej,False,minister edukacja narodowy,minister edukacja narodowy,Government / Public Administration
bdc0fc8f-9a1f-46d9-ac35-49f33c4ad3c7,ych Urządzeń Badawczych,ych Urządzeń Badawczych,ych urządzeń badawczych,False,ych urządzeń badawczy,ych urządzeń badawczy,Government / Public Administration
bdc0fc8f-9a1f-46d9-ac35-49f33c4ad3c7,Teatr,Teatr,teatr,False,teatr,teatr,Cultural Institution / Arts
bddd326b-e039-4fe6-9c6b-6821022cf82b,Ministerstwie Finansów Esto,Ministerstwie Finansów Esto,ministerstwie finansów esto,False,ministerstwo finanse esto,ministerstwo finanse esto,Government / Public Administration
bde4a397-5dc3-4d85-9987-8d3405857d89,Radzie Bez,Radzie Bez,radzie bez,False,rada bez,rada bez,Government / Public Administration
be374347-0b08-43aa-b3b8-81ad5e2192c0,Dyrektoriat Ekohydrologii,Dyrektoriat Ekohydrologii,dyrektoriat ekohydrologii,False,dyrektoriat ekohydrologia,dyrektoriat ekohydrologia,International Organization / EU
be3ffaa1-f3bd-4f38-8785-98448b7391fe,Świętokrzyskie Centrum Onkologii,Świętokrzyskie Centrum Onkologii,świętokrzyskie centrum onkologii,False,świętokrzyska centrum onkologii,świętokrzyska centrum onkologii,Health / Hospitals / Medical
be3ffaa1-f3bd-4f38-8785-98448b7391fe,Centrum Onkologii,Centrum Onkologii,centrum onkologii,False,centrum onkologii,centrum onkologii,Health / Hospitals / Medical
be5f0839-7ae1-4ce6-a8ff-8f140e7cf0e3,Ministra Rozwoju Pracy,Ministra Rozwoju Pracy,ministra rozwoju pracy,False,minister rozwój praca,minister rozwój praca,Government / Public Administration
be5f0839-7ae1-4ce6-a8ff-8f140e7cf0e3,Technologii,Technologii,technologii,False,technologia,technologia,Company / Business
be881bf3-7907-4c86-b593-41b3b0a51a97,Ministerstwa Finansów RP,Ministerstwa Finansów RP,ministerstwa finansów rp,False,ministerstwo finanse RP,ministerstwo finanse RP,Government / Public Administration
be881bf3-7907-4c86-b593-41b3b0a51a97,resortu finansów RP,resortu finansów RP,resortu finansów rp,False,resort finanse RP,resort finanse RP,Government / Public Administration
becf0bfb-3580-459e-af84-b6854ab21b5e,Muzeum Paleontologiczne,Muzeum Paleontologiczne,muzeum paleontologiczne,False,muzeum paleontologiczne,muzeum paleontologiczne,Cultural Institution / Arts
beedd0b3-714f-48e7-9555-a7e34fbe6682,TermoSystemy Sp. z o.o.,TermoSystemy Sp. z o.o.,termosystemy sp. z o.o.,False,termoSystem Sp . z ograniczona_odpowiedzialność .,termoSystem Sp . z o.o.,Company / Business
bf2e4eaf-6690-436e-9557-47b203887530,Szkolnictwa Wyż,Szkolnictwa Wyż,szkolnictwa wyż,False,szkolnictwo wyc,szkolnictwo wyc,Education (non-university)
bf9c28db-9404-4f87-ad61-cee1db947caf,Podkomisja ds. układu odniesienia dla Europy,Podkomisja ds. układu odniesienia dla Europy,podkomisja ds. układu odniesienia dla europy,False,podkomisja do_spraw . układ odniesienie dla Europa,podkomisja ds. układ odniesienie dla Europa,Government / Public Administration
c089dadd-9c73-433d-a499-3e896bbbfd50,„Radio Gdańsk,Radio Gdańsk,radio gdańsk,False,radio Gdańsk,radio Gdańsk,Media / Publishing
c089dadd-9c73-433d-a499-3e896bbbfd50,Polskim Radio Koszalin,Polskim Radio Koszalin,polskim radio koszalin,False,polski radio koszalin,polski radio koszalin,Media / Publishing
c089dadd-9c73-433d-a499-3e896bbbfd50,rodku Kultury,rodku Kultury,rodku kultury,False,rodk kultura,rodk kultura,Cultural Institution / Arts
c089dadd-9c73-433d-a499-3e896bbbfd50,Ośrodku Kultury,Ośrodku Kultury,ośrodku kultury,False,ośrodek kultura,ośrodek kultura,Cultural Institution / Arts
c2172c24-3c4c-41c8-b61d-948ccc41d52b,Europejskiego Urzędu ds. Bezpieczeństwa,Europejskiego Urzędu ds. Bezpieczeństwa,europejskiego urzędu ds. bezpieczeństwa,False,europejski urząd do_spraw . bezpieczeństwo,europejski urząd ds. bezpieczeństwo,Government / Public Administration
c2882998-5ff6-45e5-956b-165c3d556023,Ministr,Ministr,ministr,False,ministr,ministr,Government / Public Administration
c2882998-5ff6-45e5-956b-165c3d556023,m Ekologiczno-Kulturalnym „Ziarno”,m Ekologiczno-Kulturalnym „Ziarno,m ekologiczno-kulturalnym „ziarno,False,być ekologiczno - kulturalnym „ ziarno,być ekologiczno - kulturalnym „ ziarno,Cultural Institution / Arts
c29340e5-054f-41d8-a4a8-3f7444571e6a,PGE Dystrybucja S.A. Oddział Białystok,PGE Dystrybucja S.A. Oddział Białystok,pge dystrybucja s.a. oddział białystok,False,PGE dystrybucja spółka_akcyjna . oddział białystok,PGE dystrybucja spółka_akcyjna . oddział białystok,Company / Business
c29340e5-054f-41d8-a4a8-3f7444571e6a,Kopalnia Wiedzy,Kopalnia Wiedzy,kopalnia wiedzy,False,kopalnia wiedzy,kopalnia wiedzy,Company / Business
c2f00818-b577-493f-85b9-b309ca5ea3fa,Ene due Rabe”,Ene due Rabe,ene due rabe,False,ene due rabe,ene due rabe,International Organization / EU
c32022a2-9374-41f0-b31c-22d8dd206d69,Państwo,Państwo,państwo,False,państwo,państwo,Government / Public Administration
c32022a2-9374-41f0-b31c-22d8dd206d69,wej Inspekcji Sanitarnej,wej Inspekcji Sanitarnej,wej inspekcji sanitarnej,False,wej inspekcja sanitarna,wej inspekcja sanitarna,Government / Public Administration
c355339b-cd17-4d8c-bd9c-54fd2a3e0e72,Zarządem Woj. Lub,Zarządem Woj. Lub,zarządem woj. lub,False,zarząd woj . lub,zarząd woj . lub,Government / Public Administration
c355339b-cd17-4d8c-bd9c-54fd2a3e0e72,Dyr. Departamentu Innowacji i Przedsiębiorczości,Dyr. Departamentu Innowacji i Przedsiębiorczości,dyr. departamentu innowacji i przedsiębiorczości,False,dyk . departament innowacji i przedsiębiorczość,dyk . departament innowacji i przedsiębiorczość,NGO / Association / Foundation
c355339b-cd17-4d8c-bd9c-54fd2a3e0e72,Perceptus Sp. z o.o,Perceptus Sp. z o.o,perceptus sp. z o.o,False,perceptus Sp . z ograniczona_odpowiedzialność,perceptus Sp . z o.o.,Company / Business
c39d05b4-a69a-4cd3-a503-b406337b0258,Państwowa Galeria Sztuki,Państwowa Galeria Sztuki,państwowa galeria sztuki,False,państwowy galeria sztuka,państwowy galeria sztuka,Government / Public Administration
c39d05b4-a69a-4cd3-a503-b406337b0258,Międzynarodowe Centrum Kultury,Międzynarodowe Centrum Kultury,międzynarodowe centrum kultury,False,międzynarodowy centrum kultura,międzynarodowy centrum kultura,Government / Public Administration
c39d05b4-a69a-4cd3-a503-b406337b0258,Narodowa Galeria,Narodowa Galeria,narodowa galeria,False,narodowy galeria,narodowy galeria,Government / Public Administration
c3fa7ec6-bf18-45f1-8035-269900c10ad9,Zarząd Morskich Portów Szczecin i Świnoujście,Zarząd Morskich Portów Szczecin i Świnoujście,zarząd morskich portów szczecin i świnoujście,False,zarząd morski port Szczecin i świnoujście,zarząd morski port Szczecin i świnoujście,Government / Public Administration
c42f6676-33b1-4d09-837b-07e053a50243,Filharmonii Pomorskiej,Filharmonii Pomorskiej,filharmonii pomorskiej,False,filharmonia Pomorska,filharmonia Pomorska,Cultural Institution / Arts
c42f6676-33b1-4d09-837b-07e053a50243,ę Muzyczną im. Feliksa Nowowiejskiego,ę Muzyczną im. Feliksa Nowowiejskiego,ę muzyczną im. feliksa nowowiejskiego,False,” muzyczna on . Feliks Nowowiejski,” muzyczna on . Feliks Nowowiejski,Cultural Institution / Arts
c45a9231-b694-44fe-8491-df9c91341cae,Ministra Infrastruktury,Ministra Infrastruktury,ministra infrastruktury,False,minister infrastruktury,minister infrastruktury,Government / Public Administration
c48547b3-f86f-44ee-bc26-0f0a0a7bfefa,QSAR Lab sp. z o.o,QSAR Lab sp. z o.o,qsar lab sp. z o.o,False,qsar lab sa . z ograniczona_odpowiedzialność,qsar lab s.a. z o.o.,Company / Business
c48547b3-f86f-44ee-bc26-0f0a0a7bfefa,THETA Consulting Sp. z o.o,THETA Consulting Sp. z o.o,theta consulting sp. z o.o,False,theta consulting Sp . z ograniczona_odpowiedzialność,theta consulting Sp . z o.o.,Company / Business
c4e98d4c-bcc8-43c7-abda-cb42abc9839e,ckim Inkubatorze Przedsiębiorczości i Wybranych Nowych Technologii PB,ckim Inkubatorze Przedsiębiorczości i Wybranych Nowych Technologii PB,ckim inkubatorze przedsiębiorczości i wybranych nowych technologii pb,False,cko inkubatorze przedsiębiorczość i wybrany nowych technologia PB,cko inkubatorze przedsiębiorczość i wybrany nowych technologia PB,Company / Business
c5274879-0396-48f6-9ee4-d80392500019,Muzeum Sztuki w,Muzeum Sztuki w,muzeum sztuki w,False,muzeum sztuka w,muzeum sztuka w,Cultural Institution / Arts
c556b635-82db-4ab8-bfe0-14c66fe47501,Muzeum Warmii i Mazur,Muzeum Warmii i Mazur,muzeum warmii i mazur,False,muzeum warmię i mazur,muzeum warmię i mazur,Cultural Institution / Arts
c5b3e788-9187-4fb8-8b06-94fa9fed118e,Kraj,Kraj,kraj,False,kraj,kraj,Government / Public Administration
c5b3e788-9187-4fb8-8b06-94fa9fed118e,ową Spółką Cukrową S.A.,ową Spółką Cukrową S.A.,ową spółką cukrową s.a.,False,ów spółka cukrową spółka_akcyjna .,ów spółka cukrową spółka_akcyjna .,Company / Business
c5b495a4-7caf-4c76-8c38-e62d15ecf4c0,Galeria,Galeria,galeria,False,galeria,galeria,Cultural Institution / Arts
c629afe9-2e82-425b-b4f1-9a99178406f3,Ministra Zdrowia,Ministra Zdrowia,ministra zdrowia,False,minister zdrowie,minister zdrowie,Government / Public Administration
c6539c5b-6e24-47e5-9118-69d998ba8b9c,Krajowy Komitet Organizacyjny Międzynarodowego Konkursu Mate,Krajowy Komitet Organizacyjny Międzynarodowego Konkursu Mate,krajowy komitet organizacyjny międzynarodowego konkursu mate,False,krajowy komitet organizacyjny międzynarodowy konkurs mate,krajowy komitet organizacyjny międzynarodowy konkurs mate,Government / Public Administration
c6a63d0f-2664-4727-8e72-a5074f537f25,Ministr,Ministr,ministr,False,ministr,ministr,Government / Public Administration
c6ae2079-5d84-46d3-b024-2997933283f4,inspekcji sanitarnej,inspekcji sanitarnej,inspekcji sanitarnej,False,inspekcja sanitarny,inspekcja sanitarny,Government / Public Administration
c6babc0a-49cb-4d6f-b9ef-232b2db0446e,mez Pueblo,mez Pueblo,mez pueblo,False,mez pueblo,mez pueblo,International Organization / EU
c6babc0a-49cb-4d6f-b9ef-232b2db0446e,Pueblo,Pueblo,pueblo,False,pueblo,pueblo,International Organization / EU
c6bc10f6-38fa-47cf-91e8-41c3318cd2c0,TVP 1,TVP 1,tvp 1,False,TVP 1,TVP 1,Media / Publishing
c6ee0b86-99e1-4243-aa41-5e1eccecd2d1,Regional,Regional,regional,False,regional,regional,Government / Public Administration
c73e0aa2-a623-45e9-b490-82b7c2ee88dc,Domu Opieki,Domu Opieki,domu opieki,False,dom opieka,dom opieka,Cultural Institution / Arts
c73e0aa2-a623-45e9-b490-82b7c2ee88dc,Szpitalu MSWiA,Szpitalu MSWiA,szpitalu mswia,False,szpital MSWiA,szpital MSWiA,Health / Hospitals / Medical
c73e0aa2-a623-45e9-b490-82b7c2ee88dc,Centrum Onkologii Ziemi Lu,Centrum Onkologii Ziemi Lu,centrum onkologii ziemi lu,False,centrum onkologii Ziemia lu,centrum onkologii Ziemia lu,Health / Hospitals / Medical
c73e0aa2-a623-45e9-b490-82b7c2ee88dc,Szpitalu Tworkowski,Szpitalu Tworkowski,szpitalu tworkowski,False,szpital tworkowski,szpital tworkowski,Health / Hospitals / Medical
c77e4486-dc83-4af7-a188-e75b0e77c884,Rzecznik Praw Obywatelskich,Rzecznik Praw Obywatelskich,rzecznik praw obywatelskich,False,rzecznik prawo obywatelski,rzecznik prawo obywatelski,Government / Public Administration
c77e4486-dc83-4af7-a188-e75b0e77c884,Rzecznika Praw Obywatel,Rzecznika Praw Obywatel,rzecznika praw obywatel,False,rzecznik prawo obywatel,rzecznik prawo obywatel,Government / Public Administration
c922b4ec-b00b-4736-a57b-fdecf78479ce,Ośrodku Promocji Kultury „Gaude Mater,Ośrodku Promocji Kultury „Gaude Mater,ośrodku promocji kultury „gaude mater,False,ośrodek promocja kultura „ gaude mater,ośrodek promocja kultura „ gaude mater,Cultural Institution / Arts
c93b61fc-0d5e-4e90-9360-0678267ec0b0,Archiwum Archidiecezjalnego,Archiwum Archidiecezjalnego,archiwum archidiecezjalnego,False,archiwum archidiecezjalny,archiwum archidiecezjalny,Government / Public Administration
c93b61fc-0d5e-4e90-9360-0678267ec0b0,Bibliotek,Bibliotek,bibliotek,False,bibliotek,bibliotek,Education (non-university)
c93b61fc-0d5e-4e90-9360-0678267ec0b0,i Diecezjalnej,i Diecezjalnej,i diecezjalnej,False,i diecezjalna,i diecezjalna,Religious Organization
c94fa3b3-ee04-43b3-a459-3f622a40cff3,Biuro Prasowe Jasnej,Biuro Prasowe Jasnej,biuro prasowe jasnej,False,biuro prasowe Jasny,biuro prasowe Jasny,Media / Publishing
c981ec75-e5bc-4e50-9e59-3ce5b963ecc8,lett Packard Enterprise,lett Packard Enterprise,lett packard enterprise,False,lett packard enterprise,lett packard enterprise,Government / Public Administration
c9ad6653-ed80-453b-853d-3e1420e4631c,Województwa Małopolskiego,Województwa Małopolskiego,województwa małopolskiego,False,województwo małopolski,województwo małopolski,Government / Public Administration
ca1221a8-30c1-4c4a-85e8-ca96bccd09b7,Centralnym Szpitalu Klinicznym UMed,Centralnym Szpitalu Klinicznym UMed,centralnym szpitalu klinicznym umed,False,Centralny szpital kliniczny umed,Centralny szpital kliniczny umed,Health / Hospitals / Medical
ca55c81b-9170-486e-a9e2-ffee5b9a7cc0,Międzylaboratoryjnej Grupy ds. Porównań Krajowych Wzorców,Międzylaboratoryjnej Grupy ds. Porównań Krajowych Wzorców,międzylaboratoryjnej grupy ds. porównań krajowych wzorców,False,międzylaboratoryjna grupa do_spraw . porównań krajowy wzorcyw,międzylaboratoryjna grupa ds. porównań krajowy wzorcyw,Government / Public Administration
ca55c81b-9170-486e-a9e2-ffee5b9a7cc0,łówny Urząd Miar,łówny Urząd Miar,łówny urząd miar,False,łówny urząd miar,łówny urząd miar,Government / Public Administration
ca6aafd9-0516-483a-a606-bb887c36c0f5,Working Group on the Quality of Child,Working Group on the Quality of Child,working group on the quality of child,False,working Group on the Quality of child,working Group on the Quality of child,Company / Business
caa970d2-afd6-43e4-806f-9073675f2d5e,Współpracy Międzynarodowej,Współpracy Międzynarodowej,współpracy międzynarodowej,False,współpracy międzynarodowy,współpracy międzynarodowy,Government / Public Administration
cad11886-0da7-4b43-81a7-4671fc38f729,Towarzystwo Miłośników Dziedzictwa Kultury Polskiej „Zabytek,Towarzystwo Miłośników Dziedzictwa Kultury Polskiej „Zabytek,towarzystwo miłośników dziedzictwa kultury polskiej „zabytek,False,towarzystwo miłośnik dziedzictwo kultura polski „ zabytek,towarzystwo miłośnik dziedzictwo kultura polski „ zabytek,NGO / Association / Foundation
cb36f727-2f61-457c-8005-d6091eceade7,Związk,Związk,związk,False,związk,związk,NGO / Association / Foundation
cb7ff639-f328-4ec3-9d71-dcf734f29150,Europe,Europe,europe,False,europe,europe,International Organization / EU
cc5c4611-22a9-4735-8eb8-461fdab27b69,Szkoły Głównej Gospodarstwa Wiejskiego,Szkoły Głównej Gospodarstwa Wiejskiego,szkoły głównej gospodarstwa wiejskiego,False,szkoła główny gospodarstwo wiejski,szkoła główny gospodarstwo wiejski,Education (non-university)
cc5c4611-22a9-4735-8eb8-461fdab27b69,Szkole Głównej Gospodarstwa Wiejskiego,Szkole Głównej Gospodarstwa Wiejskiego,szkole głównej gospodarstwa wiejskiego,False,szkoła główny gospodarstwo wiejski,szkoła główny gospodarstwo wiejski,Education (non-university)
ccc49991-c799-4821-b414-80ef762938ba,"Beta-Bio Technology, Sp. z o.o.","Beta-Bio Technology, Sp. z o.o.","beta-bio technology, sp. z o.o.",False,"beta - bio Technology , Sp . z ograniczona_odpowiedzialność .","beta - bio Technology , Sp . z o.o.",Company / Business
cceeecd9-8f86-4226-b726-af1a9f1e8a33,Stowarzyszenie Janików nad Smortawą,Stowarzyszenie Janików nad Smortawą,stowarzyszenie janików nad smortawą,False,stowarzyszenie janików nad Smortawa,stowarzyszenie janików nad Smortawa,NGO / Association / Foundation
cd84a916-092a-40f4-8f24-935e05470811,Parlamentu Europejskiego i,Parlamentu Europejskiego i,parlamentu europejskiego i,False,parlament europejski i,parlament europejski i,Government / Public Administration
cd84a916-092a-40f4-8f24-935e05470811,European Commission,European Commission,european commission,False,european commission,european commission,International Organization / EU
cda11329-751d-4458-b3bf-1a7f7de71444,Urzędu Marszałkowskiego woj,Urzędu Marszałkowskiego woj,urzędu marszałkowskiego woj,False,urząd marszałkowski województwo,urząd marszałkowski województwo,Government / Public Administration
cde496f2-0d72-42a9-9ca6-c6c30f9118f7,y w polityce międzynarodowej,y w polityce międzynarodowej,y w polityce międzynarodowej,False,” w polityka międzynarodowy,” w polityka międzynarodowy,Government / Public Administration
cdfd160f-f4ce-4229-91ae-326f1ec08e86,"""Pomnik-Centrum Zdrowia Dziecka",Pomnik-Centrum Zdrowia Dziecka,pomnik-centrum zdrowia dziecka,False,pomnik - centrum zdrowie dziecko,pomnik - centrum zdrowie dziecko,Health / Hospitals / Medical
cdfd160f-f4ce-4229-91ae-326f1ec08e86,European Committee on Antimicrobial Susceptibility Testing,European Committee on Antimicrobial Susceptibility Testing,european committee on antimicrobial susceptibility testing,False,european committee on antimicrobial susceptibilita testing,european committee on antimicrobial susceptibilita testing,International Organization / EU
ceda93d4-92f6-40ad-a12b-b5371b24d34d,Fundacji Friedricha Eberta,Fundacji Friedricha Eberta,fundacji friedricha eberta,False,fundacja friedricha eberta,fundacja friedricha eberta,NGO / Association / Foundation
cfe6d221-9ceb-4970-a428-08e84334b560,ZURAD sp.,ZURAD sp.,zurad sp.,False,zurad sa .,zurad s.a.,Company / Business
d028a01f-29c8-4562-a940-1167e1b45af2,uni,uni,uni,False,unia,unia,International Organization / EU
d13b331f-c356-41a4-8b6e-5746b13a365d,Regional,Regional,regional,False,regional,regional,Government / Public Administration
d13b331f-c356-41a4-8b6e-5746b13a365d,Komisji Europejskiej UE,Komisji Europejskiej UE,komisji europejskiej ue,False,komisja europejski UE,komisja europejski UE,Government / Public Administration
d1535fd1-b40a-42b1-88ff-fa15ca0e6555,Generalnej i Regionalnych Dyrekcji Ochrony Środowiska,Generalnej i Regionalnych Dyrekcji Ochrony Środowiska,generalnej i regionalnych dyrekcji ochrony środowiska,False,generalny i regionalny dyrekcja ochrona środowisko,generalny i regionalny dyrekcja ochrona środowisko,Government / Public Administration
d1535fd1-b40a-42b1-88ff-fa15ca0e6555,Narodowego,Narodowego,narodowego,False,narodowy,narodowy,Government / Public Administration
d222f394-3439-4aeb-b977-e54d953c4cc1,Muzeum Zachodniokaszubskie,Muzeum Zachodniokaszubskie,muzeum zachodniokaszubskie,False,muzeum zachodniokaszubskie,muzeum zachodniokaszubskie,Cultural Institution / Arts
d222f394-3439-4aeb-b977-e54d953c4cc1,Muzeum Piśmiennictwa i Muz,Muzeum Piśmiennictwa i Muz,muzeum piśmiennictwa i muz,False,muzeum piśmiennictwo i muz,muzeum piśmiennictwo i muz,Cultural Institution / Arts
d2e65cd7-616f-4840-9303-8ed6b3cd09ed,International Union for Conservation of Nature’,International Union for Conservation of Nature,international union for conservation of nature,False,International Union forówna conservation of nature,International Union forówna conservation of nature,International Organization / EU
d2f3b85d-55c3-4727-9530-86c7c3d8d134,belski Park Technologiczny,belski Park Technologiczny,belski park technologiczny,False,belski park technologiczny,belski park technologiczny,Company / Business
d353482d-0538-43d5-9582-5ebf69277ea1,Food and Drug Administration,Food and Drug Administration,food and drug administration,False,food and drug administration,food and drug administration,Government / Public Administration
d431fae3-c3ea-459e-8e18-d70b9b4936aa,ziennik. Gazeta Prawna,ziennik. Gazeta Prawna,ziennik. gazeta prawna,False,ziennik . gazeta prawna,ziennik . gazeta prawna,Media / Publishing
d431fae3-c3ea-459e-8e18-d70b9b4936aa,tvp,tvp,tvp,False,to_sysapipiporoby,TVP,Media / Publishing
d4cc740e-1556-4ceb-b98e-8b297d039bc8,European Alliance of Associations for Rheumatology,European Alliance of Associations for Rheumatology,european alliance of associations for rheumatology,False,european alliance of associations forówna rheumatology,european alliance of associations forówna rheumatology,NGO / Association / Foundation
d4cc740e-1556-4ceb-b98e-8b297d039bc8,European Society of Musculoskeletal Radiology,European Society of Musculoskeletal Radiology,european society of musculoskeletal radiology,False,european society of musculoskeletal radiology,european society of musculoskeletal radiology,Media / Publishing
d4cc740e-1556-4ceb-b98e-8b297d039bc8,Semin Musculoskelet Radiol.,Semin Musculoskelet Radiol.,semin musculoskelet radiol.,False,semin musculoskelet radiol .,semin musculoskelet radiol .,Media / Publishing
d5176772-b09e-483e-8b0a-817bd952262f,Parlamentu Europejskiego i Rady,Parlamentu Europejskiego i Rady,parlamentu europejskiego i rady,False,parlament europejski i rada,parlament europejski i rada,Government / Public Administration
d51c08ba-c92e-439a-9a50-0e9a8a05785e,Centrum Kultury i Historii,Centrum Kultury i Historii,centrum kultury i historii,False,centrum kultura i historia,centrum kultura i historia,Cultural Institution / Arts
d51c08ba-c92e-439a-9a50-0e9a8a05785e,Centralna Biblioteka Wojs,Centralna Biblioteka Wojs,centralna biblioteka wojs,False,centralna biblioteka wojs,centralna biblioteka wojs,Education (non-university)
d524a977-79cc-4042-8b70-452ed5032c2e,Ministra Infrastruktury,Ministra Infrastruktury,ministra infrastruktury,False,minister infrastruktury,minister infrastruktury,Government / Public Administration
d563d02f-878d-47ee-bcce-342517345da8,Towarzystw,Towarzystw,towarzystw,False,towarzystwo,towarzystwo,NGO / Association / Foundation
d58038fb-97ba-472b-9f45-9b3b3b075ba2,Teatr Rytmu Katalog,Teatr Rytmu Katalog,teatr rytmu katalog,False,teatr rytm katalog,teatr rytm katalog,Cultural Institution / Arts
d59d5a76-838e-4475-8378-8e27afe45977,Wojewódzka Stacja Pogotowia Ratunkowego,Wojewódzka Stacja Pogotowia Ratunkowego,wojewódzka stacja pogotowia ratunkowego,False,wojewódzki stacja pogotowie ratunkowy,wojewódzki stacja pogotowie ratunkowy,Government / Public Administration
d59d5a76-838e-4475-8378-8e27afe45977,Szpital MSWiA,Szpital MSWiA,szpital mswia,False,szpital MSWiA,szpital MSWiA,Health / Hospitals / Medical
d59d5a76-838e-4475-8378-8e27afe45977,Publiczny Specjalistyczny Zakład Opieki Zdrowotnej,Publiczny Specjalistyczny Zakład Opieki Zdrowotnej,publiczny specjalistyczny zakład opieki zdrowotnej,False,publiczny specjalistyczny zakład opieka zdrowotno,publiczny specjalistyczny zakład opieka zdrowotno,Health / Hospitals / Medical
d59f8f34-afb8-41f3-ab3c-1e4cf7a24d77,Wojewódzki Szpital Specjalistyczny nr 5,Wojewódzki Szpital Specjalistyczny nr 5,wojewódzki szpital specjalistyczny nr 5,False,wojewódzki szpital specjalistyczny numer 5,wojewódzki szpital specjalistyczny numer 5,Government / Public Administration
d59f8f34-afb8-41f3-ab3c-1e4cf7a24d77,Klinika Optegra,Klinika Optegra,klinika optegra,False,klinika optegra,klinika optegra,Health / Hospitals / Medical
d59f8f34-afb8-41f3-ab3c-1e4cf7a24d77,Samodzielny Publiczny Szpital Kliniczny nr 1,Samodzielny Publiczny Szpital Kliniczny nr 1,samodzielny publiczny szpital kliniczny nr 1,False,samodzielny publiczny szpital kliniczny numer 1,samodzielny publiczny szpital kliniczny numer 1,Health / Hospitals / Medical
d5af1d4b-65af-4774-a495-1d291afc04de,i Związek Gmin i Powiatów,i Związek Gmin i Powiatów,i związek gmin i powiatów,False,i związek gmina i powiatów,i związek gmina i powiatów,Government / Public Administration
d5af1d4b-65af-4774-a495-1d291afc04de,Innovative & Sustainable Transport,Innovative & Sustainable Transport,innovative & sustainable transport,False,innovative & sustainable transport,innovative & sustainable transport,NGO / Association / Foundation
d5efdbd4-5b51-4a34-a590-403d91082603,Oddziału Klinicznego Okulistyki i Onkologii Okulistycznej,Oddziału Klinicznego Okulistyki i Onkologii Okulistycznej,oddziału klinicznego okulistyki i onkologii okulistycznej,False,oddziału kliniczny okulistyka i onkologii okulistyczna,oddziału kliniczny okulistyka i onkologii okulistyczna,Health / Hospitals / Medical
d697e0ab-660d-401c-8b9f-c910b5c8ca89,Zespołu Szkół Ekonomicznych,Zespołu Szkół Ekonomicznych,zespołu szkół ekonomicznych,False,zespół szkoła ekonomiczny,zespół szkoła ekonomiczny,Education (non-university)
d697e0ab-660d-401c-8b9f-c910b5c8ca89,Narod,Narod,narod,False,narod,narod,Government / Public Administration
d69a3a79-188f-4ecc-9941-067aa6126420,ASPI sp. z o.o,ASPI sp. z o.o,aspi sp. z o.o,False,aSPI sa . z ograniczona_odpowiedzialność,aSPI s.a. z o.o.,Company / Business
d6b3db07-daf5-4f6e-90ce-8af35787a40a,Adamed sp. z o.o,Adamed sp. z o.o,adamed sp. z o.o,False,adamed sa . z ograniczona_odpowiedzialność,adamed s.a. z o.o.,Company / Business
d6b3db07-daf5-4f6e-90ce-8af35787a40a,Alba Thyment Sp. z o.o,Alba Thyment Sp. z o.o,alba thyment sp. z o.o,False,alba thyment Sp . z ograniczona_odpowiedzialność,alba thyment Sp . z o.o.,Company / Business
d6b3db07-daf5-4f6e-90ce-8af35787a40a,Esthetic Solutions AT Andrzej Szymczak Tomasz Pawelczyk s.c.,Esthetic Solutions AT Andrzej Szymczak Tomasz Pawelczyk s.c.,esthetic solutions at andrzej szymczak tomasz pawelczyk s.c.,False,esthetic solutions AT Andrzej szymczak Tomasz pawelczyk s.c .,esthetic solutions AT Andrzej szymczak Tomasz pawelczyk s.c .,Company / Business
d6b3db07-daf5-4f6e-90ce-8af35787a40a,Oceanic sp. akcyjna,Oceanic sp. akcyjna,oceanic sp. akcyjna,False,oceanic sa . akcyjny,oceanic s.a. akcyjny,Company / Business
d6b3db07-daf5-4f6e-90ce-8af35787a40a,Nowy Samochód S.A.,Nowy Samochód S.A.,nowy samochód s.a.,False,nowy samochód spółka_akcyjna .,nowy samochód spółka_akcyjna .,Company / Business
d72cb62d-8c07-4eea-ad66-aa6395f8c2d8,Lestello sp. z o.o.,Lestello sp. z o.o.,lestello sp. z o.o.,False,lestello sa . z ograniczona_odpowiedzialność .,lestello s.a. z o.o.,Company / Business
d85452aa-f6a7-4b70-92c6-8560bd7e7ab9,Muzeum Harcerstwa ZHP,Muzeum Harcerstwa ZHP,muzeum harcerstwa zhp,False,muzeum harcerstwo ZHP,muzeum harcerstwo ZHP,Cultural Institution / Arts
d91111c0-05a8-49b3-a957-da6f5e2c1940,Europejskiej Grupy Regulatorów,Europejskiej Grupy Regulatorów,europejskiej grupy regulatorów,False,europejski grupa regulator,europejski grupa regulator,International Organization / EU
d91111c0-05a8-49b3-a957-da6f5e2c1940,alnych usług medialnych,alnych usług medialnych,alnych usług medialnych,False,alnych usługa medialny,alnych usługa medialny,Media / Publishing
d91514a7-ae88-4962-8307-4a8491fa4e42,Stowarzyszenie Nauczycieli „Prowincja,Stowarzyszenie Nauczycieli „Prowincja,stowarzyszenie nauczycieli „prowincja,False,stowarzyszenie nauczycieli „ prowincja,stowarzyszenie nauczycieli „ prowincja,NGO / Association / Foundation
d941211d-f1ca-4b4b-8d82-6f61ebb48950,Europejski trybunał obrachunkowy,Europejski trybunał obrachunkowy,europejski trybunał obrachunkowy,False,europejski trybunał obrachunkowy,europejski trybunał obrachunkowy,International Organization / EU
d941211d-f1ca-4b4b-8d82-6f61ebb48950,PARLAMENTU EUROPEJSKIEGO,PARLAMENTU EUROPEJSKIEGO,parlamentu europejskiego,False,Partament europejski,Partament europejski,International Organization / EU
d941211d-f1ca-4b4b-8d82-6f61ebb48950,RADY,RADY,rady,False,rada,rada,Government / Public Administration
d9893993-8d65-4ab1-bd4b-9f8295557a47,Food and Drug Administration,Food and Drug Administration,food and drug administration,False,food and drug administration,food and drug administration,Government / Public Administration
d9b952b0-2677-4e32-9849-0b6c4653edad,Krajowego Rejestru Nowotworów,Krajowego Rejestru Nowotworów,krajowego rejestru nowotworów,False,krajowy rejestr nowotwór,krajowy rejestr nowotwór,Government / Public Administration
da3079bf-597c-4fa0-b0f8-bae278cd04c7,Zdrowia,Zdrowia,zdrowia,False,zdrowie,zdrowie,Health / Hospitals / Medical
da68e3e5-2efa-4744-a69b-e0177136d98f,Wojewódzkim Ośrodku Metodycznym,Wojewódzkim Ośrodku Metodycznym,wojewódzkim ośrodku metodycznym,False,wojewódzki ośrodek metodyczny,wojewódzki ośrodek metodyczny,Government / Public Administration
da720707-1e03-470b-baa0-f6c81a4d29fd,Muzeum M. Kajki,Muzeum M. Kajki,muzeum m. kajki,False,muzeum M . kajki,muzeum M . kajki,Cultural Institution / Arts
da720707-1e03-470b-baa0-f6c81a4d29fd,Starostwu Powiatowemu w,Starostwu Powiatowemu w,starostwu powiatowemu w,False,starostwo powiatowy w,starostwo powiatowy w,Government / Public Administration
da720707-1e03-470b-baa0-f6c81a4d29fd,Urzędowi Marszałkowskiemu Województwa Warmińsko-Mazurskiego,Urzędowi Marszałkowskiemu Województwa Warmińsko-Mazurskiego,urzędowi marszałkowskiemu województwa warmińsko-mazurskiego,False,urzęd marszałkowski województwo warmiński - mazurski,urzęd marszałkowski województwo warmiński - mazurski,Government / Public Administration
dc0cf7fd-b286-4d1d-bdb1-37b55d728aae,Urząd Miasta Pozna,Urząd Miasta Pozna,urząd miasta pozna,False,urząd miasto pozno,urząd miasto pozno,Government / Public Administration
dc140dc0-c01c-4615-aae7-485076fd821e,Graw Sp. z o.o,Graw Sp. z o.o,graw sp. z o.o,False,graw Sp . z ograniczona_odpowiedzialność,graw Sp . z o.o.,Company / Business
dc4eda29-595f-4983-8f91-f52844813907,European Network of Female Fans,European Network of Female Fans,european network of female fans,False,european network of female fans,european network of female fans,International Organization / EU
dc61f8e1-eed6-4447-890e-9d1011b5815b,Szpitalem Miejskim,Szpitalem Miejskim,szpitalem miejskim,False,szpital miejski,szpital miejski,Health / Hospitals / Medical
dcc00fa0-9225-4ae5-b0fa-dcc580fd6ce5,INNOTECH,INNOTECH,innotech,False,innotet,innotet,NGO / Association / Foundation
dcc4640e-9d68-4122-87d3-1ba6b2c44ae3,Komisję Samorządu Terytorialnego,Komisję Samorządu Terytorialnego,komisję samorządu terytorialnego,False,komisja samorządu terytorialny,komisja samorządu terytorialny,Government / Public Administration
dcc4640e-9d68-4122-87d3-1ba6b2c44ae3,Administracji Państwowej Senatu RP,Administracji Państwowej Senatu RP,administracji państwowej senatu rp,False,administracja państwowy senat RP,administracja państwowy senat RP,Government / Public Administration
dd38c64d-b7e2-4c2c-8a6d-109769e85279,Europejskiej Sieci Ośrodków Referencyjnych ds,Europejskiej Sieci Ośrodków Referencyjnych ds,europejskiej sieci ośrodków referencyjnych ds,False,europejski sieć ośrodki referencyjny do_spraw,europejski sieć ośrodki referencyjny do_spraw,International Organization / EU
dd38c64d-b7e2-4c2c-8a6d-109769e85279,Europejskiego Centrum Referencyjnego ds,Europejskiego Centrum Referencyjnego ds,europejskiego centrum referencyjnego ds,False,europejski centrum referencyjny do_spraw,europejski centrum referencyjny do_spraw,International Organization / EU
dd63077f-76b2-403b-b453-7ea976bf9e76,Wydawnictwie „Świat Książki”,Wydawnictwie „Świat Książki,wydawnictwie „świat książki,False,wydawnictwo „ świat książka,wydawnictwo „ świat książka,Media / Publishing
dd6cc065-03d0-4209-977b-5ac8d94bc677,sis Management Innovation Network Europe,sis Management Innovation Network Europe,sis management innovation network europe,False,sis management innovation network europe,sis management innovation network europe,NGO / Association / Foundation
ddfe9350-11ab-40ff-8cbe-61288fb9a455,European Stroke Organization,European Stroke Organization,european stroke organization,False,european stroke organization,european stroke organization,International Organization / EU
de96cfef-0732-4058-9e1e-23e53bb498ad,parlamentjakubowy,parlamentjakubowy,parlamentjakubowy,False,parlamentjakubowy,parlamentjakubowy,Government / Public Administration
df42e18d-0306-4fcc-aa05-f2a45b9c7151,straż,straż,straż,False,straż,straż,Military / Defense / Security
df42e18d-0306-4fcc-aa05-f2a45b9c7151,straży pożar,straży pożar,straży pożar,False,straż pożar,straż pożar,Military / Defense / Security
df579f82-b323-4e21-b375-8d52a833ef91,ł Zbrojnych RP,ł Zbrojnych RP,ł zbrojnych rp,False,jarzopta zbrojny RP,jarzopta zbrojny RP,Government / Public Administration
df579f82-b323-4e21-b375-8d52a833ef91,Obrony Narodowej,Obrony Narodowej,obrony narodowej,False,obrona narodowy,obrona narodowy,Government / Public Administration
e07d2eb3-87e7-4f93-8bc2-bc3865884805,ządowego Centrum Bezpieczeństwa,ządowego Centrum Bezpieczeństwa,ządowego centrum bezpieczeństwa,False,ządowy centrum bezpieczeństwo,ządowy centrum bezpieczeństwo,Military / Defense / Security
e1a509b7-716f-4e95-b28e-3eed85f31349,Minister,Minister,minister,False,minister,minister,Government / Public Administration
e1a509b7-716f-4e95-b28e-3eed85f31349,Polsko-Ukraińskiej Dwustronnej Komisji Ekspert,Polsko-Ukraińskiej Dwustronnej Komisji Ekspert,polsko-ukraińskiej dwustronnej komisji ekspert,False,polski - ukraińska dwustronno komisja ekspert,polski - ukraińska dwustronno komisja ekspert,Government / Public Administration
e1c3507d-c39a-4b01-923e-4250d8b4f279,Podlaskim Oddziałem Stowarzyszenia „Wspólnota Polska,Podlaskim Oddziałem Stowarzyszenia „Wspólnota Polska,podlaskim oddziałem stowarzyszenia „wspólnota polska,False,podlaskim oddziałem stowarzyszenie „ wspólnota Polska,podlaskim oddziałem stowarzyszenie „ wspólnota Polska,NGO / Association / Foundation
e1c3507d-c39a-4b01-923e-4250d8b4f279,Podlaski Oddział Stowarzyszenia „Wspólnota Polska,Podlaski Oddział Stowarzyszenia „Wspólnota Polska,podlaski oddział stowarzyszenia „wspólnota polska,False,podlaski oddział stowarzyszenie „ wspólnota Polska,podlaski oddział stowarzyszenie „ wspólnota Polska,NGO / Association / Foundation
e1c3507d-c39a-4b01-923e-4250d8b4f279,Konsulatu RP,Konsulatu RP,konsulatu rp,False,konsulat RP,konsulat RP,Government / Public Administration
e1e67bf7-eb54-4723-903b-267455757af4,Oddziałem Regionalnym Inicjatywy Firm Rodzinnych,Oddziałem Regionalnym Inicjatywy Firm Rodzinnych,oddziałem regionalnym inicjatywy firm rodzinnych,False,oddział być regionalny inicjatywy firm rodzinny,oddział być regionalny inicjatywy firm rodzinny,Government / Public Administration
e2133f0c-d12a-42b0-ba7a-b167d7118adc,Firma,Firma,firma,False,firma,firma,Company / Business
e22e0a93-6044-4fcf-a25e-9eaa172ed663,Stowarzyszenie „Przedsiębiorczość dla Ekologii,Stowarzyszenie „Przedsiębiorczość dla Ekologii,stowarzyszenie „przedsiębiorczość dla ekologii,False,stowarzyszenie „ przedsiębiorczość dla ekologia,stowarzyszenie „ przedsiębiorczość dla ekologia,NGO / Association / Foundation
e2d9cd4a-d2f1-490b-95a7-d254ef05be5d,ML system S.A.,ML system S.A.,ml system s.a.,False,mlita system spółka_akcyjna .,mlita system spółka_akcyjna .,Company / Business
e3452663-3378-4320-82bb-9cc7769eec88,Towarzystw,Towarzystw,towarzystw,False,towarzystwo,towarzystwo,NGO / Association / Foundation
e3b5aa69-a2aa-4683-ac42-74736168ad73,Kultury,Kultury,kultury,False,kultura,kultura,Cultural Institution / Arts
e3b5aa69-a2aa-4683-ac42-74736168ad73,Urzędu Gminy i Miasta,Urzędu Gminy i Miasta,urzędu gminy i miasta,False,urząd gmina i miasto,urząd gmina i miasto,Government / Public Administration
e3e9cf38-13f5-44b5-bb4a-14ab1c3645d0,"AlgaeLabs, Sp z o.o.","AlgaeLabs, Sp z o.o.","algaelabs, sp z o.o.",False,"algaelabs , Sp z ograniczona_odpowiedzialność .","algaelabs , Sp z o.o.",Company / Business
e4010764-4d53-4460-84d7-508616079bee,Europe,Europe,europe,False,europe,europe,International Organization / EU
e4010764-4d53-4460-84d7-508616079bee,jski Urząd Patentowy,jski Urząd Patentowy,jski urząd patentowy,False,jski urząd patentowy,jski urząd patentowy,Government / Public Administration
e503dfdf-37a5-48eb-945c-28a5a182b9a8,Miejsko-Gminnej Bibliotece Publicznej,Miejsko-Gminnej Bibliotece Publicznej,miejsko-gminnej bibliotece publicznej,False,miejski - gminnej bibliotece publiczna,miejski - gminnej bibliotece publiczna,Government / Public Administration
e527ab05-c608-46a0-95a9-0b8d40342759,Wojewódzki,Wojewódzki,wojewódzki,False,wojewódzki,wojewódzki,Government / Public Administration
e5358c4a-b192-4c76-a233-bd5aa3c48955,obrony narodowej,obrony narodowej,obrony narodowej,False,obrona narodowy,obrona narodowy,Government / Public Administration
e581f81f-f1f2-49ab-ade6-a637ec2f6349,Państwowej Komisji (ds.) Poświadczania Znajomości Języka Polskiego jako Obcego,Państwowej Komisji (ds.) Poświadczania Znajomości Języka Polskiego jako Obcego,państwowej komisji (ds.) poświadczania znajomości języka polskiego jako obcego,False,państwowy komisja ( do_spraw . ) poświadczanie znajomości język polski jako obce,państwowy komisja ( ds. ) poświadczanie znajomości język polski jako obce,Government / Public Administration
e599e490-3f9b-414b-83c6-0be2f84b0f88,narodowej,narodowej,narodowej,False,narodowy,narodowy,Government / Public Administration
e68ce44a-67cb-4bfb-981c-ab669621718c,Wyszehradzkiej grupy bojowej,Wyszehradzkiej grupy bojowej,wyszehradzkiej grupy bojowej,False,wyszehradzka grupa bojowa,wyszehradzka grupa bojowa,Company / Business
e6eda213-82f6-4ece-aac1-3118a1c6a4e0,Państwowym Uniwersytecie,Państwowym Uniwersytecie,państwowym uniwersytecie,False,państwowym uniwersytet,państwowym uniwersytet,Government / Public Administration
e6eda213-82f6-4ece-aac1-3118a1c6a4e0,Nowe Książki,Nowe Książki,nowe książki,False,nowy książka,nowy książka,Cultural Institution / Arts
e6eda213-82f6-4ece-aac1-3118a1c6a4e0,Polskie Radio Program 2,Polskie Radio Program 2,polskie radio program 2,False,polski radio program 2,polski radio program 2,Media / Publishing
e703d3f1-985c-4aa0-99b2-f5ec87e2b13e,Publicator Sp. z o.o,Publicator Sp. z o.o,publicator sp. z o.o,False,publicator Sp . z ograniczona_odpowiedzialność,publicator Sp . z o.o.,Company / Business
e703d3f1-985c-4aa0-99b2-f5ec87e2b13e,Canal+ Domo,Canal+ Domo,canal+ domo,False,canal+ domo,canal+ domo,Cultural Institution / Arts
e7c98a46-4c8d-4876-a0d9-e7b3ca64d2ab,TVP 3,TVP 3,tvp 3,False,TVP 3,TVP 3,Media / Publishing
e81f4c14-4711-4226-9464-7102a406d5e0,Narod,Narod,narod,False,narod,narod,Government / Public Administration
e842023c-d08c-43f9-9076-4c97973f44ee,Towarzystw,Towarzystw,towarzystw,False,towarzystwo,towarzystwo,NGO / Association / Foundation
e842023c-d08c-43f9-9076-4c97973f44ee,ie Kultury Polskiej Ziemi Lwowskiej,ie Kultury Polskiej Ziemi Lwowskiej,ie kultury polskiej ziemi lwowskiej,False,te kultura polski Ziemia lwowsko,te kultura polski Ziemia lwowsko,Cultural Institution / Arts
e874f8ca-9e0a-4b2e-b623-373c98de24f5,CSR.Expert,CSR.Expert,csr.expert,False,CSR . expert,CSR . expert,Company / Business
e89968a4-07cb-4bdd-9499-3ec3298717e9,Szkole Podstawowej nr 26,Szkole Podstawowej nr 26,szkole podstawowej nr 26,False,szkoła podstawowy numer 26,szkoła podstawowy numer 26,Education (non-university)
e8ba2314-1e3d-41f4-94aa-25fb2a94f3fc,FKT–Forschungskuratorium Textil,FKT–Forschungskuratorium Textil,fkt–forschungskuratorium textil,False,FKT – forschungskuratorium textil,FKT – forschungskuratorium textil,Education (non-university)
e8ba2314-1e3d-41f4-94aa-25fb2a94f3fc,m Zarządem Dróg,m Zarządem Dróg,m zarządem dróg,False,być zarząd droga,być zarząd droga,Government / Public Administration
e8e29d38-a8fc-4799-9fd0-d22d85d95beb,Integracyjne Prywatne Przedszkole Montessori,Integracyjne Prywatne Przedszkole Montessori,integracyjne prywatne przedszkole montessori,False,integracyjne prywatne przedszkole montessori,integracyjne prywatne przedszkole montessori,Education (non-university)
e8e29d38-a8fc-4799-9fd0-d22d85d95beb,Integracyjna Prywatna Szkoła Montessori,Integracyjna Prywatna Szkoła Montessori,integracyjna prywatna szkoła montessori,False,integracyjna prywatna szkoła montessori,integracyjna prywatna szkoła montessori,Education (non-university)
e8e29d38-a8fc-4799-9fd0-d22d85d95beb,zne Przedszkole nr 7,zne Przedszkole nr 7,zne przedszkole nr 7,False,zne przedszkole numer 7,zne przedszkole numer 7,Education (non-university)
e905c0ba-77c9-4263-a483-0f8a0bd30148,Kościoła katoli,Kościoła katoli,kościoła katoli,False,kościół katoli,kościół katoli,Religious Organization
ea3318ad-0146-4b63-8595-c49dab79d939,Państwo,Państwo,państwo,False,państwo,państwo,Government / Public Administration
ea951da0-315b-49c0-b779-7e9fc6a6cbda,Forum Rozwoju Regionalnego,Forum Rozwoju Regionalnego,forum rozwoju regionalnego,False,forum rozwój regionalny,forum rozwój regionalny,Government / Public Administration
eaa77237-9c7d-46bf-8efc-d1375a69f8e4,Rzecz o Innowacjach,Rzecz o Innowacjach,rzecz o innowacjach,False,rzecz o innowacje,rzecz o innowacje,NGO / Association / Foundation
eab9a76d-d92f-4704-a317-510edb593f67,Organization for Social Innovation „,Organization for Social Innovation,organization for social innovation,False,organization forówna social innovation,organization forówna social innovation,NGO / Association / Foundation
eab9a76d-d92f-4704-a317-510edb593f67,Organization for Social Innovation „ARNO,Organization for Social Innovation „ARNO,organization for social innovation „arno,False,organization forówna social innovation „ arno,organization forówna social innovation „ arno,NGO / Association / Foundation
eae3e8c0-5e4a-48cf-a096-e69314655470,Archiwami X,Archiwami X,archiwami x,False,archiwam X,archiwam X,Government / Public Administration
eae3e8c0-5e4a-48cf-a096-e69314655470,Wojewódzkich Policji,Wojewódzkich Policji,wojewódzkich policji,False,wojewódzki policja,wojewódzki policja,Government / Public Administration
eb00b5ad-6637-49c1-b889-19f7084964cb,Muzeum Wojska,Muzeum Wojska,muzeum wojska,False,muzeum wojsko,muzeum wojsko,Cultural Institution / Arts
ebc819ea-f00b-474e-bc8e-30748b71abfe,ządowe Centrum Bezpieczeństwa,ządowe Centrum Bezpieczeństwa,ządowe centrum bezpieczeństwa,False,ządowe centrum bezpieczeństwo,ządowe centrum bezpieczeństwo,Military / Defense / Security
ec00c774-59d7-4390-a3fb-40c9abb41a3f,ł Zbrojnych RP,ł Zbrojnych RP,ł zbrojnych rp,False,jarzopta zbrojny RP,jarzopta zbrojny RP,Government / Public Administration
ec28b36c-3b68-406f-a3dc-7d7f998f3653,Międzynarodowe Jury,Międzynarodowe Jury,międzynarodowe jury,False,międzynarodowy jury,międzynarodowy jury,Government / Public Administration
ec28b36c-3b68-406f-a3dc-7d7f998f3653,Gazeta,Gazeta,gazeta,False,gazeta,gazeta,Media / Publishing
ec58393f-cbd2-43b5-a5f1-b35eed89cd45,Kraj,Kraj,kraj,False,kraj,kraj,Government / Public Administration
ec58393f-cbd2-43b5-a5f1-b35eed89cd45,owej Komisji Etycznej do Spraw Doświadczeń na Zwierzętach,owej Komisji Etycznej do Spraw Doświadczeń na Zwierzętach,owej komisji etycznej do spraw doświadczeń na zwierzętach,False,ów komisja ctyczny do sprawa doświadczeń na zwierzę,ów komisja ctyczny do sprawa doświadczeń na zwierzę,Government / Public Administration
ed22bf62-4eef-4db8-8f24-4bf068cc5cd2,Working Group on,Working Group on,working group on,False,working Group on,working Group on,Company / Business
ed49265a-2cd9-406e-b196-be7f5f77d558,TV SGGW,TV SGGW,tv sggw,False,TV Sgga,TV Sgga,Media / Publishing
ed5eaf74-ea60-4106-b846-e2a428c94a5b,Zespołu Szkół Technicznych im. płk,Zespołu Szkół Technicznych im. płk,zespołu szkół technicznych im. płk,False,zespół szkoła techniczny on . pułkownik,zespół szkoła techniczny on . pułkownik,Education (non-university)
ee035d5e-ad49-4721-8453-b074d951381b,Straż pożarna,Straż pożarna,straż pożarna,False,straż pożarny,straż pożarny,Military / Defense / Security
ee035d5e-ad49-4721-8453-b074d951381b,Urząd Morski,Urząd Morski,urząd morski,False,urząd morski,urząd morski,Government / Public Administration
ee7a1d84-4493-40dd-bc34-b280fdd2713f,Dom Rekolekcyjny Górka,Dom Rekolekcyjny Górka,dom rekolekcyjny górka,False,dom rekolekcyjny Górka,dom rekolekcyjny Górka,Cultural Institution / Arts
ee7a1d84-4493-40dd-bc34-b280fdd2713f,Europejskie Centrum Komunikacji i Kultury,Europejskie Centrum Komunikacji i Kultury,europejskie centrum komunikacji i kultury,False,europejski centrum komunikacja i kultura,europejski centrum komunikacja i kultura,Cultural Institution / Arts
ee7a1d84-4493-40dd-bc34-b280fdd2713f,Dom Rekolekcyjny św. Józefa,Dom Rekolekcyjny św. Józefa,dom rekolekcyjny św. józefa,False,dom rekolekcyjny święty . Józef,dom rekolekcyjny święty . Józef,Cultural Institution / Arts
ee7a1d84-4493-40dd-bc34-b280fdd2713f,cyno-Uzdrowiskowe Centrum Dziecka,cyno-Uzdrowiskowe Centrum Dziecka,cyno-uzdrowiskowe centrum dziecka,False,cyno - uzdrowiskowe centrum dziecko,cyno - uzdrowiskowe centrum dziecko,Health / Hospitals / Medical
eee38c3e-96fa-49d8-b081-7f6b0187120b,archidiecezji katowickiej,archidiecezji katowickiej,archidiecezji katowickiej,False,archidiecezji katowicki,archidiecezji katowicki,Religious Organization
ef1ccb63-f5d9-4080-a380-7b41cab3299d,Sekcji/Komisji Onomastycznej,Sekcji/Komisji Onomastycznej,sekcji/komisji onomastycznej,False,sekcji / komisja onomastycznaj,sekcji / komisja onomastycznaj,Government / Public Administration
ef1ccb63-f5d9-4080-a380-7b41cab3299d,łu Ortograficzno-Onomastycznego Rady Języka Polskiego,łu Ortograficzno-Onomastycznego Rady Języka Polskiego,łu ortograficzno-onomastycznego rady języka polskiego,False,łu ortograficzno - onomastyczny rada język polski,łu ortograficzno - onomastyczny rada język polski,Government / Public Administration
ef1ccb63-f5d9-4080-a380-7b41cab3299d,Polskiego Towarzystwa Onomastycznego Onoma,Polskiego Towarzystwa Onomastycznego Onoma,polskiego towarzystwa onomastycznego onoma,False,polski towarzystwo onomastyczny onoma,polski towarzystwo onomastyczny onoma,NGO / Association / Foundation
ef1ccb63-f5d9-4080-a380-7b41cab3299d,Ministr,Ministr,ministr,False,ministr,ministr,Government / Public Administration
ef1ccb63-f5d9-4080-a380-7b41cab3299d,Spraw Wewnętrznych i Administracji,Spraw Wewnętrznych i Administracji,spraw wewnętrznych i administracji,False,sprawa wewnętrzny i administracja,sprawa wewnętrzny i administracja,Government / Public Administration
ef1ccb63-f5d9-4080-a380-7b41cab3299d,Komisji Standaryzacji Nazw Geograficznych poza,Komisji Standaryzacji Nazw Geograficznych poza,komisji standaryzacji nazw geograficznych poza,False,komisja standaryzacji nazwa geograficzny poza,komisja standaryzacji nazwa geograficzny poza,Government / Public Administration
ef1ccb63-f5d9-4080-a380-7b41cab3299d,Komisji Nazw Miejscowości i Obi,Komisji Nazw Miejscowości i Obi,komisji nazw miejscowości i obi,False,komisja nazwa miejscowość i Obi,komisja nazwa miejscowość i Obi,Government / Public Administration
ef35b0c3-784d-455d-b7a8-cd2f063e76c4,Europejski Kongres Małych i Średnich Przedsiębiorstw,Europejski Kongres Małych i Średnich Przedsiębiorstw,europejski kongres małych i średnich przedsiębiorstw,False,europejski kongres mały i średni przedsiębiorstwo,europejski kongres mały i średni przedsiębiorstwo,International Organization / EU
efa719da-7c7e-45a4-845b-593958d64687,INTERMEKO EUROPE sp. z o. o,INTERMEKO EUROPE sp. z o. o,intermeko europe sp. z o. o,False,intermeko europa sa . z o . o,intermeko europa s.a. z o . o,Company / Business
efdb091d-ca72-49cf-ab46-5aef199eda13,Sinthome – Grupa Psychoanalizy Lacanowskiej,Sinthome – Grupa Psychoanalizy Lacanowskiej,sinthome – grupa psychoanalizy lacanowskiej,False,sinthome – grupa psychoanalizy lacanowska,sinthome – grupa psychoanalizy lacanowska,Company / Business
efdb091d-ca72-49cf-ab46-5aef199eda13,Polskiego Towarzystwa Psychoterapii Psychoanalitycznej,Polskiego Towarzystwa Psychoterapii Psychoanalitycznej,polskiego towarzystwa psychoterapii psychoanalitycznej,False,polski towarzystwo psychoterapia psychoanalityczna,polski towarzystwo psychoterapia psychoanalityczna,NGO / Association / Foundation
efdb091d-ca72-49cf-ab46-5aef199eda13,Gazecie Wyborczej,Gazecie Wyborczej,gazecie wyborczej,False,gazeta wyborczy,gazeta wyborczy,Media / Publishing
f0322110-2048-49de-96f2-4f37270e7481,Urzędu Marszałkowskiego Województwa,Urzędu Marszałkowskiego Województwa,urzędu marszałkowskiego województwa,False,urząd marszałkowski województwo,urząd marszałkowski województwo,Government / Public Administration
f0453b43-9726-410f-8e0f-f699bfdcdc43,Inspektoratu Ochrony Środowiska Urzędu Morskiego,Inspektoratu Ochrony Środowiska Urzędu Morskiego,inspektoratu ochrony środowiska urzędu morskiego,False,inspektorat ochrona środowisko urząd morski,inspektorat ochrona środowisko urząd morski,Government / Public Administration
f0a3d364-4281-4510-a650-fed3a07425a6,Państwowymi,Państwowymi,państwowymi,False,państwowymi,państwowymi,Government / Public Administration
f0a3d364-4281-4510-a650-fed3a07425a6,Lasy Państwowe,Lasy Państwowe,lasy państwowe,False,las państwowy,las państwowy,Government / Public Administration
f0f5765a-5c8f-4872-abae-ae24312e56cc,Kultury i Dziedzictwa Narodowego,Kultury i Dziedzictwa Narodowego,kultury i dziedzictwa narodowego,False,kultura i dziedzictwo narodowy,kultura i dziedzictwo narodowy,Government / Public Administration
f0f5765a-5c8f-4872-abae-ae24312e56cc,Rady Ochrony Pamięci Walk i M,Rady Ochrony Pamięci Walk i M,rady ochrony pamięci walk i m,False,rada ochrona pamięć walka i M,rada ochrona pamięć walka i M,Government / Public Administration
f10b9f02-a416-4305-9ef4-62d46d007757,Szkoły Podstawowej nr 28,Szkoły Podstawowej nr 28,szkoły podstawowej nr 28,False,szkoła podstawowy numer 28,szkoła podstawowy numer 28,Education (non-university)
f1316376-fd47-4702-968a-a4af0659ddd3,Muzeum Narodowego,Muzeum Narodowego,muzeum narodowego,False,muzeum narodowy,muzeum narodowy,Government / Public Administration
f1832eac-f1b6-4f6c-b5ce-42f35c980eb0,kościoła NMP,kościoła NMP,kościoła nmp,False,kościół Najświętsza_Maryja_Panna,kościół Najświętsza_Maryja_Panna,Religious Organization
f18b34be-19f5-47a9-8d1a-98379aa0c8cf,Radę Miasta Sop,Radę Miasta Sop,radę miasta sop,False,rada miasto sop,rada miasto sop,Government / Public Administration
f190a615-a0c4-4704-b2b6-ca41112d5825,Polskiego Muzeum w,Polskiego Muzeum w,polskiego muzeum w,False,polski muzeum w,polski muzeum w,Cultural Institution / Arts
f190a615-a0c4-4704-b2b6-ca41112d5825,Muzeum Katyńskim,Muzeum Katyńskim,muzeum katyńskim,False,muzeum katyński,muzeum katyński,Cultural Institution / Arts
f190a615-a0c4-4704-b2b6-ca41112d5825,Muzeum Plakatu,Muzeum Plakatu,muzeum plakatu,False,muzeum plakat,muzeum plakat,Cultural Institution / Arts
f190a615-a0c4-4704-b2b6-ca41112d5825,Minister,Minister,minister,False,minister,minister,Government / Public Administration
f190a615-a0c4-4704-b2b6-ca41112d5825,stwa Kultury i Dziedzictwa Narodowego,stwa Kultury i Dziedzictwa Narodowego,stwa kultury i dziedzictwa narodowego,False,stwa kultura i dziedzictwo narodowy,stwa kultura i dziedzictwo narodowy,Government / Public Administration
f190a615-a0c4-4704-b2b6-ca41112d5825,Konsula Generalnego RP,Konsula Generalnego RP,konsula generalnego rp,False,konsula generalny RP,konsula generalny RP,Government / Public Administration
f190a615-a0c4-4704-b2b6-ca41112d5825,Wojewódzka Biblioteka Publiczna,Wojewódzka Biblioteka Publiczna,wojewódzka biblioteka publiczna,False,wojewódzki biblioteka publiczna,wojewódzki biblioteka publiczna,Government / Public Administration
f190a615-a0c4-4704-b2b6-ca41112d5825,Książnica Kopernikańska,Książnica Kopernikańska,książnica kopernikańska,False,książnica kopernikańska,książnica kopernikańska,Cultural Institution / Arts
f25c5a94-a41c-477d-9d02-2ae9aa1c1959,tvp,tvp,tvp,False,to_sysapipiporoby,TVP,Media / Publishing
f27bcaa1-95a1-4995-8eed-7cae13d2c82d,"Przedsiębiorstwu Wielobranżowemu ""OMEGA""","Przedsiębiorstwu Wielobranżowemu ""OMEGA","przedsiębiorstwu wielobranżowemu ""omega",False,"przedsiębiorstwo wielobranżowy "" omega","przedsiębiorstwo wielobranżowy "" omega",Company / Business
f2b5cee3-b796-447a-9b56-dd1f89c4d61f,Expert Group on Environmental Risks of Hazardous Submerged Objects,Expert Group on Environmental Risks of Hazardous Submerged Objects,expert group on environmental risks of hazardous submerged objects,False,expert Group on environmental risks of hazardous submerged objects,expert Group on environmental risks of hazardous submerged objects,Government / Public Administration
f2b5cee3-b796-447a-9b56-dd1f89c4d61f,NATO STO AVT 330 Group On,NATO STO AVT 330 Group On,nato sto avt 330 group on,False,NATO sto AVT 330 Group on,NATO sto AVT 330 Group on,International Organization / EU
f2c73334-bb71-41f5-845e-383493c99883,Kwartalniku Filmowym,Kwartalniku Filmowym,kwartalniku filmowym,False,kwartalnik filmowy,kwartalnik filmowy,Cultural Institution / Arts
f2ef14cd-d2db-448f-9200-0874278ab88f,Wydawnictwo,Wydawnictwo,wydawnictwo,False,wydawnictwo,wydawnictwo,Media / Publishing
f2f9cb9d-6eba-477d-bf3c-bef7fadccb60,Miejski Ośrodek Pomocy Rodzinie,Miejski Ośrodek Pomocy Rodzinie,miejski ośrodek pomocy rodzinie,False,miejski ośrodek pomoc rodzinie,miejski ośrodek pomoc rodzinie,NGO / Association / Foundation
f3c59219-75d2-4131-a351-29d04ec783e6,Komisji „Functional Food Science in Europe,Komisji „Functional Food Science in Europe,komisji „functional food science in europe,False,komisja „ functional food science inny europe,komisja „ functional food science inny europe,Government / Public Administration
f46cd185-fd00-44e3-bfe5-de894fbd2d2b,Państwa,Państwa,państwa,False,państwo,państwo,Government / Public Administration
f46cd185-fd00-44e3-bfe5-de894fbd2d2b,"Ministra Rozwoju, Pracy i Technologii RP","Ministra Rozwoju, Pracy i Technologii RP","ministra rozwoju, pracy i technologii rp",False,"minister rozwój , praca i technologia RP","minister rozwój , praca i technologia RP",Government / Public Administration
f46cd185-fd00-44e3-bfe5-de894fbd2d2b,Ministra Spraw Zagranicznych RP,Ministra Spraw Zagranicznych RP,ministra spraw zagranicznych rp,False,minister sprawa zagraniczny RP,minister sprawa zagraniczny RP,Government / Public Administration
f5052f3d-4854-413b-a850-9a321c949fde,Centrum Onkologii,Centrum Onkologii,centrum onkologii,False,centrum onkologii,centrum onkologii,Health / Hospitals / Medical
f58f697a-c79d-4760-81ea-727ab9006eba,Podkarpackie Centrum Usług Dydaktycznych,Podkarpackie Centrum Usług Dydaktycznych,podkarpackie centrum usług dydaktycznych,False,podkarpackie centrum usługa dydaktyczny,podkarpackie centrum usługa dydaktyczny,Government / Public Administration
f625714a-3f1e-493e-ad1c-114124ecdd13,Biblioteka Publiczna w,Biblioteka Publiczna w,biblioteka publiczna w,False,biblioteka publiczna w,biblioteka publiczna w,Education (non-university)
f625714a-3f1e-493e-ad1c-114124ecdd13,Miejska Biblioteka Publiczna im. Papuszy,Miejska Biblioteka Publiczna im. Papuszy,miejska biblioteka publiczna im. papuszy,False,miejska biblioteka publiczna on . papuszy,miejska biblioteka publiczna on . papuszy,Education (non-university)
f625714a-3f1e-493e-ad1c-114124ecdd13,Biblioteka w,Biblioteka w,biblioteka w,False,biblioteka w,biblioteka w,Education (non-university)
f625714a-3f1e-493e-ad1c-114124ecdd13,Miejskiej Biblioteki Publicznej im. Adama As,Miejskiej Biblioteki Publicznej im. Adama As,miejskiej biblioteki publicznej im. adama as,False,miejski biblioteka publiczna on . Adam as,miejski biblioteka publiczna on . Adam as,Education (non-university)
f6adaf73-f77d-4c34-98d5-e1c090c83d1c,Polskiego Radi,Polskiego Radi,polskiego radi,False,polski radi,polski radi,Media / Publishing
f6bf9f82-11f4-4885-9ca4-0e27f167d89e,BiMarco Sp. z o.o,BiMarco Sp. z o.o,bimarco sp. z o.o,False,bimarco Sp . z ograniczona_odpowiedzialność,bimarco Sp . z o.o.,Company / Business
f71e7b55-529a-4d16-94f1-94553445e1c8,Grupa Azoty Compounding Sp. z o. o,Grupa Azoty Compounding Sp. z o. o,grupa azoty compounding sp. z o. o,False,grupa azoty compounding Sp . z o . o,grupa azoty compounding Sp . z o . o,Company / Business
f73600ed-31fc-46cc-a09b-04e2c34e45cd,pólnego Zdrowia,pólnego Zdrowia,pólnego zdrowia,False,pólny zdrowie,pólny zdrowie,Health / Hospitals / Medical
f79794a8-f98d-4f0f-aae4-024501b25071,Komisji Wspólnej Rządu,Komisji Wspólnej Rządu,komisji wspólnej rządu,False,komisja wspólny rząd,komisja wspólny rząd,Government / Public Administration
f79794a8-f98d-4f0f-aae4-024501b25071,Samorządu Terytorialnego,Samorządu Terytorialnego,samorządu terytorialnego,False,samorządu terytorialny,samorządu terytorialny,Government / Public Administration
f8f43bec-fb8c-45be-9844-fd0ff984e861,Ośrodek Kształcenia Podyplomowego Pielęgniarek i Położnych,Ośrodek Kształcenia Podyplomowego Pielęgniarek i Położnych,ośrodek kształcenia podyplomowego pielęgniarek i położnych,False,ośrodek kształcenie podyplomowy pielęgniarka i położna,ośrodek kształcenie podyplomowy pielęgniarka i położna,Education (non-university)
f900c8c1-3c83-4407-990c-695b92612483,Zdrowia,Zdrowia,zdrowia,False,zdrowie,zdrowie,Health / Hospitals / Medical
f90c9611-eaab-4d00-9307-5a1bf2c77ab5,Celma Indukta S.A. Cantoni Group,Celma Indukta S.A. Cantoni Group,celma indukta s.a. cantoni group,False,celma indukta S .a . cantoni Group,celma indukta S .a . cantoni Group,Company / Business
f9ec9759-6af4-41c1-af26-7ccafb0d8ae0,u Muzyki Zielonogórskiego Stowarzyszenia Jazzowego,u Muzyki Zielonogórskiego Stowarzyszenia Jazzowego,u muzyki zielonogórskiego stowarzyszenia jazzowego,False,u muzyka zielonogórski stowarzyszenie jazzowy,u muzyka zielonogórski stowarzyszenie jazzowy,NGO / Association / Foundation
fa47a76d-4123-4440-82b6-3c951fcde28a,Polskiego Radi,Polskiego Radi,polskiego radi,False,polski radi,polski radi,Media / Publishing
fa47a76d-4123-4440-82b6-3c951fcde28a,Radi,Radi,radi,False,radi,radi,Media / Publishing
fa5724e2-4cb6-4650-9eec-790c7446046d,Minister,Minister,minister,False,minister,minister,Government / Public Administration
fbbf5678-c4da-44ac-a9a1-d0de6f00675d,Urzęd,Urzęd,urzęd,False,urzęd,urzęd,Government / Public Administration
fbbf5678-c4da-44ac-a9a1-d0de6f00675d,em Marszałkowskim Województwa Podlaskiego,em Marszałkowskim Województwa Podlaskiego,em marszałkowskim województwa podlaskiego,False,być marszałkowski województwo podlaski,być marszałkowski województwo podlaski,Government / Public Administration
fbbf5678-c4da-44ac-a9a1-d0de6f00675d,Państwo,Państwo,państwo,False,państwo,państwo,Government / Public Administration
fbdd8089-2a2b-40f9-8c29-0e682270f6f6,Sekret Mumio Sp. z o.o.,Sekret Mumio Sp. z o.o.,sekret mumio sp. z o.o.,False,sekret mumio Sp . z ograniczona_odpowiedzialność .,sekret mumio Sp . z o.o.,Company / Business
fbdd8089-2a2b-40f9-8c29-0e682270f6f6,Copernico Health,Copernico Health,copernico health,False,copernico health,copernico health,Health / Hospitals / Medical
fc178b58-426b-4bb2-a4f5-0cc7a060b8db,Dolnośląskie Centrum Onkologii,Dolnośląskie Centrum Onkologii,dolnośląskie centrum onkologii,False,dolnośląskie centrum onkologii,dolnośląskie centrum onkologii,Health / Hospitals / Medical
fc89659a-5765-468b-b04f-b0cafab2cb6a,Galeri,Galeri,galeri,False,galeri,galeri,Cultural Institution / Arts
fc89659a-5765-468b-b04f-b0cafab2cb6a,Sztuki Średniowiecznej,Sztuki Średniowiecznej,sztuki średniowiecznej,False,sztuka średniowieczne,sztuka średniowieczne,Cultural Institution / Arts
fc89659a-5765-468b-b04f-b0cafab2cb6a,Galerii Sztuki Dawnej,Galerii Sztuki Dawnej,galerii sztuki dawnej,False,galeria sztuka dawno,galeria sztuka dawno,Cultural Institution / Arts
fc89659a-5765-468b-b04f-b0cafab2cb6a,Muzeum Narodowego,Muzeum Narodowego,muzeum narodowego,False,muzeum narodowy,muzeum narodowy,Government / Public Administration
fcb76816-6ae4-4d9e-921f-3eb8102873a2,Urzędu Miasta Poznania,Urzędu Miasta Poznania,urzędu miasta poznania,False,urząd miasto Poznań,urząd miasto Poznań,Government / Public Administration
fcb76816-6ae4-4d9e-921f-3eb8102873a2,Miasta Poznania,Miasta Poznania,miasta poznania,False,miasto Poznań,miasto Poznań,Government / Public Administration
fdc5917a-9984-46be-94fa-bd3f0cad3e2b,Biblioteka Kraków,Biblioteka Kraków,biblioteka kraków,False,biblioteka Kraków,biblioteka Kraków,Education (non-university)
ff725e09-d0d2-4eda-952a-dbf095274a72,Roztoczański Park Narodowy,Roztoczański Park Narodowy,roztoczański park narodowy,False,roztoczański park narodowy,roztoczański park narodowy,Government / Public Administration
ff9cee9c-b03b-49ca-b1f9-daa2baa05964,rząd Unii Europejskiej ds Własności Intelektualnej,rząd Unii Europejskiej ds Własności Intelektualnej,rząd unii europejskiej ds własności intelektualnej,False,rząd unia europejski do_spraw własność intelektualnaj,rząd unia europejski do_spraw własność intelektualnaj,Government / Public Administration
ffc4c9a0-1c54-4a02-9ad5-5a7b3746da9b,Urzędu Że,Urzędu Że,urzędu że,False,urząd że,urząd że,Government / Public Administration
ffe0c3a8-94f9-4bd0-b71b-ed143e2ec7f1,Ocean Acidification International Coordination Center,Ocean Acidification International Coordination Center,ocean acidification international coordination center,False,ocean acidification International coordination center,ocean acidification International coordination center,International Organization / EU
ffe0c3a8-94f9-4bd0-b71b-ed143e2ec7f1,École polytechnique fédérale de Lausanne,École polytechnique fédérale de Lausanne,école polytechnique fédérale de lausanne,False,École polytechnique fédérale de lausanne,École polytechnique fédérale de lausanne,International Organization / EU
